date,stadium_number,race_number,rank,bet_type,combination,amount,estimated_probability,hit,payout_per_100,return
2026-09-17,14,1,A,3連単,1-5-3,400,0.0896,0,,0
2026-09-17,14,1,A,3連単,1-3-5,400,0.0892,0,,0
2026-09-17,14,1,A,3連単,1-5-2,400,0.0887,0,,0
2026-09-17,14,1,A,3連単,1-2-5,300,0.0879,0,,0
2026-09-17,14,1,A,3連単,1-3-2,300,0.0873,0,,0
2026-09-17,14,1,A,2連単,1-5,400,0.2203,0,,0
2026-09-17,14,1,A,2連単,1-3,400,0.2179,0,,0
2026-09-17,14,1,A,2連単,1-2,400,0.2157,1,260,1040
2026-09-17,8,2,S,2連単,1-3,1600,0.332,0,,0
2026-09-17,8,2,S,2連単,1-2,1100,0.237,1,200,2200
2026-09-17,8,2,S,2連単,3-1,500,0.0978,0,,0
2026-09-17,8,2,S,2連単,1-5,400,0.0799,0,,0
2026-09-17,8,2,S,3連単,1-3-2,800,0.1928,0,,0
2026-09-17,8,2,S,3連単,1-2-3,600,0.1564,0,,0
2026-09-17,9,1,S,2連単,1-3,500,0.2091,0,,0
2026-09-17,9,1,S,2連単,1-2,500,0.1769,0,,0
2026-09-17,9,1,S,2連単,1-4,400,0.1715,0,,0
2026-09-17,9,1,S,2連単,1-5,200,0.0907,1,480,960
2026-09-17,9,1,S,2連単,3-1,200,0.0682,0,,0
2026-09-17,9,1,S,2連単,2-1,200,0.0569,0,,0
2026-09-17,9,1,S,3連単,1-3-2,500,0.075,0,,0
2026-09-17,9,1,S,3連単,1-3-4,500,0.0727,0,,0
2026-09-17,9,1,S,3連単,1-2-3,400,0.0704,0,,0
2026-09-17,9,1,S,3連単,1-4-3,400,0.0675,0,,0
2026-09-17,9,1,S,3連単,1-2-4,400,0.0577,0,,0
2026-09-17,9,1,S,3連単,1-4-2,400,0.0571,0,,0
2026-09-17,9,1,S,3連単,1-3-5,200,0.0384,0,,0
2026-09-17,9,1,S,3連単,1-5-3,200,0.031,0,,0
2026-09-17,8,1,A,3連単,1-3-4,400,0.1124,0,,0
2026-09-17,8,1,A,3連単,1-4-3,400,0.1024,0,,0
2026-09-17,8,1,A,3連単,1-3-2,400,0.0884,0,,0
2026-09-17,8,1,A,3連単,1-2-3,300,0.074,0,,0
2026-09-17,8,1,A,3連単,1-4-2,300,0.0661,1,1230,3690
2026-09-17,8,1,A,2連単,1-3,500,0.2501,0,,0
2026-09-17,8,1,A,2連単,1-4,400,0.2053,1,490,1960
2026-09-17,8,1,A,2連単,1-2,300,0.1614,0,,0
2026-09-17,16,1,S,2連単,1-3,900,0.2357,0,,0
2026-09-17,16,1,S,2連単,1-2,800,0.2256,0,,0
2026-09-17,16,1,S,2連単,1-4,500,0.1338,0,,0
2026-09-17,16,1,S,2連単,3-1,300,0.0781,0,,0
2026-09-17,16,1,S,3連単,1-3-2,800,0.1141,0,,0
2026-09-17,16,1,S,3連単,1-2-3,800,0.1117,0,,0
2026-09-17,16,1,S,3連単,1-3-4,500,0.0677,0,,0
2026-09-17,16,1,S,3連単,1-2-4,400,0.0634,0,,0
2026-09-17,8,5,S,2連単,1-2,1100,0.286,1,170,1870
2026-09-17,8,5,S,2連単,1-4,600,0.17,0,,0
2026-09-17,8,5,S,2連単,1-6,500,0.1344,0,,0
2026-09-17,8,5,S,2連単,2-1,300,0.0919,0,,0
2026-09-17,8,5,S,3連単,1-2-4,800,0.1133,0,,0
2026-09-17,8,5,S,3連単,1-2-6,600,0.0895,1,490,2940
2026-09-17,8,5,S,3連単,1-4-2,600,0.0892,0,,0
2026-09-17,8,5,S,3連単,1-6-2,500,0.0662,0,,0
2026-09-17,11,6,A,3連単,1-5-4,400,0.095,0,,0
2026-09-17,11,6,A,3連単,1-4-5,400,0.0846,0,,0
2026-09-17,11,6,A,3連単,1-5-2,400,0.0811,0,,0
2026-09-17,11,6,A,3連単,1-2-5,300,0.0687,0,,0
2026-09-17,11,6,A,3連単,1-5-3,300,0.0567,0,,0
2026-09-17,11,6,A,2連単,1-5,500,0.2384,0,,0
2026-09-17,11,6,A,2連単,1-4,400,0.1824,0,,0
2026-09-17,11,6,A,2連単,1-2,300,0.1558,1,640,1920
2026-09-17,23,1,A,3連単,1-2-4,600,0.1495,0,,0
2026-09-17,23,1,A,3連単,1-2-3,500,0.1236,0,,0
2026-09-17,23,1,A,3連単,1-4-2,400,0.0973,0,,0
2026-09-17,23,1,A,3連単,1-3-2,300,0.0768,0,,0
2026-09-17,23,1,A,3連単,1-2-6,200,0.0495,0,,0
2026-09-17,23,1,A,2連単,1-2,700,0.3551,0,,0
2026-09-17,23,1,A,2連単,1-4,300,0.1562,1,260,780
2026-09-19,17,1,A,3連単,1-3-2,400,0.1012,1,910,3640
2026-09-19,17,1,A,3連単,1-2-3,400,0.0947,0,,0
2026-09-19,17,1,A,3連単,1-3-4,300,0.0736,0,,0
2026-09-19,17,1,A,3連単,1-3-5,300,0.0671,0,,0
2026-09-19,17,1,A,3連単,1-4-3,300,0.0626,0,,0
2026-09-19,17,1,A,2連単,1-3,500,0.2532,1,290,1450
2026-09-19,17,1,A,2連単,1-2,500,0.2164,0,,0
2026-09-19,17,1,A,2連単,1-4,300,0.1575,0,,0
2026-09-19,2,7,A,3連単,1-4-3,400,0.1045,1,1640,6560
2026-09-19,2,7,A,3連単,1-3-4,400,0.1002,0,,0
2026-09-19,2,7,A,3連単,1-4-2,400,0.0829,0,,0
2026-09-19,2,7,A,3連単,1-2-4,300,0.0733,0,,0
2026-09-19,2,7,A,3連単,1-3-2,300,0.0723,0,,0
2026-09-19,2,7,A,2連単,1-4,500,0.2451,1,390,1950
2026-09-19,2,7,A,2連単,1-3,400,0.2229,0,,0
2026-09-19,2,7,A,2連単,1-2,300,0.1769,0,,0
2026-09-19,16,1,A,3連単,1-3-2,500,0.097,1,1180,5900
2026-09-19,16,1,A,3連単,1-2-3,500,0.0967,0,,0
2026-09-19,16,1,A,3連単,1-3-4,400,0.0707,0,,0
2026-09-19,16,1,A,3連単,1-2-4,300,0.07,0,,0
2026-09-19,16,1,A,2連単,1-3,400,0.2243,1,270,1080
2026-09-19,16,1,A,2連単,1-2,400,0.2229,0,,0
2026-09-19,16,1,A,2連単,1-4,300,0.1623,0,,0
2026-09-19,16,1,A,2連単,1-5,200,0.0734,0,,0
2026-09-19,12,1,S,2連単,1-2,900,0.2574,1,170,1530
2026-09-19,12,1,S,2連単,1-4,600,0.1914,0,,0
2026-09-19,12,1,S,2連単,1-5,400,0.1294,0,,0
2026-09-19,12,1,S,2連単,1-3,400,0.1257,0,,0
2026-09-19,12,1,S,3連単,1-2-4,800,0.1023,0,,0
2026-09-19,12,1,S,3連単,1-4-2,700,0.09,0,,0
2026-09-19,12,1,S,3連単,1-2-5,600,0.0691,0,,0
2026-09-19,12,1,S,3連単,1-2-3,600,0.0672,1,890,5340
2026-09-23,17,7,A,3連単,1-3-2,400,0.1082,0,,0
2026-09-23,17,7,A,3連単,1-3-4,400,0.0978,0,,0
2026-09-23,17,7,A,3連単,1-2-3,400,0.0923,0,,0
2026-09-23,17,7,A,3連単,1-4-3,300,0.0808,0,,0
2026-09-23,17,7,A,3連単,1-3-5,300,0.0628,0,,0
2026-09-23,17,7,A,2連単,1-3,500,0.283,0,,0
2026-09-23,17,7,A,2連単,1-2,400,0.1951,0,,0
2026-09-23,17,7,A,2連単,1-4,300,0.1763,0,,0
2026-09-23,17,3,A,3連単,1-2-3,600,0.1504,0,,0
2026-09-23,17,3,A,3連単,1-3-2,600,0.1475,0,,0
2026-09-23,17,3,A,3連単,1-2-5,200,0.0552,1,730,1460
2026-09-23,17,3,A,3連単,1-3-5,200,0.0522,0,,0
2026-09-23,17,3,A,3連単,1-5-2,200,0.0406,0,,0
2026-09-23,17,3,A,2連単,1-2,500,0.281,1,170,850
2026-09-23,17,3,A,2連単,1-3,500,0.271,0,,0
2026-09-23,17,3,A,2連単,1-5,200,0.0995,0,,0
2026-09-23,17,8,S,2連単,1-3,1600,0.3343,0,,0
2026-09-23,17,8,S,2連単,1-2,1400,0.3036,1,200,2800
2026-09-23,17,8,S,2連単,3-1,400,0.0857,0,,0
2026-09-23,17,8,S,2連単,2-1,400,0.077,0,,0
2026-09-23,17,8,S,3連単,1-3-2,600,0.2333,0,,0
2026-09-23,17,8,S,3連単,1-2-3,600,0.2179,1,220,1320
2026-09-23,17,6,A,3連単,1-6-2,400,0.0789,0,,0
2026-09-23,17,6,A,3連単,1-2-6,300,0.0774,0,,0
2026-09-23,17,6,A,3連単,1-6-4,300,0.0675,0,,0
2026-09-23,17,6,A,3連単,1-4-6,300,0.0629,0,,0
2026-09-23,17,6,A,3連単,1-2-4,300,0.0629,1,1630,4890
2026-09-23,17,6,A,2連単,1-6,400,0.2135,0,,0
2026-09-23,17,6,A,2連単,1-2,400,0.2029,1,360,1440
2026-09-23,17,6,A,2連単,1-4,300,0.1737,0,,0
2026-09-23,17,6,A,2連単,1-3,300,0.1325,0,,0
2026-09-23,22,1,S,2連単,1-3,1000,0.2691,0,,0
2026-09-23,22,1,S,2連単,1-2,800,0.236,1,300,2400
2026-09-23,22,1,S,2連単,1-5,400,0.1234,0,,0
2026-09-23,22,1,S,2連単,1-4,400,0.1167,0,,0
2026-09-23,22,1,S,2連単,3-1,300,0.0703,0,,0
2026-09-23,22,1,S,3連単,1-3-2,900,0.1291,0,,0
2026-09-23,22,1,S,3連単,1-2-3,800,0.121,1,340,2720
2026-09-23,22,1,S,3連単,1-3-5,400,0.0675,0,,0
2026-09-23,10,3,S,2連単,1-3,1500,0.3688,0,,0
2026-09-23,10,3,S,2連単,1-2,500,0.1177,1,700,3500
2026-09-23,10,3,S,2連単,1-4,500,0.1157,0,,0
2026-09-23,10,3,S,2連単,3-1,500,0.1093,0,,0
2026-09-23,10,3,S,3連単,1-3-2,800,0.1164,0,,0
2026-09-23,10,3,S,3連単,1-3-4,700,0.1144,0,,0
2026-09-23,10,3,S,3連単,1-3-5,500,0.0789,0,,0
2026-09-23,2,8,A,3連単,1-3-2,800,0.2021,0,,0
2026-09-23,2,8,A,3連単,1-2-3,500,0.1312,0,,0
2026-09-23,2,8,A,3連単,1-3-4,400,0.0946,0,,0
2026-09-23,2,8,A,3連単,3-1-2,300,0.0639,0,,0
2026-09-23,2,8,A,3連単,1-3-5,200,0.0634,0,,0
2026-09-23,2,8,A,2連単,1-3,500,0.3774,0,,0
2026-09-23,2,8,A,2連単,1-2,300,0.1879,0,,0
2026-09-23,8,1,S,2連単,1-2,800,0.2454,0,,0
2026-09-23,8,1,S,2連単,1-3,600,0.1848,0,,0
2026-09-23,8,1,S,2連単,1-4,500,0.1519,0,,0
2026-09-23,8,1,S,2連単,1-5,300,0.0864,1,1860,5580
2026-09-23,8,1,S,3連単,1-2-3,700,0.0959,0,,0
2026-09-23,8,1,S,3連単,1-3-2,600,0.085,0,,0
2026-09-23,8,1,S,3連単,1-2-4,600,0.0789,0,,0
2026-09-23,8,1,S,3連単,1-4-2,500,0.0658,0,,0
2026-09-23,8,1,S,3連単,1-3-4,400,0.0526,0,,0
2026-09-23,17,2,A,3連単,1-2-3,800,0.1889,1,440,3520
2026-09-23,17,2,A,3連単,1-3-2,400,0.1129,0,,0
2026-09-23,17,2,A,3連単,1-2-5,400,0.0992,0,,0
2026-09-23,17,2,A,3連単,1-2-4,300,0.0732,0,,0
2026-09-23,17,2,A,3連単,2-1-3,300,0.0642,0,,0
2026-09-23,17,2,A,2連単,1-2,600,0.3836,1,280,1680
2026-09-23,17,2,A,2連単,1-3,200,0.1621,0,,0
2026-09-23,9,1,S,2連単,1-2,800,0.235,0,,0
2026-09-23,9,1,S,2連単,1-4,600,0.1871,0,,0
2026-09-23,9,1,S,2連単,1-3,400,0.1362,0,,0
2026-09-23,9,1,S,2連単,1-5,400,0.1133,1,970,3880
2026-09-23,9,1,S,3連単,1-2-4,700,0.093,0,,0
2026-09-23,9,1,S,3連単,1-4-2,700,0.0844,0,,0
2026-09-23,9,1,S,3連単,1-2-3,500,0.0677,0,,0
2026-09-23,9,1,S,3連単,1-2-5,500,0.0563,0,,0
2026-09-23,9,1,S,3連単,1-3-2,400,0.056,0,,0
2026-09-24,2,7,A,3連単,1-2-4,400,0.1154,0,,0
2026-09-24,2,7,A,3連単,1-4-2,400,0.0968,0,,0
2026-09-24,2,7,A,3連単,1-2-3,400,0.0939,0,,0
2026-09-24,2,7,A,3連単,1-3-2,300,0.0742,0,,0
2026-09-24,2,7,A,3連単,1-2-5,300,0.0707,0,,0
2026-09-24,2,7,A,2連単,1-2,500,0.2904,0,,0
2026-09-24,2,7,A,2連単,1-4,400,0.1958,0,,0
2026-09-24,2,7,A,2連単,1-3,300,0.1593,0,,0
2026-09-24,1,12,A,3連単,1-2-4,400,0.0948,1,860,3440
2026-09-24,1,12,A,3連単,1-2-3,400,0.0904,0,,0
2026-09-24,1,12,A,3連単,1-4-2,400,0.0881,0,,0
2026-09-24,1,12,A,3連単,1-3-2,300,0.0826,0,,0
2026-09-24,1,12,A,3連単,1-4-3,300,0.0703,0,,0
2026-09-24,1,12,A,2連単,1-2,400,0.2442,1,350,1400
2026-09-24,1,12,A,2連単,1-4,400,0.2042,0,,0
2026-09-24,1,12,A,2連単,1-3,400,0.1948,0,,0
2026-09-24,8,1,S,2連単,1-3,800,0.2503,0,,0
2026-09-24,8,1,S,2連単,1-2,800,0.2366,0,,0
2026-09-24,8,1,S,2連単,1-5,500,0.153,0,,0
2026-09-24,8,1,S,2連単,1-4,300,0.0777,0,,0
2026-09-24,8,1,S,3連単,1-3-2,800,0.1141,0,,0
2026-09-24,8,1,S,3連単,1-2-3,800,0.1112,0,,0
2026-09-24,8,1,S,3連単,1-3-5,500,0.0738,0,,0
2026-09-24,8,1,S,3連単,1-2-5,500,0.068,0,,0
2026-09-24,10,1,S,2連単,1-2,900,0.2528,1,230,2070
2026-09-24,10,1,S,2連単,1-3,800,0.218,0,,0
2026-09-24,10,1,S,2連単,1-4,500,0.1407,0,,0
2026-09-24,10,1,S,2連単,1-5,400,0.1288,0,,0
2026-09-24,10,1,S,3連単,1-2-3,800,0.109,1,510,4080
2026-09-24,10,1,S,3連単,1-3-2,700,0.102,0,,0
2026-09-24,10,1,S,3連単,1-2-4,500,0.0704,0,,0
2026-09-24,10,1,S,3連単,1-2-5,400,0.0644,0,,0
2026-09-24,9,1,S,2連単,1-2,700,0.2153,1,250,1750
2026-09-24,9,1,S,2連単,1-3,700,0.214,0,,0
2026-09-24,9,1,S,2連単,1-4,700,0.1956,0,,0
2026-09-24,9,1,S,2連単,1-5,400,0.1121,0,,0
2026-09-24,9,1,S,3連単,1-2-3,700,0.085,0,,0
2026-09-24,9,1,S,3連単,1-3-2,600,0.0848,0,,0
2026-09-24,9,1,S,3連単,1-2-4,600,0.0777,1,540,3240
2026-09-24,9,1,S,3連単,1-3-4,600,0.0771,0,,0
2026-09-24,13,6,S,2連単,1-4,1000,0.2648,0,,0
2026-09-24,13,6,S,2連単,1-3,800,0.2016,0,,0
2026-09-24,13,6,S,2連単,1-2,700,0.1933,1,280,1960
2026-09-24,13,6,S,2連単,4-1,300,0.0733,0,,0
2026-09-24,13,6,S,3連単,1-4-3,600,0.1105,0,,0
2026-09-24,13,6,S,3連単,1-4-2,600,0.106,0,,0
2026-09-24,13,6,S,3連単,1-3-4,500,0.0977,0,,0
2026-09-24,13,6,S,3連単,1-2-4,500,0.0923,1,680,3400
2026-09-24,18,1,S,2連単,1-3,500,0.2094,0,,0
2026-09-24,18,1,S,2連単,1-2,400,0.1729,1,500,2000
2026-09-24,18,1,S,2連単,1-4,400,0.1706,0,,0
2026-09-24,18,1,S,2連単,1-5,300,0.1216,0,,0
2026-09-24,18,1,S,2連単,1-6,200,0.0692,0,,0
2026-09-24,18,1,S,2連単,3-1,200,0.0579,0,,0
2026-09-24,18,1,S,3連単,1-3-2,500,0.0678,0,,0
2026-09-24,18,1,S,3連単,1-3-4,500,0.0669,0,,0
2026-09-24,18,1,S,3連単,1-2-3,400,0.0634,0,,0
2026-09-24,18,1,S,3連単,1-4-3,400,0.0623,0,,0
2026-09-24,18,1,S,3連単,1-2-4,300,0.0517,0,,0
2026-09-24,18,1,S,3連単,1-4-2,300,0.0515,0,,0
2026-09-24,18,1,S,3連単,1-3-5,300,0.0477,0,,0
2026-09-24,18,1,S,3連単,1-5-3,300,0.041,0,,0
2026-09-24,6,8,S,2連単,1-4,1000,0.2459,0,,0
2026-09-24,6,8,S,2連単,1-2,800,0.211,0,,0
2026-09-24,6,8,S,2連単,1-3,700,0.1651,0,,0
2026-09-24,6,8,S,2連単,4-1,300,0.0794,0,,0
2026-09-24,6,8,S,3連単,1-4-2,700,0.112,0,,0
2026-09-24,6,8,S,3連単,1-2-4,600,0.1041,0,,0
2026-09-24,6,8,S,3連単,1-4-3,500,0.0876,0,,0
2026-09-24,6,8,S,3連単,1-3-4,400,0.0746,0,,0
2026-09-24,9,5,S,2連単,1-2,1300,0.3271,1,190,2470
2026-09-24,9,5,S,2連単,1-3,600,0.1445,0,,0
2026-09-24,9,5,S,2連単,1-4,500,0.1297,0,,0
2026-09-24,9,5,S,2連単,2-1,500,0.1104,0,,0
2026-09-24,9,5,S,2連単,1-5,400,0.0941,0,,0
2026-09-24,9,5,S,3連単,1-2-3,900,0.1241,1,480,4320
2026-09-24,9,5,S,3連単,1-2-4,800,0.1114,0,,0
2026-09-25,10,1,S,2連単,1-3,1600,0.3303,0,,0
2026-09-25,10,1,S,2連単,1-2,1200,0.2589,0,,0
2026-09-25,10,1,S,2連単,3-1,400,0.087,1,3210,12840
2026-09-25,10,1,S,2連単,1-5,400,0.0849,0,,0
2026-09-25,10,1,S,3連単,1-3-2,800,0.1974,0,,0
2026-09-25,10,1,S,3連単,1-2-3,600,0.1695,0,,0
2026-09-25,21,5,S,2連単,1-4,700,0.2801,0,,0
2026-09-25,21,5,S,2連単,1-5,500,0.1732,0,,0
2026-09-25,21,5,S,2連単,1-2,300,0.1049,0,,0
2026-09-25,21,5,S,2連単,1-6,200,0.0945,0,,0
2026-09-25,21,5,S,2連単,1-3,200,0.0891,0,,0
2026-09-25,21,5,S,2連単,4-1,200,0.0801,1,1430,2860
2026-09-25,21,5,S,3連単,1-4-5,600,0.1051,0,,0
2026-09-25,21,5,S,3連単,1-5-4,500,0.0854,0,,0
2026-09-25,21,5,S,3連単,1-4-2,400,0.0636,0,,0
2026-09-25,21,5,S,3連単,1-4-6,300,0.0573,0,,0
2026-09-25,21,5,S,3連単,1-4-3,300,0.054,0,,0
2026-09-25,21,5,S,3連単,1-2-4,300,0.0461,0,,0
2026-09-25,21,5,S,3連単,1-6-4,300,0.0409,0,,0
2026-09-25,21,5,S,3連単,1-3-4,200,0.0382,0,,0
2026-09-25,8,1,A,3連単,1-4-2,600,0.1044,0,,0
2026-09-25,8,1,A,3連単,1-2-4,500,0.1021,0,,0
2026-09-25,8,1,A,3連単,1-4-5,300,0.0555,0,,0
2026-09-25,8,1,A,3連単,1-2-5,300,0.0517,0,,0
2026-09-25,8,1,A,2連単,1-4,500,0.2329,0,,0
2026-09-25,8,1,A,2連単,1-2,400,0.2219,1,190,760
2026-09-25,8,1,A,2連単,1-5,200,0.1179,0,,0
2026-09-25,8,1,A,2連単,1-3,200,0.1067,0,,0
2026-09-25,1,6,A,3連単,1-5-2,500,0.1217,1,920,4600
2026-09-25,1,6,A,3連単,1-5-3,400,0.1172,0,,0
2026-09-25,1,6,A,3連単,1-2-5,400,0.0972,0,,0
2026-09-25,1,6,A,3連単,1-3-5,400,0.0925,0,,0
2026-09-25,1,6,A,3連単,1-2-3,200,0.0586,0,,0
2026-09-25,1,6,A,2連単,1-5,500,0.2892,1,290,1450
2026-09-25,1,6,A,2連単,1-2,300,0.181,0,,0
2026-09-25,1,6,A,2連単,1-3,300,0.1743,0,,0
2026-09-25,22,1,S,2連単,1-2,900,0.2487,1,240,2160
2026-09-25,22,1,S,2連単,1-5,600,0.1677,0,,0
2026-09-25,22,1,S,2連単,1-3,500,0.149,0,,0
2026-09-25,22,1,S,2連単,1-4,400,0.1172,0,,0
2026-09-25,22,1,S,3連単,1-2-5,800,0.0902,0,,0
2026-09-25,22,1,S,3連単,1-2-3,700,0.0801,0,,0
2026-09-25,22,1,S,3連単,1-5-2,600,0.0767,0,,0
2026-09-25,22,1,S,3連単,1-3-2,500,0.0659,0,,0
2026-09-25,9,1,A,3連単,1-3-4,500,0.1126,0,,0
2026-09-25,9,1,A,3連単,1-3-2,400,0.1123,1,560,2240
2026-09-25,9,1,A,3連単,1-4-3,400,0.0979,0,,0
2026-09-25,9,1,A,3連単,1-2-3,400,0.0975,0,,0
2026-09-25,9,1,A,3連単,1-4-2,300,0.0724,0,,0
2026-09-25,9,1,A,2連単,1-3,600,0.2613,1,240,1440
2026-09-25,9,1,A,2連単,1-4,400,0.1937,0,,0
