日付,場,レース番号,判定,賭け金,予想確率,オッズ,EV,結果,払戻金,累計収支
2026-09-19,17,1,対象,3000,0.0626,35.2,2.203,不的中,0,-3000
2026-09-19,16,1,見送り,0,,,,,,-3000
2026-09-19,2,7,見送り,0,,,,,,-3000
2026-09-19,12,1,見送り,0,,,,,,-3000
2026-09-20,10,1,見送り,0,,,,,,-3000
2026-09-20,14,1,見送り,0,,,,,,-3000
2026-09-20,23,3,見送り,0,,,,,,-3000
2026-09-20,23,5,見送り,0,,,,,,-3000
2026-09-20,17,1,見送り,0,,,,,,-3000
2026-09-20,16,1,見送り,0,,,,,,-3000
2026-09-20,14,7,見送り,0,,,,,,-3000
2026-09-20,23,8,見送り,0,,,,,,-3000
2026-09-20,12,1,対象,3000,0.029,96.5,2.798,不的中,0,-6000
2026-09-20,24,6,見送り,0,,,,,,-6000
2026-09-21,9,1,見送り,0,,,,,,-6000
2026-09-21,17,1,見送り,0,,,,,,-6000
2026-09-21,16,1,対象,3000,0.0405,62.5,2.531,不的中,0,-9000
2026-09-21,6,4,見送り,0,,,,,,-9000
2026-09-21,17,6,対象,3000,0.0506,54.9,2.78,不的中,0,-12000
2026-09-21,17,6,対象,3000,0.0539,40.7,2.194,不的中,0,-15000
2026-09-21,17,6,対象,3000,0.0429,46.9,2.014,的中,108000,90000
2026-09-21,13,7,見送り,0,,,,,,90000
2026-09-21,2,8,判定不能,0,,,,,,90000
2026-09-21,12,1,見送り,0,,,,,,90000
2026-09-21,15,7,見送り,0,,,,,,90000
2026-09-22,10,1,見送り,0,,,,,,90000
2026-09-22,9,1,判定不能,0,,,,,,90000
2026-09-22,8,1,見送り,0,,,,,,90000
2026-09-22,17,1,見送り,0,,,,,,90000
2026-09-22,16,1,見送り,0,,,,,,90000
2026-09-22,17,5,見送り,0,,,,,,90000
2026-09-22,6,4,見送り,0,,,,,,90000
2026-09-22,17,7,対象,3000,0.049,41.7,2.045,不的中,0,87000
2026-09-22,16,7,見送り,0,,,,,,87000
2026-09-22,17,8,対象,6000,0.0451,81.3,3.665,不的中,0,81000
2026-09-22,17,8,対象,3000,0.0426,57.9,2.469,不的中,0,78000
2026-09-22,2,8,見送り,0,,,,,,78000
2026-09-22,16,8,見送り,0,,,,,,78000
2026-09-22,1,6,見送り,0,,,,,,78000
2026-09-23,10,3,対象,3000,0.0345,64.0,2.209,不的中,0,75000
2026-09-23,10,3,対象,3000,0.0445,49.0,2.179,不的中,0,72000
2026-09-23,9,1,見送り,0,,,,,,72000
2026-09-23,8,1,見送り,0,,,,,,72000
2026-09-23,17,2,対象,6000,0.0371,90.2,3.344,不的中,0,66000
2026-09-23,17,2,対象,3000,0.0732,28.8,2.108,不的中,0,63000
2026-09-23,17,3,見送り,0,,,,,,63000
2026-09-23,22,1,見送り,0,,,,,,63000
2026-09-23,17,6,見送り,0,,,,,,63000
2026-09-23,17,7,見送り,0,,,,,,63000
2026-09-23,17,8,見送り,0,,,,,,63000
2026-09-23,2,8,対象,3000,0.0518,56.0,2.902,不的中,0,60000
2026-09-23,2,8,対象,3000,0.0639,40.0,2.557,不的中,0,57000
2026-09-24,10,1,見送り,0,,,,,,57000
2026-09-24,18,1,対象,6000,0.0515,75.0,3.861,不的中,0,51000
2026-09-24,18,1,対象,6000,0.0623,61.4,3.828,不的中,0,45000
2026-09-24,9,1,見送り,0,,,,,,45000
2026-09-24,8,1,対象,6000,0.0345,110.4,3.809,不的中,0,39000
2026-09-24,9,5,対象,6000,0.0419,100.2,4.197,不的中,0,33000
2026-09-24,9,5,対象,3000,0.0376,57.5,2.162,不的中,0,30000
2026-09-24,13,6,見送り,0,,,,,,30000
2026-09-24,2,7,対象,3000,0.05,49.4,2.47,不的中,0,27000
2026-09-24,2,7,対象,3000,0.0742,29.5,2.188,不的中,0,24000
2026-09-24,6,8,対象,6000,0.0331,146.3,4.843,不的中,0,18000
2026-09-24,1,12,対象,3000,0.0384,52.4,2.014,不的中,0,15000
2026-09-25,10,1,対象,6000,0.052,89.4,4.648,的中,536400,545400
2026-09-25,10,1,対象,3000,0.048,42.2,2.025,不的中,0,542400
2026-09-25,9,1,対象,3000,0.0363,62.1,2.256,不的中,0,539400
2026-09-25,21,5,対象,3000,0.054,54.8,2.961,不的中,0,536400
2026-09-25,21,5,対象,3000,0.0382,65.1,2.488,不的中,0,533400
2026-09-25,8,1,見送り,0,,,,,,533400
2026-09-25,22,1,対象,3000,0.0767,29.8,2.287,不的中,0,530400
2026-09-25,1,6,見送り,0,,,,,,530400
2026-09-26,21,1,見送り,0,,,,,,530400
2026-09-26,18,3,対象,6000,0.035,289.7,10.129,不的中,0,524400
2026-09-26,18,3,対象,3000,0.0787,33.4,2.629,不的中,0,521400
2026-09-26,18,3,対象,3000,0.1039,22.2,2.306,不的中,0,518400
2026-09-26,9,1,対象,6000,0.0513,89.4,4.585,不的中,0,512400
2026-09-26,9,1,対象,3000,0.0468,63.8,2.988,不的中,0,509400
2026-09-26,8,1,対象,6000,0.0371,105.4,3.915,不的中,0,503400
2026-09-26,3,1,見送り,0,,,,,,503400
2026-09-26,2,7,対象,3000,0.044,52.5,2.308,不的中,0,500400
2026-09-26,2,7,対象,3000,0.0375,60.4,2.264,不的中,0,497400
2026-09-26,15,1,対象,3000,0.0335,62.7,2.101,不的中,0,494400
2026-09-27,14,1,見送り,0,,,,,,494400
2026-09-27,21,4,対象,3000,0.033,75.7,2.501,不的中,0,491400
2026-09-27,21,4,対象,3000,0.0458,49.4,2.264,不的中,0,488400
2026-09-27,21,5,見送り,0,,,,,,488400
2026-09-27,9,1,見送り,0,,,,,,488400
2026-09-27,8,1,見送り,0,,,,,,488400
2026-09-27,2,1,対象,6000,0.0487,87.5,4.259,不的中,0,482400
2026-09-27,2,1,対象,3000,0.0601,39.8,2.393,不的中,0,479400
2026-09-27,2,1,対象,3000,0.045,45.4,2.043,不的中,0,476400
2026-09-27,13,6,対象,6000,0.0395,107.0,4.226,不的中,0,470400
2026-09-27,13,6,対象,3000,0.0377,53.9,2.032,不的中,0,467400
2026-09-27,2,7,見送り,0,,,,,,467400
2026-09-27,9,9,見送り,0,,,,,,467400
