date,stadium_number,race_number,target,combination,ev,amount,hit,payout_per_100,return
2026-09-22,17,1,0,,,0,0,,0
2026-09-22,8,1,1,4-1-2,2.733,3000,0,,0
2026-09-24,13,6,0,,,0,0,,0
2026-09-28,24,7,0,,,0,0,,0
2026-09-28,3,1,0,,,0,0,,0
2026-09-28,24,8,0,,,0,0,,0
2026-09-30,2,7,0,,,0,0,,0
2026-09-30,4,5,0,,,0,0,,0
2026-09-30,15,6,1,1-4-3,6.882,6000,0,,0
2026-09-30,15,6,1,1-3-4,4.273,6000,0,,0
2026-09-30,15,6,1,3-1-2,3.99,6000,0,,0
2026-09-30,24,5,1,2-1-3,4.568,6000,0,,0
2026-09-30,24,5,1,3-1-2,2.517,3000,0,,0
2026-09-30,3,1,1,1-4-2,2.766,3000,0,,0
2026-09-30,3,1,1,1-4-3,2.633,3000,0,,0
2026-09-30,9,5,0,,,0,0,,0
2026-09-30,2,9,1,2-1-4,3.591,6000,0,,0
