date,stadium_number,race_number,bet_type,combination,snapshot_odds,final_odds,diff_pct
2026-09-22,8,1,2連単,1-2,2.5,3.5,-28.6
2026-09-22,8,1,3連単,1-2-4,18.4,10.9,68.8
2026-09-22,8,1,3連複,1=2=4,10.7,6.4,67.2
2026-09-22,17,1,2連単,1-2,3.6,3.8,-5.3
2026-09-22,17,1,3連単,1-2-4,9.7,10.8,-10.2
2026-09-22,17,1,3連複,1=2=4,3.9,3.8,2.6
2026-09-24,13,6,2連単,1-2,4.9,2.8,75.0
2026-09-24,13,6,3連単,1-2-4,7.7,6.8,13.2
2026-09-24,13,6,3連複,1=2=4,3.4,2.5,36.0
2026-09-28,3,1,2連単,1-2,4.4,4.4,0.0
2026-09-28,3,1,3連単,1-2-6,16.5,16.5,0.0
2026-09-28,3,1,3連複,1=2=6,7.7,7.7,0.0
2026-09-28,24,7,2連単,1-2,2.0,1.9,5.3
2026-09-28,24,7,3連単,1-2-4,6.3,4.8,31.2
2026-09-28,24,7,3連複,1=2=4,3.8,3.1,22.6
2026-09-28,24,8,2連単,3-1,11.1,6.9,60.9
2026-09-28,24,8,3連単,3-1-2,25.6,30.0,-14.7
2026-09-28,24,8,3連複,1=2=3,2.4,2.3,4.3
2026-09-29,4,5,2連単,1-3,4.6,4.9,-6.1
2026-09-29,4,5,3連単,1-3-4,24.0,20.8,15.4
2026-09-29,4,5,3連複,1=3=4,10.5,6.9,52.2
2026-09-29,13,7,2連単,1-4,6.5,5.0,30.0
2026-09-29,13,7,3連単,1-4-5,9.5,9.8,-3.1
2026-09-29,13,7,3連複,1=4=5,3.7,3.4,8.8
2026-09-29,14,1,2連単,1-3,3.5,2.7,29.6
2026-09-29,14,1,3連単,1-3-4,14.3,11.5,24.3
2026-09-29,14,1,3連複,1=3=4,8.4,6.5,29.2
2026-09-29,15,7,2連単,1-3,2.0,2.1,-4.8
2026-09-29,15,7,3連単,1-3-5,9.5,7.5,26.7
2026-09-29,15,7,3連複,1=3=5,7.7,5.6,37.5
2026-09-29,21,4,2連単,1-4,2.2,1.9,15.8
2026-09-29,21,4,3連単,1-4-2,20.3,19.2,5.7
2026-09-29,21,4,3連複,1=2=4,14.0,6.9,102.9
