date,stadium_number,race_number,outcome,detail
2025-05-01,2,6,確認: 不成立,データ無しが正しい(対応不要)
2025-05-09,18,11,確認: レース中止,データ無しが正しい(対応不要)
2025-05-09,18,12,確認: レース中止,データ無しが正しい(対応不要)
2025-05-09,23,10,確認: レース中止,データ無しが正しい(対応不要)
2025-05-09,23,11,確認: レース中止,データ無しが正しい(対応不要)
2025-05-09,23,12,確認: レース中止,データ無しが正しい(対応不要)
2025-05-14,16,12,補完,win_boat=3
2025-05-15,17,1,補完,win_boat=4
2025-05-18,16,10,補完,win_boat=5
2025-05-19,5,7,補完,win_boat=4
2025-05-20,3,2,確認: レース中止,データ無しが正しい(対応不要)
2025-05-20,3,3,確認: レース中止,データ無しが正しい(対応不要)
2025-05-20,3,4,確認: レース中止,データ無しが正しい(対応不要)
2025-05-20,3,5,確認: レース中止,データ無しが正しい(対応不要)
2025-05-20,3,6,確認: レース中止,データ無しが正しい(対応不要)
2025-05-20,3,7,確認: レース中止,データ無しが正しい(対応不要)
2025-05-20,3,8,確認: レース中止,データ無しが正しい(対応不要)
2025-05-20,3,9,確認: レース中止,データ無しが正しい(対応不要)
2025-05-20,3,10,確認: レース中止,データ無しが正しい(対応不要)
2025-05-20,3,11,確認: レース中止,データ無しが正しい(対応不要)
2025-05-20,3,12,確認: レース中止,データ無しが正しい(対応不要)
2025-05-21,11,4,補完,win_boat=5
2025-06-05,3,9,確認: レース中止,データ無しが正しい(対応不要)
2025-06-05,3,10,確認: レース中止,データ無しが正しい(対応不要)
2025-06-05,3,11,確認: レース中止,データ無しが正しい(対応不要)
2025-06-05,3,12,確認: レース中止,データ無しが正しい(対応不要)
2025-06-06,3,9,確認: レース中止,データ無しが正しい(対応不要)
2025-06-06,3,10,確認: レース中止,データ無しが正しい(対応不要)
2025-06-06,3,11,確認: レース中止,データ無しが正しい(対応不要)
2025-06-06,3,12,確認: レース中止,データ無しが正しい(対応不要)
2025-06-07,3,11,確認: レース中止,データ無しが正しい(対応不要)
2025-06-07,3,12,確認: レース中止,データ無しが正しい(対応不要)
2025-06-10,22,2,補完,win_boat=6
2025-06-16,23,8,確認: レース中止,データ無しが正しい(対応不要)
2025-06-16,23,9,確認: レース中止,データ無しが正しい(対応不要)
2025-06-16,23,10,確認: レース中止,データ無しが正しい(対応不要)
2025-06-16,23,11,確認: レース中止,データ無しが正しい(対応不要)
2025-06-16,23,12,確認: レース中止,データ無しが正しい(対応不要)
2025-06-21,3,11,確認: レース中止,データ無しが正しい(対応不要)
2025-06-21,3,12,確認: レース中止,データ無しが正しい(対応不要)
2025-06-23,3,8,確認: レース中止,データ無しが正しい(対応不要)
2025-06-23,3,9,確認: レース中止,データ無しが正しい(対応不要)
2025-06-23,3,10,確認: レース中止,データ無しが正しい(対応不要)
2025-06-23,3,11,確認: レース中止,データ無しが正しい(対応不要)
2025-06-23,3,12,確認: レース中止,データ無しが正しい(対応不要)
2025-06-28,6,7,補完,win_boat=6
2025-07-05,4,5,確認: 不成立,データ無しが正しい(対応不要)
2025-07-16,10,12,確認: レース中止,データ無しが正しい(対応不要)
2025-07-19,1,12,確認: 不成立,データ無しが正しい(対応不要)
2025-07-20,3,11,確認: レース中止,データ無しが正しい(対応不要)
2025-07-20,3,12,確認: レース中止,データ無しが正しい(対応不要)
2025-07-26,20,7,確認: レース中止,データ無しが正しい(対応不要)
2025-07-26,20,8,確認: レース中止,データ無しが正しい(対応不要)
2025-07-26,20,9,確認: レース中止,データ無しが正しい(対応不要)
2025-07-26,20,10,確認: レース中止,データ無しが正しい(対応不要)
2025-07-26,20,11,確認: レース中止,データ無しが正しい(対応不要)
2025-07-26,20,12,確認: レース中止,データ無しが正しい(対応不要)
2025-07-30,14,7,確認: レース中止,データ無しが正しい(対応不要)
2025-07-30,14,8,確認: レース中止,データ無しが正しい(対応不要)
2025-07-30,14,9,確認: レース中止,データ無しが正しい(対応不要)
2025-07-30,14,10,確認: レース中止,データ無しが正しい(対応不要)
2025-07-30,14,11,確認: レース中止,データ無しが正しい(対応不要)
2025-07-30,14,12,確認: レース中止,データ無しが正しい(対応不要)
2025-08-04,3,10,確認: レース中止,データ無しが正しい(対応不要)
2025-08-04,3,11,確認: レース中止,データ無しが正しい(対応不要)
2025-08-04,3,12,確認: レース中止,データ無しが正しい(対応不要)
2025-08-10,21,9,確認: レース中止,データ無しが正しい(対応不要)
2025-08-10,21,10,確認: レース中止,データ無しが正しい(対応不要)
2025-08-10,21,11,確認: レース中止,データ無しが正しい(対応不要)
2025-08-10,21,12,確認: レース中止,データ無しが正しい(対応不要)
2025-08-16,24,12,補完,win_boat=3
2025-08-17,3,8,確認: レース中止,データ無しが正しい(対応不要)
2025-08-17,3,9,確認: レース中止,データ無しが正しい(対応不要)
2025-08-17,3,10,確認: レース中止,データ無しが正しい(対応不要)
2025-08-17,3,11,確認: レース中止,データ無しが正しい(対応不要)
2025-08-17,3,12,確認: レース中止,データ無しが正しい(対応不要)
2025-08-27,11,10,確認: レース中止,データ無しが正しい(対応不要)
2025-08-27,11,11,確認: レース中止,データ無しが正しい(対応不要)
2025-08-27,11,12,確認: レース中止,データ無しが正しい(対応不要)
2025-08-28,2,8,補完,win_boat=6
2025-09-01,22,1,補完,win_boat=6
2025-09-24,20,1,補完,win_boat=5
2025-09-26,17,7,補完,win_boat=4
2025-10-06,3,8,確認: レース中止,データ無しが正しい(対応不要)
2025-10-06,3,9,確認: レース中止,データ無しが正しい(対応不要)
2025-10-06,3,10,確認: レース中止,データ無しが正しい(対応不要)
2025-10-06,3,11,確認: レース中止,データ無しが正しい(対応不要)
2025-10-06,3,12,確認: レース中止,データ無しが正しい(対応不要)
2025-10-19,15,3,確認: 不成立,データ無しが正しい(対応不要)
2025-10-19,22,10,補完,win_boat=3
2025-10-20,10,7,確認: レース中止,データ無しが正しい(対応不要)
2025-10-20,10,8,確認: レース中止,データ無しが正しい(対応不要)
2025-10-20,10,9,確認: レース中止,データ無しが正しい(対応不要)
2025-10-20,10,10,確認: レース中止,データ無しが正しい(対応不要)
2025-10-20,10,11,確認: レース中止,データ無しが正しい(対応不要)
2025-10-20,10,12,確認: レース中止,データ無しが正しい(対応不要)
2025-10-22,22,10,補完,win_boat=5
2025-10-29,17,5,補完,win_boat=5
2025-11-18,14,7,確認: レース中止,データ無しが正しい(対応不要)
2025-11-18,14,8,確認: レース中止,データ無しが正しい(対応不要)
2025-11-18,14,9,確認: レース中止,データ無しが正しい(対応不要)
2025-11-18,14,10,確認: レース中止,データ無しが正しい(対応不要)
2025-11-18,14,11,確認: レース中止,データ無しが正しい(対応不要)
2025-11-18,14,12,確認: レース中止,データ無しが正しい(対応不要)
2025-11-18,15,9,確認: レース中止,データ無しが正しい(対応不要)
2025-11-18,15,10,確認: レース中止,データ無しが正しい(対応不要)
2025-11-18,15,11,確認: レース中止,データ無しが正しい(対応不要)
2025-11-18,15,12,確認: レース中止,データ無しが正しい(対応不要)
2025-12-03,14,11,確認: レース中止,データ無しが正しい(対応不要)
2025-12-03,14,12,確認: レース中止,データ無しが正しい(対応不要)
2025-12-03,24,12,確認: 不成立,データ無しが正しい(対応不要)
2025-12-22,9,5,確認: 不成立,データ無しが正しい(対応不要)
2025-12-25,15,9,確認: レース中止,データ無しが正しい(対応不要)
2025-12-25,15,10,確認: レース中止,データ無しが正しい(対応不要)
2025-12-25,15,11,確認: レース中止,データ無しが正しい(対応不要)
2025-12-25,15,12,確認: レース中止,データ無しが正しい(対応不要)
2025-12-26,4,9,確認: レース中止,データ無しが正しい(対応不要)
2025-12-26,4,10,確認: レース中止,データ無しが正しい(対応不要)
2025-12-26,4,11,確認: レース中止,データ無しが正しい(対応不要)
2025-12-26,4,12,確認: レース中止,データ無しが正しい(対応不要)
2025-12-26,10,7,確認: レース中止,データ無しが正しい(対応不要)
2025-12-26,10,8,確認: レース中止,データ無しが正しい(対応不要)
2025-12-26,10,9,確認: レース中止,データ無しが正しい(対応不要)
2025-12-26,10,10,確認: レース中止,データ無しが正しい(対応不要)
2025-12-26,10,11,確認: レース中止,データ無しが正しい(対応不要)
2025-12-26,10,12,確認: レース中止,データ無しが正しい(対応不要)
2026-01-02,17,12,確認: レース中止,データ無しが正しい(対応不要)
2026-01-10,17,8,確認: レース中止,データ無しが正しい(対応不要)
2026-01-10,17,9,確認: レース中止,データ無しが正しい(対応不要)
2026-01-10,17,10,確認: レース中止,データ無しが正しい(対応不要)
2026-01-10,17,11,確認: レース中止,データ無しが正しい(対応不要)
2026-01-10,17,12,確認: レース中止,データ無しが正しい(対応不要)
2026-01-11,5,8,確認: レース中止,データ無しが正しい(対応不要)
2026-01-11,5,9,確認: レース中止,データ無しが正しい(対応不要)
2026-01-11,5,10,確認: レース中止,データ無しが正しい(対応不要)
2026-01-11,5,11,確認: レース中止,データ無しが正しい(対応不要)
2026-01-11,5,12,確認: レース中止,データ無しが正しい(対応不要)
2026-01-11,13,9,確認: レース中止,データ無しが正しい(対応不要)
2026-01-11,13,10,確認: レース中止,データ無しが正しい(対応不要)
2026-01-11,13,11,確認: レース中止,データ無しが正しい(対応不要)
2026-01-11,13,12,確認: レース中止,データ無しが正しい(対応不要)
2026-01-13,15,7,確認: レース中止,データ無しが正しい(対応不要)
2026-01-13,15,8,確認: レース中止,データ無しが正しい(対応不要)
2026-01-13,15,9,確認: レース中止,データ無しが正しい(対応不要)
2026-01-13,15,10,確認: レース中止,データ無しが正しい(対応不要)
2026-01-13,15,11,確認: レース中止,データ無しが正しい(対応不要)
2026-01-13,15,12,確認: レース中止,データ無しが正しい(対応不要)
2026-01-21,15,7,確認: レース中止,データ無しが正しい(対応不要)
2026-01-21,15,8,確認: レース中止,データ無しが正しい(対応不要)
2026-01-21,15,9,確認: レース中止,データ無しが正しい(対応不要)
2026-01-21,15,10,確認: レース中止,データ無しが正しい(対応不要)
2026-01-21,15,11,確認: レース中止,データ無しが正しい(対応不要)
2026-01-21,15,12,確認: レース中止,データ無しが正しい(対応不要)
2026-01-22,14,7,確認: レース中止,データ無しが正しい(対応不要)
2026-01-22,14,8,確認: レース中止,データ無しが正しい(対応不要)
2026-01-22,14,9,確認: レース中止,データ無しが正しい(対応不要)
2026-01-22,14,10,確認: レース中止,データ無しが正しい(対応不要)
2026-01-22,14,11,確認: レース中止,データ無しが正しい(対応不要)
2026-01-22,14,12,確認: レース中止,データ無しが正しい(対応不要)
2026-01-26,5,8,補完,win_boat=6
2026-02-28,1,8,確認: レース中止,データ無しが正しい(対応不要)
2026-02-28,1,9,確認: レース中止,データ無しが正しい(対応不要)
2026-02-28,1,10,確認: レース中止,データ無しが正しい(対応不要)
2026-02-28,1,11,確認: レース中止,データ無しが正しい(対応不要)
2026-02-28,1,12,確認: レース中止,データ無しが正しい(対応不要)
2026-03-02,20,6,確認: レース中止,データ無しが正しい(対応不要)
2026-03-02,20,7,確認: レース中止,データ無しが正しい(対応不要)
2026-03-02,20,8,確認: レース中止,データ無しが正しい(対応不要)
2026-03-02,20,9,確認: レース中止,データ無しが正しい(対応不要)
2026-03-02,20,10,確認: レース中止,データ無しが正しい(対応不要)
2026-03-02,20,11,確認: レース中止,データ無しが正しい(対応不要)
2026-03-02,20,12,確認: レース中止,データ無しが正しい(対応不要)
2026-03-04,4,8,確認: レース中止,データ無しが正しい(対応不要)
2026-03-04,4,9,確認: レース中止,データ無しが正しい(対応不要)
2026-03-04,4,10,確認: レース中止,データ無しが正しい(対応不要)
2026-03-04,4,11,確認: レース中止,データ無しが正しい(対応不要)
2026-03-04,4,12,確認: レース中止,データ無しが正しい(対応不要)
2026-03-07,1,7,確認: レース中止,データ無しが正しい(対応不要)
2026-03-07,1,8,確認: レース中止,データ無しが正しい(対応不要)
2026-03-07,1,9,確認: レース中止,データ無しが正しい(対応不要)
2026-03-07,1,10,確認: レース中止,データ無しが正しい(対応不要)
2026-03-07,1,11,確認: レース中止,データ無しが正しい(対応不要)
2026-03-07,1,12,確認: レース中止,データ無しが正しい(対応不要)
2026-03-10,8,7,確認: レース中止,データ無しが正しい(対応不要)
2026-03-10,8,8,確認: レース中止,データ無しが正しい(対応不要)
2026-03-10,8,9,確認: レース中止,データ無しが正しい(対応不要)
2026-03-10,8,10,確認: レース中止,データ無しが正しい(対応不要)
2026-03-10,8,11,確認: レース中止,データ無しが正しい(対応不要)
2026-03-10,8,12,確認: レース中止,データ無しが正しい(対応不要)
2026-03-11,22,8,確認: 不成立,データ無しが正しい(対応不要)
2026-03-19,14,2,補完,win_boat=5
2026-03-20,17,2,確認: 不成立,データ無しが正しい(対応不要)
2026-03-21,20,1,補完,win_boat=6
2026-03-30,19,9,確認: レース中止,データ無しが正しい(対応不要)
2026-03-30,19,10,確認: レース中止,データ無しが正しい(対応不要)
2026-03-30,19,11,確認: レース中止,データ無しが正しい(対応不要)
2026-03-30,19,12,確認: レース中止,データ無しが正しい(対応不要)
2026-03-31,6,10,確認: レース中止,データ無しが正しい(対応不要)
2026-03-31,6,11,確認: レース中止,データ無しが正しい(対応不要)
2026-03-31,6,12,確認: レース中止,データ無しが正しい(対応不要)
2026-04-06,16,6,補完,win_boat=5
2026-04-08,24,1,補完,win_boat=4
2026-04-09,23,7,確認: レース中止,データ無しが正しい(対応不要)
2026-04-09,23,8,確認: レース中止,データ無しが正しい(対応不要)
2026-04-09,23,9,確認: レース中止,データ無しが正しい(対応不要)
2026-04-09,23,10,確認: レース中止,データ無しが正しい(対応不要)
2026-04-09,23,11,確認: レース中止,データ無しが正しい(対応不要)
2026-04-09,23,12,確認: レース中止,データ無しが正しい(対応不要)
2026-04-16,10,8,確認: レース中止,データ無しが正しい(対応不要)
2026-04-16,10,9,確認: レース中止,データ無しが正しい(対応不要)
2026-04-16,10,10,確認: レース中止,データ無しが正しい(対応不要)
2026-04-16,10,11,確認: レース中止,データ無しが正しい(対応不要)
2026-04-16,10,12,確認: レース中止,データ無しが正しい(対応不要)
2026-04-20,18,9,補完,win_boat=5
2026-04-27,24,11,補完,win_boat=1
2026-04-27,24,12,補完,win_boat=1
2026-04-28,3,8,確認: レース中止,データ無しが正しい(対応不要)
2026-04-28,3,9,確認: レース中止,データ無しが正しい(対応不要)
2026-04-28,3,10,確認: レース中止,データ無しが正しい(対応不要)
2026-04-28,3,11,確認: レース中止,データ無しが正しい(対応不要)
2026-04-28,3,12,確認: レース中止,データ無しが正しい(対応不要)
2026-04-28,24,9,補完,win_boat=1
2026-04-28,24,10,補完,win_boat=3
2026-04-28,24,11,補完,win_boat=1
2026-04-28,24,12,補完,win_boat=1
2026-04-29,24,11,補完,win_boat=1
2026-04-29,24,12,補完,win_boat=3
2026-04-30,24,11,補完,win_boat=4
2026-04-30,24,12,補完,win_boat=1
2026-05-01,9,8,確認: レース中止,データ無しが正しい(対応不要)
2026-05-01,9,9,確認: レース中止,データ無しが正しい(対応不要)
2026-05-01,9,10,確認: レース中止,データ無しが正しい(対応不要)
2026-05-01,9,11,確認: レース中止,データ無しが正しい(対応不要)
2026-05-01,9,12,確認: レース中止,データ無しが正しい(対応不要)
2026-05-01,11,10,確認: レース中止,データ無しが正しい(対応不要)
2026-05-01,11,11,確認: レース中止,データ無しが正しい(対応不要)
2026-05-01,11,12,確認: レース中止,データ無しが正しい(対応不要)
2026-05-03,20,9,確認: レース中止,データ無しが正しい(対応不要)
2026-05-03,20,10,確認: レース中止,データ無しが正しい(対応不要)
2026-05-03,20,11,確認: レース中止,データ無しが正しい(対応不要)
2026-05-03,20,12,確認: レース中止,データ無しが正しい(対応不要)
2026-05-04,1,7,確認: レース中止,データ無しが正しい(対応不要)
2026-05-04,1,8,確認: レース中止,データ無しが正しい(対応不要)
2026-05-04,1,9,確認: レース中止,データ無しが正しい(対応不要)
2026-05-04,1,10,確認: レース中止,データ無しが正しい(対応不要)
2026-05-04,1,11,確認: レース中止,データ無しが正しい(対応不要)
2026-05-04,1,12,確認: レース中止,データ無しが正しい(対応不要)
2026-05-11,3,7,確認: レース中止,データ無しが正しい(対応不要)
2026-05-11,3,8,確認: レース中止,データ無しが正しい(対応不要)
2026-05-11,3,9,確認: レース中止,データ無しが正しい(対応不要)
2026-05-11,3,10,確認: レース中止,データ無しが正しい(対応不要)
2026-05-11,3,11,確認: レース中止,データ無しが正しい(対応不要)
2026-05-11,3,12,確認: レース中止,データ無しが正しい(対応不要)
2026-05-11,12,9,補完,win_boat=3
2026-05-11,12,10,補完,win_boat=1
2026-05-11,12,11,補完,win_boat=4
2026-05-11,12,12,補完,win_boat=4
2026-05-11,20,9,補完,win_boat=1
2026-05-11,20,10,補完,win_boat=2
2026-05-11,20,11,補完,win_boat=1
2026-05-11,20,12,補完,win_boat=3
2026-05-15,13,7,確認: レース中止,データ無しが正しい(対応不要)
2026-05-15,13,8,確認: レース中止,データ無しが正しい(対応不要)
2026-05-15,13,9,確認: レース中止,データ無しが正しい(対応不要)
2026-05-15,13,10,確認: レース中止,データ無しが正しい(対応不要)
2026-05-15,13,11,確認: レース中止,データ無しが正しい(対応不要)
2026-05-15,13,12,確認: レース中止,データ無しが正しい(対応不要)
2026-05-15,20,11,補完,win_boat=1
2026-05-15,20,12,補完,win_boat=1
2026-05-19,8,10,補完,win_boat=5
2026-05-19,20,12,補完,win_boat=1
2026-05-22,19,12,補完,win_boat=4
2026-05-30,11,6,補完,win_boat=5
2026-05-31,12,7,確認: 不成立,データ無しが正しい(対応不要)
2026-06-02,24,1,補完,win_boat=2
2026-06-02,24,2,補完,win_boat=3
2026-06-02,24,3,確認: レース中止,データ無しが正しい(対応不要)
2026-06-02,24,4,確認: レース中止,データ無しが正しい(対応不要)
2026-06-02,24,5,確認: レース中止,データ無しが正しい(対応不要)
2026-06-02,24,6,確認: レース中止,データ無しが正しい(対応不要)
2026-06-02,24,7,確認: レース中止,データ無しが正しい(対応不要)
2026-06-02,24,8,確認: レース中止,データ無しが正しい(対応不要)
2026-06-02,24,9,確認: レース中止,データ無しが正しい(対応不要)
2026-06-02,24,10,確認: レース中止,データ無しが正しい(対応不要)
2026-06-02,24,11,確認: レース中止,データ無しが正しい(対応不要)
2026-06-02,24,12,確認: レース中止,データ無しが正しい(対応不要)
2026-06-03,19,9,補完,win_boat=1
2026-06-03,19,10,補完,win_boat=1
2026-06-03,19,11,補完,win_boat=1
2026-06-03,19,12,補完,win_boat=5
2026-06-03,20,9,補完,win_boat=1
2026-06-03,20,10,補完,win_boat=2
2026-06-03,20,11,補完,win_boat=3
2026-06-03,20,12,補完,win_boat=3
2026-06-03,24,5,補完,win_boat=2
2026-06-03,24,6,補完,win_boat=2
2026-06-03,24,7,補完,win_boat=1
2026-06-03,24,8,補完,win_boat=1
2026-06-03,24,9,補完,win_boat=5
2026-06-03,24,10,補完,win_boat=6
2026-06-03,24,11,補完,win_boat=1
2026-06-03,24,12,補完,win_boat=1
2026-06-06,3,8,確認: 不成立,データ無しが正しい(対応不要)
2026-06-06,8,4,補完,win_boat=5
2026-06-07,24,1,補完,win_boat=5
2026-06-07,24,2,補完,win_boat=1
2026-06-07,24,3,補完,win_boat=3
2026-06-07,24,4,補完,win_boat=5
2026-06-07,24,5,補完,win_boat=1
2026-06-07,24,6,補完,win_boat=3
2026-06-07,24,7,補完,win_boat=2
2026-06-07,24,8,補完,win_boat=1
2026-06-07,24,9,補完,win_boat=3
2026-06-07,24,10,補完,win_boat=1
2026-06-07,24,12,補完,win_boat=1
2026-06-11,7,11,補完,win_boat=1
2026-06-11,7,12,補完,win_boat=6
2026-06-11,9,2,補完,win_boat=5
2026-06-11,20,12,補完,win_boat=2
2026-06-12,19,10,補完,win_boat=1
2026-06-12,19,11,補完,win_boat=1
2026-06-12,19,12,補完,win_boat=1
2026-06-13,19,12,補完,win_boat=1
2026-06-14,19,11,補完,win_boat=1
2026-06-14,19,12,補完,win_boat=1
2026-06-15,1,12,補完,win_boat=1
2026-06-15,12,12,補完,win_boat=1
2026-06-15,19,8,補完,win_boat=4
2026-06-15,19,9,補完,win_boat=2
2026-06-15,19,10,補完,win_boat=2
2026-06-15,19,11,補完,win_boat=1
2026-06-15,19,12,補完,win_boat=1
2026-06-16,1,10,補完,win_boat=1
2026-06-16,1,11,補完,win_boat=1
2026-06-16,1,12,確認: レース中止,データ無しが正しい(対応不要)
2026-06-16,12,11,補完,win_boat=1
2026-06-16,12,12,補完,win_boat=1
2026-06-16,19,6,補完,win_boat=1
2026-06-16,19,7,補完,win_boat=4
2026-06-16,19,8,補完,win_boat=1
2026-06-16,19,9,補完,win_boat=1
2026-06-16,19,10,補完,win_boat=1
2026-06-16,19,11,補完,win_boat=4
2026-06-16,19,12,補完,win_boat=1
2026-06-19,20,12,補完,win_boat=5
2026-06-22,15,12,補完,win_boat=1
2026-06-22,19,12,補完,win_boat=1
2026-06-23,22,1,補完,win_boat=3
2026-06-29,20,10,補完,win_boat=3
2026-06-29,20,11,補完,win_boat=1
2026-06-29,20,12,補完,win_boat=1
2026-06-30,20,9,補完,win_boat=1
2026-06-30,20,10,補完,win_boat=2
2026-06-30,20,11,補完,win_boat=2
2026-06-30,20,12,補完,win_boat=1
2026-07-01,20,11,補完,win_boat=1
2026-07-01,20,12,補完,win_boat=3
2026-07-02,20,11,補完,win_boat=1
2026-07-02,20,12,補完,win_boat=1
2026-07-07,24,10,補完,win_boat=1
2026-07-07,24,11,補完,win_boat=1
2026-07-07,24,12,補完,win_boat=1
2026-07-08,1,2,補完,win_boat=6
2026-07-08,24,12,補完,win_boat=1
2026-07-09,15,9,補完,win_boat=3
2026-07-09,15,10,補完,win_boat=1
2026-07-09,15,11,補完,win_boat=3
2026-07-09,15,12,補完,win_boat=2
2026-07-09,20,9,補完,win_boat=6
2026-07-09,20,10,補完,win_boat=1
2026-07-09,20,11,補完,win_boat=1
2026-07-09,20,12,補完,win_boat=1
2026-07-17,1,11,確認: レース中止,データ無しが正しい(対応不要)
2026-07-17,1,12,確認: レース中止,データ無しが正しい(対応不要)
2026-07-24,17,3,補完,win_boat=6
2026-07-28,9,11,確認: レース中止,データ無しが正しい(対応不要)
2026-07-28,9,12,確認: レース中止,データ無しが正しい(対応不要)
2026-08-07,24,1,確認: 不成立,データ無しが正しい(対応不要)
2026-08-10,15,11,補完,win_boat=1
2026-08-10,15,12,補完,win_boat=1
2026-08-10,20,11,補完,win_boat=2
2026-08-10,20,12,補完,win_boat=1
2026-08-28,11,11,補完,win_boat=6
2026-09-14,6,6,確認: 不成立,データ無しが正しい(対応不要)
2026-09-16,4,8,補完,win_boat=1
2026-09-16,4,9,補完,win_boat=3
2026-09-16,4,10,補完,win_boat=1
2026-09-16,4,11,補完,win_boat=2
2026-09-16,4,12,補完,win_boat=3
2026-09-16,5,9,補完,win_boat=1
2026-09-16,5,10,補完,win_boat=1
2026-09-16,5,11,補完,win_boat=1
2026-09-16,5,12,補完,win_boat=1
2026-09-16,7,1,補完,win_boat=6
2026-09-16,7,2,補完,win_boat=2
2026-09-16,7,3,補完,win_boat=3
2026-09-16,7,4,補完,win_boat=1
2026-09-16,7,5,補完,win_boat=5
2026-09-16,7,6,補完,win_boat=1
2026-09-16,7,7,補完,win_boat=3
2026-09-16,7,8,補完,win_boat=4
2026-09-16,7,9,補完,win_boat=4
2026-09-16,7,10,補完,win_boat=1
2026-09-16,7,11,補完,win_boat=1
2026-09-16,7,12,補完,win_boat=1
2026-09-16,8,8,補完,win_boat=1
2026-09-16,8,9,補完,win_boat=4
2026-09-16,8,10,補完,win_boat=1
2026-09-16,8,11,補完,win_boat=1
2026-09-16,8,12,補完,win_boat=1
2026-09-16,9,7,補完,win_boat=1
2026-09-16,9,8,補完,win_boat=5
2026-09-16,9,9,補完,win_boat=5
2026-09-16,9,10,補完,win_boat=5
2026-09-16,9,11,補完,win_boat=1
2026-09-16,9,12,補完,win_boat=2
2026-09-16,11,9,補完,win_boat=3
2026-09-16,11,10,補完,win_boat=1
2026-09-16,11,11,補完,win_boat=3
2026-09-16,11,12,補完,win_boat=1
2026-09-16,13,9,補完,win_boat=5
2026-09-16,13,10,補完,win_boat=2
2026-09-16,13,11,補完,win_boat=1
2026-09-16,13,12,補完,win_boat=1
2026-09-16,18,8,補完,win_boat=1
2026-09-16,18,9,補完,win_boat=3
2026-09-16,18,10,補完,win_boat=5
2026-09-16,18,11,補完,win_boat=6
2026-09-16,18,12,補完,win_boat=1
2026-09-16,19,1,補完,win_boat=3
2026-09-16,19,2,補完,win_boat=1
2026-09-16,19,3,補完,win_boat=1
2026-09-16,19,4,補完,win_boat=1
2026-09-16,19,5,補完,win_boat=1
2026-09-16,19,6,補完,win_boat=1
2026-09-16,19,7,補完,win_boat=3
2026-09-16,19,8,補完,win_boat=3
2026-09-16,19,9,補完,win_boat=1
2026-09-16,19,10,補完,win_boat=1
2026-09-16,19,11,補完,win_boat=1
2026-09-16,19,12,補完,win_boat=1
2026-09-16,22,6,補完,win_boat=1
2026-09-16,22,7,補完,win_boat=1
2026-09-16,22,8,補完,win_boat=1
2026-09-16,22,9,補完,win_boat=2
2026-09-16,22,10,補完,win_boat=2
2026-09-16,22,11,補完,win_boat=1
2026-09-16,22,12,補完,win_boat=1
2026-09-16,23,12,補完,win_boat=2
2026-09-17,13,11,補完,win_boat=2
2026-09-19,12,12,補完,win_boat=1
2026-09-19,15,12,補完,win_boat=1
2026-09-19,24,8,補完,win_boat=1
2026-09-19,24,9,補完,win_boat=1
2026-09-19,24,10,補完,win_boat=1
2026-09-19,24,11,補完,win_boat=1
2026-09-19,24,12,補完,win_boat=1
2026-09-21,10,10,確認: レース中止,データ無しが正しい(対応不要)
2026-09-21,10,11,確認: レース中止,データ無しが正しい(対応不要)
2026-09-21,10,12,確認: レース中止,データ無しが正しい(対応不要)
