date,total_races,empty_races,empty_pct,affected_stadiums
2025-05-01,156,1,0.6,2
2025-05-09,144,27,18.8,"18,19,20,23"
2025-05-10,168,12,7.1,19
2025-05-14,156,1,0.6,16
2025-05-15,156,1,0.6,17
2025-05-17,168,12,7.1,3
2025-05-18,192,12,6.2,"3,16"
2025-05-19,192,1,0.5,5
2025-05-20,192,11,5.7,3
2025-05-21,180,13,7.2,"3,11"
2025-05-29,144,1,0.7,13
2025-06-05,156,4,2.6,3
2025-06-06,132,4,3.0,3
2025-06-07,156,2,1.3,3
2025-06-10,168,1,0.6,22
2025-06-16,156,5,3.2,23
2025-06-21,168,2,1.2,3
2025-06-22,156,12,7.7,3
2025-06-23,156,5,3.2,3
2025-06-28,168,1,0.6,6
2025-07-05,180,1,0.6,4
2025-07-16,156,1,0.6,10
2025-07-19,204,1,0.5,1
2025-07-20,216,2,0.9,3
2025-07-22,168,1,0.6,6
2025-07-26,168,6,3.6,20
2025-07-27,156,12,7.7,20
2025-07-30,156,30,19.2,"4,6,14"
2025-08-04,180,3,1.7,3
2025-08-05,168,1,0.6,13
2025-08-10,180,16,8.9,"20,21"
2025-08-11,204,12,5.9,21
2025-08-16,192,1,0.5,24
2025-08-17,180,5,2.8,3
2025-08-27,144,3,2.1,11
2025-08-28,132,1,0.8,2
2025-09-01,132,1,0.8,22
2025-09-05,132,24,18.2,"3,4"
2025-09-24,144,1,0.7,20
2025-09-26,144,1,0.7,17
2025-10-06,120,5,4.2,3
2025-10-09,108,12,11.1,3
2025-10-19,156,2,1.3,"15,22"
2025-10-20,132,6,4.5,10
2025-10-22,120,1,0.8,22
2025-10-29,120,1,0.8,17
2025-11-10,120,1,0.8,9
2025-11-18,132,10,7.6,"14,15"
2025-12-03,120,3,2.5,"14,24"
2025-12-12,132,12,9.1,3
2025-12-22,156,1,0.6,9
2025-12-25,168,4,2.4,15
2025-12-26,168,10,6.0,"4,10"
2026-01-02,192,1,0.5,17
2026-01-08,168,12,7.1,9
2026-01-10,144,47,32.6,"3,10,17,19,20"
2026-01-11,180,54,30.0,"3,5,9,13,14,15"
2026-01-13,168,18,10.7,"3,15"
2026-01-20,156,18,11.5,"9,10"
2026-01-21,156,6,3.8,15
2026-01-22,156,18,11.5,"14,15"
2026-01-26,180,2,1.1,"5,16"
2026-01-29,144,1,0.7,9
2026-02-08,156,12,7.7,10
2026-02-23,180,12,6.7,3
2026-02-26,180,1,0.6,15
2026-02-28,156,6,3.8,"1,12"
2026-03-02,168,7,4.2,20
2026-03-04,144,5,3.5,4
2026-03-07,120,6,5.0,1
2026-03-08,132,7,5.3,1
2026-03-10,144,6,4.2,8
2026-03-11,156,1,0.6,22
2026-03-19,180,1,0.6,14
2026-03-20,192,1,0.5,17
2026-03-21,180,1,0.6,20
2026-03-30,168,4,2.4,19
2026-03-31,156,3,1.9,6
2026-04-02,120,12,10.0,8
2026-04-04,120,12,10.0,18
2026-04-06,144,1,0.7,16
2026-04-08,120,1,0.8,24
2026-04-09,120,6,5.0,23
2026-04-16,144,5,3.5,10
2026-04-20,168,1,0.6,18
2026-04-27,192,2,1.0,24
2026-04-28,168,9,5.4,"3,24"
2026-04-29,168,2,1.2,24
2026-04-30,168,2,1.2,24
2026-05-01,180,8,4.4,"9,11"
2026-05-02,180,1,0.6,18
2026-05-03,204,4,2.0,20
2026-05-04,216,30,13.9,"1,9,11"
2026-05-11,144,17,11.8,"3,12,20,24"
2026-05-13,168,1,0.6,22
2026-05-15,156,8,5.1,"13,20"
2026-05-16,156,12,7.7,13
2026-05-17,132,13,9.8,"7,13"
2026-05-18,132,12,9.1,13
2026-05-19,132,2,1.5,"8,20"
2026-05-20,144,4,2.8,20
2026-05-22,132,1,0.8,19
2026-05-29,168,20,11.9,"1,3"
2026-05-30,180,1,0.6,11
2026-05-31,192,1,0.5,12
2026-06-02,144,13,9.0,"1,24"
2026-06-03,144,76,52.8,"3,7,9,10,12,19,20,24"
2026-06-04,144,4,2.8,24
2026-06-06,132,2,1.5,"3,8"
2026-06-07,156,11,7.1,24
2026-06-10,144,5,3.5,"18,24"
2026-06-11,144,5,3.5,"7,9,15,20"
2026-06-12,144,3,2.1,19
2026-06-13,156,1,0.6,19
2026-06-14,144,2,1.4,19
2026-06-15,132,7,5.3,"1,12,19"
2026-06-16,144,12,8.3,"1,12,19"
2026-06-17,156,5,3.2,19
2026-06-19,144,1,0.7,20
2026-06-21,192,1,0.5,9
2026-06-22,168,3,1.8,"15,19,24"
2026-06-23,144,1,0.7,22
2026-06-25,192,1,0.5,8
2026-06-27,180,12,6.7,4
2026-06-29,180,3,1.7,20
2026-06-30,168,4,2.4,20
2026-07-01,168,2,1.2,20
2026-07-02,156,2,1.3,20
2026-07-03,168,2,1.2,20
2026-07-07,144,3,2.1,24
2026-07-08,132,2,1.5,"1,24"
2026-07-09,144,20,13.9,"1,15,20,24"
2026-07-12,192,1,0.5,8
2026-07-17,144,2,1.4,1
2026-07-24,180,1,0.6,17
2026-07-28,144,2,1.4,9
2026-07-29,156,13,8.3,"9,17"
2026-07-30,144,12,8.3,9
2026-07-31,192,12,6.2,9
2026-08-01,168,12,7.1,9
2026-08-07,144,1,0.7,24
2026-08-10,156,6,3.8,"15,20,24"
2026-08-11,180,12,6.7,3
2026-08-28,144,1,0.7,11
2026-09-09,144,12,8.3,3
2026-09-14,168,1,0.6,6
2026-09-16,156,77,49.4,"4,5,7,8,9,11,12,13,18,19,22,23"
2026-09-17,180,1,0.6,13
2026-09-19,156,7,4.5,"12,15,24"
2026-09-21,156,35,22.4,"2,3,9,10"
2026-09-22,168,12,7.1,9
