date,stadium_number,empty_races,label,classification
2025-05-01,2,1,初日,要調査
2025-05-09,18,2,３日目,要調査
2025-05-09,19,12,順延,順延・中止で説明可(対応不要)
2025-05-09,20,10,,判定不可(取得失敗等)
2025-05-09,23,3,２日目,要調査
2025-05-10,19,12,中止,順延・中止で説明可(対応不要)
2025-05-14,16,1,５日目,要調査
2025-05-15,17,1,４日目,要調査
2025-05-17,3,12,順延,順延・中止で説明可(対応不要)
2025-05-18,3,11,順延,順延・中止で説明可(対応不要)
2025-05-18,16,1,初日,要調査
2025-05-19,5,1,３日目,要調査
2025-05-20,3,11,４日目,要調査
2025-05-21,3,12,,判定不可(取得失敗等)
2025-05-21,11,1,４日目,要調査
2025-05-29,13,1,,判定不可(取得失敗等)
2025-06-05,3,4,初日,要調査
2025-06-06,3,4,２日目,要調査
2025-06-07,3,2,３日目,要調査
2025-06-10,22,1,３日目,要調査
2025-06-16,23,5,３日目,要調査
2025-06-21,3,2,初日,要調査
2025-06-22,3,12,順延,順延・中止で説明可(対応不要)
2025-06-23,3,5,２日目,要調査
2025-06-28,6,1,初日,要調査
2025-07-05,4,1,４日目,要調査
2025-07-16,10,1,４日目,要調査
2025-07-19,1,1,５日目,要調査
2025-07-20,3,2,初日,要調査
2025-07-22,6,1,,判定不可(取得失敗等)
2025-07-26,20,6,５日目,要調査
2025-07-27,20,12,中止,順延・中止で説明可(対応不要)
2025-07-30,4,12,順延,順延・中止で説明可(対応不要)
2025-07-30,6,12,順延,順延・中止で説明可(対応不要)
2025-07-30,14,6,３日目,要調査
2025-08-04,3,3,２日目,要調査
2025-08-05,13,1,,判定不可(取得失敗等)
2025-08-10,20,12,順延,順延・中止で説明可(対応不要)
2025-08-10,21,4,４日目,要調査
2025-08-11,21,12,,判定不可(取得失敗等)
2025-08-16,24,1,２日目,要調査
2025-08-17,3,5,初日,要調査
2025-08-27,11,3,２日目,要調査
2025-08-28,2,1,初日,要調査
2025-09-01,22,1,初日,要調査
2025-09-05,3,12,順延,順延・中止で説明可(対応不要)
2025-09-05,4,12,順延,順延・中止で説明可(対応不要)
2025-09-24,20,1,３日目,要調査
2025-09-26,17,1,４日目,要調査
2025-10-06,3,5,２日目,要調査
2025-10-09,3,12,順延,順延・中止で説明可(対応不要)
2025-10-19,15,1,初日,要調査
2025-10-19,22,1,初日,要調査
2025-10-20,10,6,４日目,要調査
2025-10-22,22,1,４日目,要調査
2025-10-29,17,1,２日目,要調査
2025-11-10,9,1,,判定不可(取得失敗等)
2025-11-18,14,6,４日目,要調査
2025-11-18,15,4,３日目,要調査
2025-12-03,14,2,３日目,要調査
2025-12-03,24,1,初日,要調査
2025-12-12,3,12,順延,順延・中止で説明可(対応不要)
2025-12-22,9,1,初日,要調査
2025-12-25,15,4,４日目,要調査
2025-12-26,4,4,初日,要調査
2025-12-26,10,6,３日目,要調査
2026-01-02,17,1,４日目,要調査
2026-01-08,9,12,順延,順延・中止で説明可(対応不要)
2026-01-10,3,12,順延,順延・中止で説明可(対応不要)
2026-01-10,10,6,,判定不可(取得失敗等)
2026-01-10,17,5,２日目,要調査
2026-01-10,19,12,中止,順延・中止で説明可(対応不要)
2026-01-10,20,12,順延,順延・中止で説明可(対応不要)
2026-01-11,3,12,順延,順延・中止で説明可(対応不要)
2026-01-11,5,5,２日目,要調査
2026-01-11,9,12,順延,順延・中止で説明可(対応不要)
2026-01-11,13,4,初日,要調査
2026-01-11,14,9,順延,順延・中止で説明可(対応不要)
2026-01-11,15,12,順延,順延・中止で説明可(対応不要)
2026-01-13,3,12,中止,順延・中止で説明可(対応不要)
2026-01-13,15,6,５日目,要調査
2026-01-20,9,6,,判定不可(取得失敗等)
2026-01-20,10,12,順延,順延・中止で説明可(対応不要)
2026-01-21,15,6,５日目,要調査
2026-01-22,14,6,２日目,要調査
2026-01-22,15,12,順延,順延・中止で説明可(対応不要)
2026-01-26,5,1,２日目,要調査
2026-01-26,16,1,,判定不可(取得失敗等)
2026-01-29,9,1,,判定不可(取得失敗等)
2026-02-08,10,12,順延,順延・中止で説明可(対応不要)
2026-02-23,3,12,順延,順延・中止で説明可(対応不要)
2026-02-26,15,1,,判定不可(取得失敗等)
2026-02-28,1,5,５日目,要調査
2026-02-28,12,1,,判定不可(取得失敗等)
2026-03-02,20,7,２日目,要調査
2026-03-04,4,5,３日目,要調査
2026-03-07,1,6,２日目,要調査
2026-03-08,1,7,順延,順延・中止で説明可(対応不要)
2026-03-10,8,6,３日目,要調査
2026-03-11,22,1,２日目,要調査
2026-03-19,14,1,２日目,要調査
2026-03-20,17,1,４日目,要調査
2026-03-21,20,1,４日目,要調査
2026-03-30,19,4,５日目,要調査
2026-03-31,6,3,３日目,要調査
2026-04-02,8,12,順延,順延・中止で説明可(対応不要)
2026-04-04,18,12,順延,順延・中止で説明可(対応不要)
2026-04-06,16,1,３日目,要調査
2026-04-08,24,1,２日目,要調査
2026-04-09,23,6,２日目,要調査
2026-04-16,10,5,３日目,要調査
2026-04-20,18,1,初日,要調査
2026-04-27,24,2,２日目,要調査
2026-04-28,3,5,３日目,要調査
2026-04-28,24,4,３日目,要調査
2026-04-29,24,2,４日目,要調査
2026-04-30,24,2,５日目,要調査
2026-05-01,9,5,２日目,要調査
2026-05-01,11,3,２日目,要調査
2026-05-02,18,1,,判定不可(取得失敗等)
2026-05-03,20,4,３日目,要調査
2026-05-04,1,6,４日目,要調査
2026-05-04,9,12,順延,順延・中止で説明可(対応不要)
2026-05-04,11,12,順延,順延・中止で説明可(対応不要)
2026-05-11,3,6,初日,要調査
2026-05-11,12,4,初日,要調査
2026-05-11,20,4,３日目,要調査
2026-05-11,24,3,,判定不可(取得失敗等)
2026-05-13,22,1,,判定不可(取得失敗等)
2026-05-15,13,6,初日,要調査
2026-05-15,20,2,初日,要調査
2026-05-16,13,12,中止,順延・中止で説明可(対応不要)
2026-05-17,7,1,,判定不可(取得失敗等)
2026-05-17,13,12,,判定不可(取得失敗等)
2026-05-18,13,12,,判定不可(取得失敗等)
2026-05-19,8,1,初日,要調査
2026-05-19,20,1,５日目,要調査
2026-05-20,20,4,,判定不可(取得失敗等)
2026-05-22,19,1,２日目,要調査
2026-05-29,1,12,順延,順延・中止で説明可(対応不要)
2026-05-29,3,8,順延,順延・中止で説明可(対応不要)
2026-05-30,11,1,２日目,要調査
2026-05-31,12,1,２日目,要調査
2026-06-02,1,1,,判定不可(取得失敗等)
2026-06-02,24,12,２日目,要調査
2026-06-03,3,12,順延,順延・中止で説明可(対応不要)
2026-06-03,7,12,中止,順延・中止で説明可(対応不要)
2026-06-03,9,12,順延,順延・中止で説明可(対応不要)
2026-06-03,10,12,順延,順延・中止で説明可(対応不要)
2026-06-03,12,12,,判定不可(取得失敗等)
2026-06-03,19,4,３日目,要調査
2026-06-03,20,4,４日目,要調査
2026-06-03,24,8,３日目,要調査
2026-06-04,24,4,,判定不可(取得失敗等)
2026-06-06,3,1,３日目,要調査
2026-06-06,8,1,３日目,要調査
2026-06-07,24,11,２日目,要調査
2026-06-10,18,1,,判定不可(取得失敗等)
2026-06-10,24,4,,判定不可(取得失敗等)
2026-06-11,7,2,３日目,要調査
2026-06-11,9,1,５日目,要調査
2026-06-11,15,1,,判定不可(取得失敗等)
2026-06-11,20,1,初日,要調査
2026-06-12,19,3,初日,要調査
2026-06-13,19,1,２日目,要調査
2026-06-14,19,2,３日目,要調査
2026-06-15,1,1,２日目,要調査
2026-06-15,12,1,２日目,要調査
2026-06-15,19,5,４日目,要調査
2026-06-16,1,3,３日目,要調査
2026-06-16,12,2,３日目,要調査
2026-06-16,19,7,５日目,要調査
2026-06-17,19,5,,判定不可(取得失敗等)
2026-06-19,20,1,２日目,要調査
2026-06-21,9,1,,判定不可(取得失敗等)
2026-06-22,15,1,３日目,要調査
2026-06-22,19,1,２日目,要調査
2026-06-22,24,1,,判定不可(取得失敗等)
2026-06-23,22,1,２日目,要調査
2026-06-25,8,1,,判定不可(取得失敗等)
2026-06-27,4,12,順延,順延・中止で説明可(対応不要)
2026-06-29,20,3,２日目,要調査
2026-06-30,20,4,３日目,要調査
2026-07-01,20,2,４日目,要調査
2026-07-02,20,2,５日目,要調査
2026-07-03,20,2,,判定不可(取得失敗等)
2026-07-07,24,3,３日目,要調査
2026-07-08,1,1,５日目,要調査
2026-07-08,24,1,４日目,要調査
2026-07-09,1,4,,判定不可(取得失敗等)
2026-07-09,15,4,初日,要調査
2026-07-09,20,4,３日目,要調査
2026-07-09,24,8,,判定不可(取得失敗等)
2026-07-12,8,1,,判定不可(取得失敗等)
2026-07-17,1,2,４日目,要調査
2026-07-24,17,1,初日,要調査
2026-07-28,9,2,２日目,要調査
2026-07-29,9,12,中止,順延・中止で説明可(対応不要)
2026-07-29,17,1,,判定不可(取得失敗等)
2026-07-30,9,12,,判定不可(取得失敗等)
2026-07-31,9,12,,判定不可(取得失敗等)
2026-08-01,9,12,,判定不可(取得失敗等)
2026-08-07,24,1,２日目,要調査
2026-08-10,15,2,４日目,要調査
2026-08-10,20,2,４日目,要調査
2026-08-10,24,2,,判定不可(取得失敗等)
2026-08-11,3,12,順延,順延・中止で説明可(対応不要)
2026-08-28,11,1,３日目,要調査
2026-09-09,3,12,順延,順延・中止で説明可(対応不要)
2026-09-14,6,1,４日目,要調査
2026-09-16,4,5,３日目,要調査
2026-09-16,5,4,初日,要調査
2026-09-16,7,12,４日目,要調査
2026-09-16,8,5,５日目,要調査
2026-09-16,9,6,５日目,要調査
2026-09-16,11,4,４日目,要調査
2026-09-16,12,12,,判定不可(取得失敗等)
2026-09-16,13,4,初日,要調査
2026-09-16,18,5,５日目,要調査
2026-09-16,19,12,４日目,要調査
2026-09-16,22,7,４日目,要調査
2026-09-16,23,1,初日,要調査
2026-09-17,13,1,２日目,要調査
2026-09-19,12,1,２日目,要調査
2026-09-19,15,1,３日目,要調査
2026-09-19,24,5,３日目,要調査
2026-09-21,2,12,順延,順延・中止で説明可(対応不要)
2026-09-21,3,12,順延,順延・中止で説明可(対応不要)
2026-09-21,9,8,順延,順延・中止で説明可(対応不要)
2026-09-21,10,3,２日目,要調査
2026-09-22,9,12,中止,順延・中止で説明可(対応不要)
