stadium_number,entry_course_actual,race_wind_direction_number,races,wins,win_rate,nige_wins,nige_rate,low_sample
1,1,10,1157,578,0.4996,557,0.4814,0
1,1,12,205,85,0.4146,81,0.3951,0
1,1,14,28,13,0.4643,13,0.4643,0
1,1,17,337,181,0.5371,173,0.5134,0
1,1,2,419,216,0.5155,206,0.4916,0
1,1,4,477,218,0.457,203,0.4256,0
1,1,6,234,139,0.594,133,0.5684,0
1,1,8,468,231,0.4936,226,0.4829,0
1,2,10,1157,129,0.1115,0,0.0,0
1,2,12,205,32,0.1561,0,0.0,0
1,2,14,28,0,0.0,0,0.0,0
1,2,17,337,34,0.1009,0,0.0,0
1,2,2,419,51,0.1217,0,0.0,0
1,2,4,477,72,0.1509,0,0.0,0
1,2,6,234,20,0.0855,0,0.0,0
1,2,8,468,56,0.1197,0,0.0,0
1,3,10,1157,152,0.1314,0,0.0,0
1,3,12,205,28,0.1366,0,0.0,0
1,3,14,28,9,0.3214,0,0.0,0
1,3,17,337,43,0.1276,0,0.0,0
1,3,2,419,51,0.1217,0,0.0,0
1,3,4,477,65,0.1363,0,0.0,0
1,3,6,234,32,0.1368,0,0.0,0
1,3,8,468,58,0.1239,0,0.0,0
1,4,10,1157,167,0.1443,0,0.0,0
1,4,12,205,30,0.1463,0,0.0,0
1,4,14,28,5,0.1786,0,0.0,0
1,4,17,337,37,0.1098,0,0.0,0
1,4,2,419,45,0.1074,0,0.0,0
1,4,4,477,71,0.1488,0,0.0,0
1,4,6,234,19,0.0812,0,0.0,0
1,4,8,468,72,0.1538,0,0.0,0
1,5,10,1157,105,0.0908,0,0.0,0
1,5,12,205,27,0.1317,0,0.0,0
1,5,14,28,1,0.0357,0,0.0,0
1,5,17,336,37,0.1101,0,0.0,0
1,5,2,419,43,0.1026,0,0.0,0
1,5,4,477,39,0.0818,0,0.0,0
1,5,6,234,13,0.0556,0,0.0,0
1,5,8,468,35,0.0748,0,0.0,0
1,6,10,1151,26,0.0226,0,0.0,0
1,6,12,203,3,0.0148,0,0.0,0
1,6,14,28,0,0.0,0,0.0,0
1,6,17,332,5,0.0151,0,0.0,0
1,6,2,410,13,0.0317,0,0.0,0
1,6,4,473,12,0.0254,0,0.0,0
1,6,6,234,10,0.0427,0,0.0,0
1,6,8,467,16,0.0343,0,0.0,0
10,1,10,38,25,0.6579,24,0.6316,0
10,1,12,1008,525,0.5208,500,0.496,0
10,1,14,135,67,0.4963,64,0.4741,0
10,1,16,118,56,0.4746,56,0.4746,0
10,1,17,76,41,0.5395,38,0.5,0
10,1,2,529,272,0.5142,267,0.5047,0
10,1,4,792,396,0.5,378,0.4773,0
10,1,6,466,254,0.5451,234,0.5021,0
10,1,8,66,42,0.6364,40,0.6061,0
10,2,10,38,5,0.1316,0,0.0,0
10,2,12,1008,142,0.1409,0,0.0,0
10,2,14,135,24,0.1778,0,0.0,0
10,2,16,118,22,0.1864,0,0.0,0
10,2,17,76,9,0.1184,0,0.0,0
10,2,2,529,65,0.1229,0,0.0,0
10,2,4,792,134,0.1692,0,0.0,0
10,2,6,466,69,0.1481,0,0.0,0
10,2,8,66,10,0.1515,0,0.0,0
10,3,10,38,5,0.1316,0,0.0,0
10,3,12,1008,135,0.1339,0,0.0,0
10,3,14,135,20,0.1481,0,0.0,0
10,3,16,118,14,0.1186,0,0.0,0
10,3,17,76,8,0.1053,0,0.0,0
10,3,2,529,80,0.1512,0,0.0,0
10,3,4,792,126,0.1591,0,0.0,0
10,3,6,466,74,0.1588,0,0.0,0
10,3,8,66,7,0.1061,0,0.0,0
10,4,10,38,3,0.0789,0,0.0,0
10,4,12,1008,111,0.1101,0,0.0,0
10,4,14,135,13,0.0963,0,0.0,0
10,4,16,118,14,0.1186,0,0.0,0
10,4,17,76,11,0.1447,0,0.0,0
10,4,2,529,62,0.1172,0,0.0,0
10,4,4,792,81,0.1023,0,0.0,0
10,4,6,466,36,0.0773,0,0.0,0
10,4,8,66,3,0.0455,0,0.0,0
10,5,10,38,0,0.0,0,0.0,0
10,5,12,1007,69,0.0685,0,0.0,0
10,5,14,135,7,0.0519,0,0.0,0
10,5,16,118,10,0.0847,0,0.0,0
10,5,17,76,6,0.0789,0,0.0,0
10,5,2,529,39,0.0737,0,0.0,0
10,5,4,792,47,0.0593,0,0.0,0
10,5,6,466,24,0.0515,0,0.0,0
10,5,8,66,3,0.0455,0,0.0,0
10,6,10,37,0,0.0,0,0.0,0
10,6,12,1001,26,0.026,0,0.0,0
10,6,14,134,4,0.0299,0,0.0,0
10,6,16,116,2,0.0172,0,0.0,0
10,6,17,74,1,0.0135,0,0.0,0
10,6,2,522,11,0.0211,0,0.0,0
10,6,4,786,8,0.0102,0,0.0,0
10,6,6,463,9,0.0194,0,0.0,0
10,6,8,66,1,0.0152,0,0.0,0
11,1,1,61,27,0.4426,26,0.4262,0
11,1,11,106,64,0.6038,63,0.5943,0
11,1,13,312,148,0.4744,142,0.4551,0
11,1,15,464,233,0.5022,225,0.4849,0
11,1,17,273,142,0.5201,138,0.5055,0
11,1,3,198,103,0.5202,100,0.5051,0
11,1,5,289,163,0.564,154,0.5329,0
11,1,7,1413,749,0.5301,716,0.5067,0
11,1,9,186,98,0.5269,97,0.5215,0
11,2,1,61,9,0.1475,0,0.0,0
11,2,11,106,12,0.1132,0,0.0,0
11,2,13,312,41,0.1314,0,0.0,0
11,2,15,464,63,0.1358,0,0.0,0
11,2,17,273,31,0.1136,0,0.0,0
11,2,3,198,26,0.1313,0,0.0,0
11,2,5,289,33,0.1142,0,0.0,0
11,2,7,1413,201,0.1423,0,0.0,0
11,2,9,186,32,0.172,0,0.0,0
11,3,1,61,14,0.2295,0,0.0,0
11,3,11,106,14,0.1321,0,0.0,0
11,3,13,312,48,0.1538,0,0.0,0
11,3,15,464,65,0.1401,0,0.0,0
11,3,17,273,35,0.1282,0,0.0,0
11,3,3,198,29,0.1465,0,0.0,0
11,3,5,289,39,0.1349,0,0.0,0
11,3,7,1413,215,0.1522,0,0.0,0
11,3,9,186,22,0.1183,0,0.0,0
11,4,1,61,8,0.1311,0,0.0,0
11,4,11,106,13,0.1226,0,0.0,0
11,4,13,312,32,0.1026,0,0.0,0
11,4,15,464,49,0.1056,0,0.0,0
11,4,17,273,35,0.1282,0,0.0,0
11,4,3,198,17,0.0859,0,0.0,0
11,4,5,289,31,0.1073,0,0.0,0
11,4,7,1413,141,0.0998,0,0.0,0
11,4,9,186,24,0.129,0,0.0,0
11,5,1,61,3,0.0492,0,0.0,0
11,5,11,106,3,0.0283,0,0.0,0
11,5,13,312,28,0.0897,0,0.0,0
11,5,15,464,43,0.0927,0,0.0,0
11,5,17,273,24,0.0879,0,0.0,0
11,5,3,198,19,0.096,0,0.0,0
11,5,5,289,18,0.0623,0,0.0,0
11,5,7,1413,89,0.063,0,0.0,0
11,5,9,186,7,0.0376,0,0.0,0
11,6,1,61,0,0.0,0,0.0,0
11,6,11,103,0,0.0,0,0.0,0
11,6,13,309,15,0.0485,0,0.0,0
11,6,15,458,11,0.024,0,0.0,0
11,6,17,267,6,0.0225,0,0.0,0
11,6,3,196,4,0.0204,0,0.0,0
11,6,5,286,5,0.0175,0,0.0,0
11,6,7,1397,18,0.0129,0,0.0,0
11,6,9,181,3,0.0166,0,0.0,0
12,1,11,484,257,0.531,243,0.5021,0
12,1,13,500,258,0.516,245,0.49,0
12,1,17,1188,672,0.5657,646,0.5438,0
12,1,5,757,448,0.5918,433,0.572,0
12,1,7,360,214,0.5944,202,0.5611,0
12,2,11,484,59,0.1219,0,0.0,0
12,2,13,500,72,0.144,0,0.0,0
12,2,17,1188,177,0.149,0,0.0,0
12,2,5,757,105,0.1387,0,0.0,0
12,2,7,360,51,0.1417,0,0.0,0
12,3,11,484,67,0.1384,0,0.0,0
12,3,13,500,80,0.16,0,0.0,0
12,3,17,1188,131,0.1103,0,0.0,0
12,3,5,757,80,0.1057,0,0.0,0
12,3,7,360,37,0.1028,0,0.0,0
12,4,11,484,60,0.124,0,0.0,0
12,4,13,500,53,0.106,0,0.0,0
12,4,17,1188,120,0.101,0,0.0,0
12,4,5,757,73,0.0964,0,0.0,0
12,4,7,360,41,0.1139,0,0.0,0
12,5,11,484,29,0.0599,0,0.0,0
12,5,13,500,28,0.056,0,0.0,0
12,5,17,1188,68,0.0572,0,0.0,0
12,5,5,757,40,0.0528,0,0.0,0
12,5,7,360,15,0.0417,0,0.0,0
12,6,11,482,12,0.0249,0,0.0,0
12,6,13,496,9,0.0181,0,0.0,0
12,6,17,1176,19,0.0162,0,0.0,0
12,6,5,750,11,0.0147,0,0.0,0
12,6,7,353,2,0.0057,0,0.0,0
13,1,10,267,163,0.6105,155,0.5805,0
13,1,12,1010,610,0.604,590,0.5842,0
13,1,14,747,447,0.5984,437,0.585,0
13,1,16,133,73,0.5489,70,0.5263,0
13,1,17,284,168,0.5915,162,0.5704,0
13,1,2,52,28,0.5385,26,0.5,0
13,1,4,327,189,0.578,181,0.5535,0
13,1,6,258,138,0.5349,132,0.5116,0
13,1,8,76,40,0.5263,40,0.5263,0
13,2,10,267,30,0.1124,0,0.0,0
13,2,12,1010,105,0.104,0,0.0,0
13,2,14,747,63,0.0843,0,0.0,0
13,2,16,133,17,0.1278,0,0.0,0
13,2,17,284,40,0.1408,0,0.0,0
13,2,2,52,9,0.1731,0,0.0,0
13,2,4,327,50,0.1529,0,0.0,0
13,2,6,258,53,0.2054,0,0.0,0
13,2,8,76,15,0.1974,0,0.0,0
13,3,10,267,32,0.1199,0,0.0,0
13,3,12,1010,114,0.1129,0,0.0,0
13,3,14,747,93,0.1245,0,0.0,0
13,3,16,133,18,0.1353,0,0.0,0
13,3,17,284,33,0.1162,0,0.0,0
13,3,2,52,8,0.1538,0,0.0,0
13,3,4,327,46,0.1407,0,0.0,0
13,3,6,258,20,0.0775,0,0.0,0
13,3,8,76,7,0.0921,0,0.0,0
13,4,10,267,26,0.0974,0,0.0,0
13,4,12,1010,113,0.1119,0,0.0,0
13,4,14,747,79,0.1058,0,0.0,0
13,4,16,133,12,0.0902,0,0.0,0
13,4,17,284,24,0.0845,0,0.0,0
13,4,2,52,5,0.0962,0,0.0,0
13,4,4,327,21,0.0642,0,0.0,0
13,4,6,258,32,0.124,0,0.0,0
13,4,8,76,6,0.0789,0,0.0,0
13,5,10,267,10,0.0375,0,0.0,0
13,5,12,1010,55,0.0545,0,0.0,0
13,5,14,747,48,0.0643,0,0.0,0
13,5,16,133,11,0.0827,0,0.0,0
13,5,17,284,11,0.0387,0,0.0,0
13,5,2,52,2,0.0385,0,0.0,0
13,5,4,326,17,0.0521,0,0.0,0
13,5,6,258,10,0.0388,0,0.0,0
13,5,8,76,7,0.0921,0,0.0,0
13,6,10,261,6,0.023,0,0.0,0
13,6,12,999,13,0.013,0,0.0,0
13,6,14,737,16,0.0217,0,0.0,0
13,6,16,132,2,0.0152,0,0.0,0
13,6,17,283,8,0.0283,0,0.0,0
13,6,2,52,0,0.0,0,0.0,0
13,6,4,322,4,0.0124,0,0.0,0
13,6,6,256,5,0.0195,0,0.0,0
13,6,8,74,1,0.0135,0,0.0,0
14,1,1,23,16,0.6957,15,0.6522,0
14,1,11,430,193,0.4488,187,0.4349,0
14,1,13,851,429,0.5041,417,0.49,0
14,1,15,29,12,0.4138,12,0.4138,0
14,1,17,133,74,0.5564,71,0.5338,0
14,1,3,175,83,0.4743,78,0.4457,0
14,1,5,1080,515,0.4769,495,0.4583,0
14,1,7,216,104,0.4815,99,0.4583,0
14,1,9,34,20,0.5882,20,0.5882,0
14,2,1,23,3,0.1304,0,0.0,0
14,2,11,430,55,0.1279,0,0.0,0
14,2,13,851,115,0.1351,0,0.0,0
14,2,15,29,4,0.1379,0,0.0,0
14,2,17,133,19,0.1429,0,0.0,0
14,2,3,175,18,0.1029,0,0.0,0
14,2,5,1080,170,0.1574,0,0.0,0
14,2,7,216,40,0.1852,0,0.0,0
14,2,9,34,4,0.1176,0,0.0,0
14,3,1,23,1,0.0435,0,0.0,0
14,3,11,430,71,0.1651,0,0.0,0
14,3,13,851,124,0.1457,0,0.0,0
14,3,15,29,9,0.3103,0,0.0,0
14,3,17,133,18,0.1353,0,0.0,0
14,3,3,175,29,0.1657,0,0.0,0
14,3,5,1080,178,0.1648,0,0.0,0
14,3,7,216,31,0.1435,0,0.0,0
14,3,9,34,5,0.1471,0,0.0,0
14,4,1,23,2,0.087,0,0.0,0
14,4,11,430,61,0.1419,0,0.0,0
14,4,13,851,96,0.1128,0,0.0,0
14,4,15,29,2,0.069,0,0.0,0
14,4,17,133,11,0.0827,0,0.0,0
14,4,3,175,31,0.1771,0,0.0,0
14,4,5,1080,114,0.1056,0,0.0,0
14,4,7,216,23,0.1065,0,0.0,0
14,4,9,34,2,0.0588,0,0.0,0
14,5,1,23,1,0.0435,0,0.0,0
14,5,11,430,42,0.0977,0,0.0,0
14,5,13,851,67,0.0787,0,0.0,0
14,5,15,29,1,0.0345,0,0.0,0
14,5,17,133,10,0.0752,0,0.0,0
14,5,3,175,12,0.0686,0,0.0,0
14,5,5,1080,76,0.0704,0,0.0,0
14,5,7,216,15,0.0694,0,0.0,0
14,5,9,34,2,0.0588,0,0.0,0
14,6,1,22,0,0.0,0,0.0,0
14,6,11,426,8,0.0188,0,0.0,0
14,6,13,844,20,0.0237,0,0.0,0
14,6,15,29,1,0.0345,0,0.0,0
14,6,17,133,1,0.0075,0,0.0,0
14,6,3,174,2,0.0115,0,0.0,0
14,6,5,1061,27,0.0254,0,0.0,0
14,6,7,213,3,0.0141,0,0.0,0
14,6,9,34,1,0.0294,0,0.0,0
15,1,1,254,135,0.5315,133,0.5236,0
15,1,11,485,276,0.5691,265,0.5464,0
15,1,13,666,374,0.5616,361,0.542,0
15,1,15,539,281,0.5213,269,0.4991,0
15,1,17,20,14,0.7,14,0.7,0
15,1,3,257,154,0.5992,145,0.5642,0
15,1,5,179,106,0.5922,105,0.5866,0
15,1,7,150,92,0.6133,90,0.6,0
15,1,9,626,351,0.5607,336,0.5367,0
15,2,1,254,39,0.1535,0,0.0,0
15,2,11,485,60,0.1237,0,0.0,0
15,2,13,666,87,0.1306,0,0.0,0
15,2,15,539,70,0.1299,0,0.0,0
15,2,17,20,3,0.15,0,0.0,0
15,2,3,257,30,0.1167,0,0.0,0
15,2,5,179,25,0.1397,0,0.0,0
15,2,7,150,21,0.14,0,0.0,0
15,2,9,626,79,0.1262,0,0.0,0
15,3,1,254,24,0.0945,0,0.0,0
15,3,11,485,58,0.1196,0,0.0,0
15,3,13,666,88,0.1321,0,0.0,0
15,3,15,539,77,0.1429,0,0.0,0
15,3,17,20,1,0.05,0,0.0,0
15,3,3,257,37,0.144,0,0.0,0
15,3,5,179,14,0.0782,0,0.0,0
15,3,7,150,14,0.0933,0,0.0,0
15,3,9,626,81,0.1294,0,0.0,0
15,4,1,254,26,0.1024,0,0.0,0
15,4,11,485,45,0.0928,0,0.0,0
15,4,13,666,59,0.0886,0,0.0,0
15,4,15,539,63,0.1169,0,0.0,0
15,4,17,20,1,0.05,0,0.0,0
15,4,3,257,19,0.0739,0,0.0,0
15,4,5,179,14,0.0782,0,0.0,0
15,4,7,150,12,0.08,0,0.0,0
15,4,9,626,58,0.0927,0,0.0,0
15,5,1,254,22,0.0866,0,0.0,0
15,5,11,485,31,0.0639,0,0.0,0
15,5,13,666,43,0.0646,0,0.0,0
15,5,15,539,36,0.0668,0,0.0,0
15,5,17,20,0,0.0,0,0.0,0
15,5,3,257,16,0.0623,0,0.0,0
15,5,5,179,14,0.0782,0,0.0,0
15,5,7,150,8,0.0533,0,0.0,0
15,5,9,626,42,0.0671,0,0.0,0
15,6,1,251,8,0.0319,0,0.0,0
15,6,11,480,15,0.0312,0,0.0,0
15,6,13,660,15,0.0227,0,0.0,0
15,6,15,531,12,0.0226,0,0.0,0
15,6,17,20,1,0.05,0,0.0,0
15,6,3,256,0,0.0,0,0.0,0
15,6,5,176,6,0.0341,0,0.0,0
15,6,7,150,3,0.02,0,0.0,0
15,6,9,621,15,0.0242,0,0.0,0
16,1,11,1077,605,0.5617,576,0.5348,0
16,1,13,812,446,0.5493,430,0.5296,0
16,1,15,481,268,0.5572,260,0.5405,0
16,1,17,39,20,0.5128,18,0.4615,0
16,1,3,438,263,0.6005,252,0.5753,0
16,1,5,174,91,0.523,86,0.4943,0
16,1,7,267,144,0.5393,136,0.5094,0
16,2,11,1077,111,0.1031,0,0.0,0
16,2,13,812,82,0.101,0,0.0,0
16,2,15,481,68,0.1414,0,0.0,0
16,2,17,39,6,0.1538,0,0.0,0
16,2,3,438,65,0.1484,0,0.0,0
16,2,5,174,25,0.1437,0,0.0,0
16,2,7,267,43,0.161,0,0.0,0
16,3,11,1077,153,0.1421,0,0.0,0
16,3,13,812,120,0.1478,0,0.0,0
16,3,15,481,54,0.1123,0,0.0,0
16,3,17,39,5,0.1282,0,0.0,0
16,3,3,438,50,0.1142,0,0.0,0
16,3,5,174,22,0.1264,0,0.0,0
16,3,7,267,40,0.1498,0,0.0,0
16,4,11,1077,107,0.0994,0,0.0,0
16,4,13,812,97,0.1195,0,0.0,0
16,4,15,481,41,0.0852,0,0.0,0
16,4,17,39,3,0.0769,0,0.0,0
16,4,3,438,36,0.0822,0,0.0,0
16,4,5,174,23,0.1322,0,0.0,0
16,4,7,267,26,0.0974,0,0.0,0
16,5,11,1077,79,0.0734,0,0.0,0
16,5,13,812,51,0.0628,0,0.0,0
16,5,15,481,31,0.0644,0,0.0,0
16,5,17,39,4,0.1026,0,0.0,0
16,5,3,438,15,0.0342,0,0.0,0
16,5,5,174,11,0.0632,0,0.0,0
16,5,7,267,9,0.0337,0,0.0,0
16,6,11,1074,22,0.0205,0,0.0,0
16,6,13,805,16,0.0199,0,0.0,0
16,6,15,479,19,0.0397,0,0.0,0
16,6,17,39,1,0.0256,0,0.0,0
16,6,3,431,9,0.0209,0,0.0,0
16,6,5,170,2,0.0118,0,0.0,0
16,6,7,265,5,0.0189,0,0.0,0
17,1,1,47,29,0.617,26,0.5532,0
17,1,11,547,311,0.5686,298,0.5448,0
17,1,13,974,560,0.5749,541,0.5554,0
17,1,15,121,60,0.4959,60,0.4959,0
17,1,17,287,196,0.6829,191,0.6655,0
17,1,3,111,70,0.6306,68,0.6126,0
17,1,5,528,281,0.5322,265,0.5019,0
17,1,7,610,325,0.5328,315,0.5164,0
17,1,9,57,33,0.5789,32,0.5614,0
17,2,1,47,6,0.1277,0,0.0,0
17,2,11,547,59,0.1079,0,0.0,0
17,2,13,974,105,0.1078,0,0.0,0
17,2,15,121,20,0.1653,0,0.0,0
17,2,17,287,27,0.0941,0,0.0,0
17,2,3,111,12,0.1081,0,0.0,0
17,2,5,528,66,0.125,0,0.0,0
17,2,7,610,97,0.159,0,0.0,0
17,2,9,57,8,0.1404,0,0.0,0
17,3,1,47,4,0.0851,0,0.0,0
17,3,11,547,67,0.1225,0,0.0,0
17,3,13,974,125,0.1283,0,0.0,0
17,3,15,121,22,0.1818,0,0.0,0
17,3,17,287,29,0.101,0,0.0,0
17,3,3,111,10,0.0901,0,0.0,0
17,3,5,528,74,0.1402,0,0.0,0
17,3,7,610,89,0.1459,0,0.0,0
17,3,9,57,8,0.1404,0,0.0,0
17,4,1,47,3,0.0638,0,0.0,0
17,4,11,547,62,0.1133,0,0.0,0
17,4,13,974,103,0.1057,0,0.0,0
17,4,15,121,9,0.0744,0,0.0,0
17,4,17,287,20,0.0697,0,0.0,0
17,4,3,111,11,0.0991,0,0.0,0
17,4,5,528,64,0.1212,0,0.0,0
17,4,7,610,60,0.0984,0,0.0,0
17,4,9,57,6,0.1053,0,0.0,0
17,5,1,47,5,0.1064,0,0.0,0
17,5,11,547,40,0.0731,0,0.0,0
17,5,13,974,60,0.0616,0,0.0,0
17,5,15,121,9,0.0744,0,0.0,0
17,5,17,287,11,0.0383,0,0.0,0
17,5,3,111,4,0.036,0,0.0,0
17,5,5,528,31,0.0587,0,0.0,0
17,5,7,610,34,0.0557,0,0.0,0
17,5,9,57,2,0.0351,0,0.0,0
17,6,1,46,0,0.0,0,0.0,0
17,6,11,540,8,0.0148,0,0.0,0
17,6,13,958,21,0.0219,0,0.0,0
17,6,15,120,1,0.0083,0,0.0,0
17,6,17,283,4,0.0141,0,0.0,0
17,6,3,110,4,0.0364,0,0.0,0
17,6,5,524,11,0.021,0,0.0,0
17,6,7,604,6,0.0099,0,0.0,0
17,6,9,57,0,0.0,0,0.0,0
18,1,1,300,186,0.62,178,0.5933,0
18,1,11,132,85,0.6439,79,0.5985,0
18,1,13,48,24,0.5,24,0.5,0
18,1,15,158,84,0.5316,82,0.519,0
18,1,3,364,237,0.6511,227,0.6236,0
18,1,5,364,204,0.5604,194,0.533,0
18,1,7,705,440,0.6241,417,0.5915,0
18,1,9,1222,784,0.6416,744,0.6088,0
18,2,1,300,35,0.1167,0,0.0,0
18,2,11,132,18,0.1364,0,0.0,0
18,2,13,48,6,0.125,0,0.0,0
18,2,15,158,20,0.1266,0,0.0,0
18,2,3,364,36,0.0989,0,0.0,0
18,2,5,364,55,0.1511,0,0.0,0
18,2,7,705,90,0.1277,0,0.0,0
18,2,9,1222,137,0.1121,0,0.0,0
18,3,1,300,30,0.1,0,0.0,0
18,3,11,132,16,0.1212,0,0.0,0
18,3,13,48,5,0.1042,0,0.0,0
18,3,15,158,24,0.1519,0,0.0,0
18,3,3,364,40,0.1099,0,0.0,0
18,3,5,364,51,0.1401,0,0.0,0
18,3,7,705,81,0.1149,0,0.0,0
18,3,9,1222,137,0.1121,0,0.0,0
18,4,1,300,34,0.1133,0,0.0,0
18,4,11,132,9,0.0682,0,0.0,0
18,4,13,48,7,0.1458,0,0.0,0
18,4,15,158,18,0.1139,0,0.0,0
18,4,3,364,31,0.0852,0,0.0,0
18,4,5,364,37,0.1016,0,0.0,0
18,4,7,705,56,0.0794,0,0.0,0
18,4,9,1222,96,0.0786,0,0.0,0
18,5,1,300,13,0.0433,0,0.0,0
18,5,11,132,4,0.0303,0,0.0,0
18,5,13,48,4,0.0833,0,0.0,0
18,5,15,158,9,0.057,0,0.0,0
18,5,3,364,16,0.044,0,0.0,0
18,5,5,364,15,0.0412,0,0.0,0
18,5,7,705,29,0.0411,0,0.0,0
18,5,9,1222,52,0.0426,0,0.0,0
18,6,1,297,2,0.0067,0,0.0,0
18,6,11,131,0,0.0,0,0.0,0
18,6,13,48,2,0.0417,0,0.0,0
18,6,15,158,3,0.019,0,0.0,0
18,6,3,361,4,0.0111,0,0.0,0
18,6,5,357,2,0.0056,0,0.0,0
18,6,7,699,9,0.0129,0,0.0,0
18,6,9,1211,16,0.0132,0,0.0,0
19,1,1,483,296,0.6128,282,0.5839,0
19,1,11,170,90,0.5294,87,0.5118,0
19,1,13,204,128,0.6275,123,0.6029,0
19,1,15,434,257,0.5922,238,0.5484,0
19,1,3,382,242,0.6335,228,0.5969,0
19,1,5,503,298,0.5924,281,0.5586,0
19,1,7,529,327,0.6181,309,0.5841,0
19,1,9,382,237,0.6204,228,0.5969,0
19,2,1,483,44,0.0911,0,0.0,0
19,2,11,170,28,0.1647,0,0.0,0
19,2,13,204,26,0.1275,0,0.0,0
19,2,15,434,46,0.106,0,0.0,0
19,2,3,382,37,0.0969,0,0.0,0
19,2,5,503,67,0.1332,0,0.0,0
19,2,7,529,63,0.1191,0,0.0,0
19,2,9,382,56,0.1466,0,0.0,0
19,3,1,483,64,0.1325,0,0.0,0
19,3,11,170,22,0.1294,0,0.0,0
19,3,13,204,16,0.0784,0,0.0,0
19,3,15,434,54,0.1244,0,0.0,0
19,3,3,382,40,0.1047,0,0.0,0
19,3,5,503,66,0.1312,0,0.0,0
19,3,7,529,55,0.104,0,0.0,0
19,3,9,382,38,0.0995,0,0.0,0
19,4,1,483,40,0.0828,0,0.0,0
19,4,11,170,18,0.1059,0,0.0,0
19,4,13,204,19,0.0931,0,0.0,0
19,4,15,434,39,0.0899,0,0.0,0
19,4,3,382,42,0.1099,0,0.0,0
19,4,5,503,40,0.0795,0,0.0,0
19,4,7,529,59,0.1115,0,0.0,0
19,4,9,382,34,0.089,0,0.0,0
19,5,1,483,31,0.0642,0,0.0,0
19,5,11,170,11,0.0647,0,0.0,0
19,5,13,204,11,0.0539,0,0.0,0
19,5,15,434,30,0.0691,0,0.0,0
19,5,3,382,15,0.0393,0,0.0,0
19,5,5,503,18,0.0358,0,0.0,0
19,5,7,529,19,0.0359,0,0.0,0
19,5,9,382,13,0.034,0,0.0,0
19,6,1,482,8,0.0166,0,0.0,0
19,6,11,169,1,0.0059,0,0.0,0
19,6,13,202,4,0.0198,0,0.0,0
19,6,15,431,8,0.0186,0,0.0,0
19,6,3,376,6,0.016,0,0.0,0
19,6,5,497,14,0.0282,0,0.0,0
19,6,7,514,6,0.0117,0,0.0,0
19,6,9,375,4,0.0107,0,0.0,0
2,1,10,220,97,0.4409,91,0.4136,0
2,1,12,412,184,0.4466,179,0.4345,0
2,1,14,447,190,0.4251,180,0.4027,0
2,1,16,396,166,0.4192,158,0.399,0
2,1,17,836,373,0.4462,356,0.4258,0
2,1,2,95,48,0.5053,45,0.4737,0
2,1,4,55,21,0.3818,20,0.3636,0
2,1,6,421,153,0.3634,144,0.342,0
2,1,8,226,86,0.3805,82,0.3628,0
2,2,10,220,26,0.1182,0,0.0,0
2,2,12,412,50,0.1214,0,0.0,0
2,2,14,447,77,0.1723,0,0.0,0
2,2,16,396,57,0.1439,0,0.0,0
2,2,17,836,140,0.1675,0,0.0,0
2,2,2,95,15,0.1579,0,0.0,0
2,2,4,55,12,0.2182,0,0.0,0
2,2,6,421,90,0.2138,0,0.0,0
2,2,8,226,51,0.2257,0,0.0,0
2,3,10,220,36,0.1636,0,0.0,0
2,3,12,412,64,0.1553,0,0.0,0
2,3,14,447,80,0.179,0,0.0,0
2,3,16,396,71,0.1793,0,0.0,0
2,3,17,836,140,0.1675,0,0.0,0
2,3,2,95,15,0.1579,0,0.0,0
2,3,4,55,8,0.1455,0,0.0,0
2,3,6,421,74,0.1758,0,0.0,0
2,3,8,226,33,0.146,0,0.0,0
2,4,10,220,32,0.1455,0,0.0,0
2,4,12,412,65,0.1578,0,0.0,0
2,4,14,447,63,0.1409,0,0.0,0
2,4,16,396,59,0.149,0,0.0,0
2,4,17,836,100,0.1196,0,0.0,0
2,4,2,95,8,0.0842,0,0.0,0
2,4,4,55,9,0.1636,0,0.0,0
2,4,6,421,63,0.1496,0,0.0,0
2,4,8,226,33,0.146,0,0.0,0
2,5,10,220,21,0.0955,0,0.0,0
2,5,12,412,34,0.0825,0,0.0,0
2,5,14,447,27,0.0604,0,0.0,0
2,5,16,396,29,0.0732,0,0.0,0
2,5,17,836,66,0.0789,0,0.0,0
2,5,2,95,6,0.0632,0,0.0,0
2,5,4,55,4,0.0727,0,0.0,0
2,5,6,421,30,0.0713,0,0.0,0
2,5,8,225,19,0.0844,0,0.0,0
2,6,10,218,8,0.0367,0,0.0,0
2,6,12,404,15,0.0371,0,0.0,0
2,6,14,444,10,0.0225,0,0.0,0
2,6,16,390,13,0.0333,0,0.0,0
2,6,17,831,17,0.0205,0,0.0,0
2,6,2,95,3,0.0316,0,0.0,0
2,6,4,55,1,0.0182,0,0.0,0
2,6,6,418,11,0.0263,0,0.0,0
2,6,8,223,4,0.0179,0,0.0,0
20,1,10,12,4,0.3333,4,0.3333,0
20,1,12,87,53,0.6092,51,0.5862,0
20,1,14,341,182,0.5337,168,0.4927,0
20,1,16,576,339,0.5885,327,0.5677,0
20,1,17,92,62,0.6739,60,0.6522,0
20,1,2,703,449,0.6387,435,0.6188,0
20,1,4,573,340,0.5934,321,0.5602,0
20,1,6,819,417,0.5092,385,0.4701,0
20,1,8,58,30,0.5172,29,0.5,0
20,2,10,12,3,0.25,0,0.0,0
20,2,12,87,5,0.0575,0,0.0,0
20,2,14,341,48,0.1408,0,0.0,0
20,2,16,576,61,0.1059,0,0.0,0
20,2,17,92,11,0.1196,0,0.0,0
20,2,2,703,72,0.1024,0,0.0,0
20,2,4,573,70,0.1222,0,0.0,0
20,2,6,819,132,0.1612,0,0.0,0
20,2,8,58,7,0.1207,0,0.0,0
20,3,10,12,0,0.0,0,0.0,0
20,3,12,87,9,0.1034,0,0.0,0
20,3,14,341,49,0.1437,0,0.0,0
20,3,16,576,70,0.1215,0,0.0,0
20,3,17,92,7,0.0761,0,0.0,0
20,3,2,703,65,0.0925,0,0.0,0
20,3,4,573,57,0.0995,0,0.0,0
20,3,6,819,116,0.1416,0,0.0,0
20,3,8,58,4,0.069,0,0.0,0
20,4,10,12,1,0.0833,0,0.0,0
20,4,12,87,12,0.1379,0,0.0,0
20,4,14,341,32,0.0938,0,0.0,0
20,4,16,576,56,0.0972,0,0.0,0
20,4,17,92,10,0.1087,0,0.0,0
20,4,2,703,64,0.091,0,0.0,0
20,4,4,573,65,0.1134,0,0.0,0
20,4,6,819,92,0.1123,0,0.0,0
20,4,8,58,9,0.1552,0,0.0,0
20,5,10,12,4,0.3333,0,0.0,0
20,5,12,87,8,0.092,0,0.0,0
20,5,14,341,17,0.0499,0,0.0,0
20,5,16,576,41,0.0712,0,0.0,0
20,5,17,92,2,0.0217,0,0.0,0
20,5,2,703,38,0.0541,0,0.0,0
20,5,4,573,27,0.0471,0,0.0,0
20,5,6,819,43,0.0525,0,0.0,0
20,5,8,58,5,0.0862,0,0.0,0
20,6,10,12,0,0.0,0,0.0,0
20,6,12,87,0,0.0,0,0.0,0
20,6,14,337,13,0.0386,0,0.0,0
20,6,16,568,9,0.0158,0,0.0,0
20,6,17,90,0,0.0,0,0.0,0
20,6,2,701,15,0.0214,0,0.0,0
20,6,4,567,14,0.0247,0,0.0,0
20,6,6,809,19,0.0235,0,0.0,0
20,6,8,57,3,0.0526,0,0.0,0
21,1,1,483,293,0.6066,278,0.5756,0
21,1,11,204,131,0.6422,126,0.6176,0
21,1,13,763,429,0.5623,409,0.536,0
21,1,15,36,25,0.6944,23,0.6389,0
21,1,17,153,92,0.6013,86,0.5621,0
21,1,3,228,129,0.5658,122,0.5351,0
21,1,5,375,210,0.56,199,0.5307,0
21,1,7,652,386,0.592,362,0.5552,0
21,1,9,354,223,0.6299,215,0.6073,0
21,2,1,483,33,0.0683,0,0.0,0
21,2,11,204,15,0.0735,0,0.0,0
21,2,13,763,63,0.0826,0,0.0,0
21,2,15,36,2,0.0556,0,0.0,0
21,2,17,153,14,0.0915,0,0.0,0
21,2,3,228,27,0.1184,0,0.0,0
21,2,5,375,58,0.1547,0,0.0,0
21,2,7,652,86,0.1319,0,0.0,0
21,2,9,354,36,0.1017,0,0.0,0
21,3,1,483,50,0.1035,0,0.0,0
21,3,11,204,18,0.0882,0,0.0,0
21,3,13,763,95,0.1245,0,0.0,0
21,3,15,36,2,0.0556,0,0.0,0
21,3,17,153,12,0.0784,0,0.0,0
21,3,3,228,32,0.1404,0,0.0,0
21,3,5,375,38,0.1013,0,0.0,0
21,3,7,652,80,0.1227,0,0.0,0
21,3,9,354,33,0.0932,0,0.0,0
21,4,1,483,60,0.1242,0,0.0,0
21,4,11,204,21,0.1029,0,0.0,0
21,4,13,763,86,0.1127,0,0.0,0
21,4,15,36,4,0.1111,0,0.0,0
21,4,17,153,14,0.0915,0,0.0,0
21,4,3,228,23,0.1009,0,0.0,0
21,4,5,375,34,0.0907,0,0.0,0
21,4,7,652,62,0.0951,0,0.0,0
21,4,9,354,35,0.0989,0,0.0,0
21,5,1,483,37,0.0766,0,0.0,0
21,5,11,204,13,0.0637,0,0.0,0
21,5,13,763,69,0.0904,0,0.0,0
21,5,15,36,2,0.0556,0,0.0,0
21,5,17,153,16,0.1046,0,0.0,0
21,5,3,228,13,0.057,0,0.0,0
21,5,5,375,24,0.064,0,0.0,0
21,5,7,652,30,0.046,0,0.0,0
21,5,9,354,24,0.0678,0,0.0,0
21,6,1,478,10,0.0209,0,0.0,0
21,6,11,203,6,0.0296,0,0.0,0
21,6,13,754,21,0.0279,0,0.0,0
21,6,15,36,1,0.0278,0,0.0,0
21,6,17,151,5,0.0331,0,0.0,0
21,6,3,225,4,0.0178,0,0.0,0
21,6,5,370,11,0.0297,0,0.0,0
21,6,7,645,8,0.0124,0,0.0,0
21,6,9,350,3,0.0086,0,0.0,0
22,1,10,1461,877,0.6003,836,0.5722,0
22,1,12,269,129,0.4796,122,0.4535,0
22,1,14,180,100,0.5556,94,0.5222,0
22,1,16,34,20,0.5882,18,0.5294,0
22,1,17,2,1,0.5,1,0.5,1
22,1,2,426,240,0.5634,223,0.5235,0
22,1,4,138,69,0.5,65,0.471,0
22,1,6,93,56,0.6022,52,0.5591,0
22,1,8,534,314,0.588,292,0.5468,0
22,2,10,1461,210,0.1437,0,0.0,0
22,2,12,269,46,0.171,0,0.0,0
22,2,14,180,24,0.1333,0,0.0,0
22,2,16,34,5,0.1471,0,0.0,0
22,2,17,2,0,0.0,0,0.0,1
22,2,2,426,52,0.1221,0,0.0,0
22,2,4,138,23,0.1667,0,0.0,0
22,2,6,93,20,0.2151,0,0.0,0
22,2,8,534,84,0.1573,0,0.0,0
22,3,10,1461,214,0.1465,0,0.0,0
22,3,12,269,53,0.197,0,0.0,0
22,3,14,180,21,0.1167,0,0.0,0
22,3,16,34,3,0.0882,0,0.0,0
22,3,17,2,0,0.0,0,0.0,1
22,3,2,426,71,0.1667,0,0.0,0
22,3,4,138,24,0.1739,0,0.0,0
22,3,6,93,7,0.0753,0,0.0,0
22,3,8,534,72,0.1348,0,0.0,0
22,4,10,1461,93,0.0637,0,0.0,0
22,4,12,269,31,0.1152,0,0.0,0
22,4,14,180,17,0.0944,0,0.0,0
22,4,16,34,6,0.1765,0,0.0,0
22,4,17,2,0,0.0,0,0.0,1
22,4,2,426,40,0.0939,0,0.0,0
22,4,4,138,12,0.087,0,0.0,0
22,4,6,93,6,0.0645,0,0.0,0
22,4,8,534,46,0.0861,0,0.0,0
22,5,10,1461,47,0.0322,0,0.0,0
22,5,12,269,9,0.0335,0,0.0,0
22,5,14,180,14,0.0778,0,0.0,0
22,5,16,34,0,0.0,0,0.0,0
22,5,17,2,1,0.5,0,0.0,1
22,5,2,426,23,0.054,0,0.0,0
22,5,4,138,4,0.029,0,0.0,0
22,5,6,93,4,0.043,0,0.0,0
22,5,8,533,15,0.0281,0,0.0,0
22,6,10,1448,19,0.0131,0,0.0,0
22,6,12,266,1,0.0038,0,0.0,0
22,6,14,178,4,0.0225,0,0.0,0
22,6,16,34,0,0.0,0,0.0,0
22,6,17,2,0,0.0,0,0.0,1
22,6,2,424,0,0.0,0,0.0,0
22,6,4,138,6,0.0435,0,0.0,0
22,6,6,93,0,0.0,0,0.0,0
22,6,8,528,3,0.0057,0,0.0,0
23,1,10,2,1,0.5,1,0.5,1
23,1,12,555,320,0.5766,304,0.5477,0
23,1,14,470,291,0.6191,280,0.5957,0
23,1,16,271,167,0.6162,162,0.5978,0
23,1,17,48,37,0.7708,37,0.7708,0
23,1,2,171,100,0.5848,97,0.5673,0
23,1,4,1281,647,0.5051,611,0.477,0
23,1,6,206,108,0.5243,102,0.4951,0
23,1,8,5,3,0.6,3,0.6,1
23,2,10,2,1,0.5,0,0.0,1
23,2,12,555,69,0.1243,0,0.0,0
23,2,14,470,53,0.1128,0,0.0,0
23,2,16,271,24,0.0886,0,0.0,0
23,2,17,48,6,0.125,0,0.0,0
23,2,2,171,27,0.1579,0,0.0,0
23,2,4,1281,211,0.1647,0,0.0,0
23,2,6,206,37,0.1796,0,0.0,0
23,2,8,5,0,0.0,0,0.0,1
23,3,10,2,0,0.0,0,0.0,1
23,3,12,555,64,0.1153,0,0.0,0
23,3,14,470,53,0.1128,0,0.0,0
23,3,16,271,31,0.1144,0,0.0,0
23,3,17,48,4,0.0833,0,0.0,0
23,3,2,171,18,0.1053,0,0.0,0
23,3,4,1281,190,0.1483,0,0.0,0
23,3,6,206,18,0.0874,0,0.0,0
23,3,8,5,0,0.0,0,0.0,1
23,4,10,2,0,0.0,0,0.0,1
23,4,12,555,58,0.1045,0,0.0,0
23,4,14,470,37,0.0787,0,0.0,0
23,4,16,271,30,0.1107,0,0.0,0
23,4,17,48,1,0.0208,0,0.0,0
23,4,2,171,9,0.0526,0,0.0,0
23,4,4,1281,132,0.103,0,0.0,0
23,4,6,206,24,0.1165,0,0.0,0
23,4,8,5,1,0.2,0,0.0,1
23,5,10,2,0,0.0,0,0.0,1
23,5,12,555,31,0.0559,0,0.0,0
23,5,14,470,26,0.0553,0,0.0,0
23,5,16,271,16,0.059,0,0.0,0
23,5,17,48,0,0.0,0,0.0,0
23,5,2,171,13,0.076,0,0.0,0
23,5,4,1280,80,0.0625,0,0.0,0
23,5,6,206,15,0.0728,0,0.0,0
23,5,8,5,1,0.2,0,0.0,1
23,6,10,2,0,0.0,0,0.0,1
23,6,12,549,13,0.0237,0,0.0,0
23,6,14,464,10,0.0216,0,0.0,0
23,6,16,267,3,0.0112,0,0.0,0
23,6,17,48,0,0.0,0,0.0,0
23,6,2,169,4,0.0237,0,0.0,0
23,6,4,1268,21,0.0166,0,0.0,0
23,6,6,206,4,0.0194,0,0.0,0
23,6,8,5,0,0.0,0,0.0,1
24,1,1,460,303,0.6587,289,0.6283,0
24,1,11,459,297,0.6471,281,0.6122,0
24,1,13,271,172,0.6347,166,0.6125,0
24,1,15,246,144,0.5854,139,0.565,0
24,1,17,70,40,0.5714,38,0.5429,0
24,1,3,304,184,0.6053,171,0.5625,0
24,1,5,407,235,0.5774,218,0.5356,0
24,1,7,299,167,0.5585,157,0.5251,0
24,1,9,763,451,0.5911,428,0.5609,0
24,2,1,460,50,0.1087,0,0.0,0
24,2,11,459,47,0.1024,0,0.0,0
24,2,13,271,29,0.107,0,0.0,0
24,2,15,246,20,0.0813,0,0.0,0
24,2,17,70,6,0.0857,0,0.0,0
24,2,3,304,52,0.1711,0,0.0,0
24,2,5,407,49,0.1204,0,0.0,0
24,2,7,299,48,0.1605,0,0.0,0
24,2,9,763,95,0.1245,0,0.0,0
24,3,1,460,48,0.1043,0,0.0,0
24,3,11,459,47,0.1024,0,0.0,0
24,3,13,271,28,0.1033,0,0.0,0
24,3,15,246,29,0.1179,0,0.0,0
24,3,17,70,10,0.1429,0,0.0,0
24,3,3,304,24,0.0789,0,0.0,0
24,3,5,407,56,0.1376,0,0.0,0
24,3,7,299,29,0.097,0,0.0,0
24,3,9,763,100,0.1311,0,0.0,0
24,4,1,460,29,0.063,0,0.0,0
24,4,11,459,37,0.0806,0,0.0,0
24,4,13,271,25,0.0923,0,0.0,0
24,4,15,246,28,0.1138,0,0.0,0
24,4,17,70,9,0.1286,0,0.0,0
24,4,3,304,21,0.0691,0,0.0,0
24,4,5,407,31,0.0762,0,0.0,0
24,4,7,299,32,0.107,0,0.0,0
24,4,9,763,69,0.0904,0,0.0,0
24,5,1,460,24,0.0522,0,0.0,0
24,5,11,459,24,0.0523,0,0.0,0
24,5,13,271,16,0.059,0,0.0,0
24,5,15,246,20,0.0813,0,0.0,0
24,5,17,70,4,0.0571,0,0.0,0
24,5,3,304,15,0.0493,0,0.0,0
24,5,5,407,29,0.0713,0,0.0,0
24,5,7,299,16,0.0535,0,0.0,0
24,5,9,763,40,0.0524,0,0.0,0
24,6,1,459,6,0.0131,0,0.0,0
24,6,11,456,6,0.0132,0,0.0,0
24,6,13,269,1,0.0037,0,0.0,0
24,6,15,244,4,0.0164,0,0.0,0
24,6,17,69,1,0.0145,0,0.0,0
24,6,3,303,8,0.0264,0,0.0,0
24,6,5,405,7,0.0173,0,0.0,0
24,6,7,295,7,0.0237,0,0.0,0
24,6,9,758,8,0.0106,0,0.0,0
3,1,10,236,106,0.4492,98,0.4153,0
3,1,12,406,193,0.4754,185,0.4557,0
3,1,14,557,268,0.4811,246,0.4417,0
3,1,16,142,80,0.5634,71,0.5,0
3,1,17,7,6,0.8571,6,0.8571,1
3,1,2,259,114,0.4402,104,0.4015,0
3,1,4,993,439,0.4421,405,0.4079,0
3,1,6,192,84,0.4375,79,0.4115,0
3,1,8,27,15,0.5556,15,0.5556,0
3,2,10,236,39,0.1653,0,0.0,0
3,2,12,406,63,0.1552,0,0.0,0
3,2,14,557,97,0.1741,0,0.0,0
3,2,16,142,27,0.1901,0,0.0,0
3,2,17,7,0,0.0,0,0.0,1
3,2,2,259,55,0.2124,0,0.0,0
3,2,4,993,200,0.2014,0,0.0,0
3,2,6,192,34,0.1771,0,0.0,0
3,2,8,27,2,0.0741,0,0.0,0
3,3,10,236,29,0.1229,0,0.0,0
3,3,12,406,65,0.1601,0,0.0,0
3,3,14,557,84,0.1508,0,0.0,0
3,3,16,142,13,0.0915,0,0.0,0
3,3,17,7,0,0.0,0,0.0,1
3,3,2,259,38,0.1467,0,0.0,0
3,3,4,993,136,0.137,0,0.0,0
3,3,6,192,28,0.1458,0,0.0,0
3,3,8,27,2,0.0741,0,0.0,0
3,4,10,236,40,0.1695,0,0.0,0
3,4,12,406,55,0.1355,0,0.0,0
3,4,14,557,59,0.1059,0,0.0,0
3,4,16,142,11,0.0775,0,0.0,0
3,4,17,7,0,0.0,0,0.0,1
3,4,2,259,28,0.1081,0,0.0,0
3,4,4,993,126,0.1269,0,0.0,0
3,4,6,192,27,0.1406,0,0.0,0
3,4,8,27,3,0.1111,0,0.0,0
3,5,10,236,14,0.0593,0,0.0,0
3,5,12,406,20,0.0493,0,0.0,0
3,5,14,557,37,0.0664,0,0.0,0
3,5,16,142,8,0.0563,0,0.0,0
3,5,17,7,0,0.0,0,0.0,1
3,5,2,259,21,0.0811,0,0.0,0
3,5,4,993,66,0.0665,0,0.0,0
3,5,6,192,15,0.0781,0,0.0,0
3,5,8,27,4,0.1481,0,0.0,0
3,6,10,231,8,0.0346,0,0.0,0
3,6,12,398,10,0.0251,0,0.0,0
3,6,14,547,12,0.0219,0,0.0,0
3,6,16,139,2,0.0144,0,0.0,0
3,6,17,7,1,0.1429,0,0.0,1
3,6,2,251,3,0.012,0,0.0,0
3,6,4,974,26,0.0267,0,0.0,0
3,6,6,190,4,0.0211,0,0.0,0
3,6,8,26,1,0.0385,0,0.0,0
4,1,1,150,73,0.4867,72,0.48,0
4,1,11,26,11,0.4231,11,0.4231,0
4,1,13,590,235,0.3983,223,0.378,0
4,1,15,196,77,0.3929,71,0.3622,0
4,1,17,147,56,0.381,56,0.381,0
4,1,3,340,157,0.4618,149,0.4382,0
4,1,5,1443,690,0.4782,654,0.4532,0
4,1,7,26,6,0.2308,6,0.2308,0
4,1,9,8,3,0.375,3,0.375,1
4,2,1,150,22,0.1467,0,0.0,0
4,2,11,26,5,0.1923,0,0.0,0
4,2,13,590,86,0.1458,0,0.0,0
4,2,15,196,35,0.1786,0,0.0,0
4,2,17,147,24,0.1633,0,0.0,0
4,2,3,340,51,0.15,0,0.0,0
4,2,5,1443,251,0.1739,0,0.0,0
4,2,7,26,4,0.1538,0,0.0,0
4,2,9,8,2,0.25,0,0.0,1
4,3,1,150,23,0.1533,0,0.0,0
4,3,11,26,3,0.1154,0,0.0,0
4,3,13,590,98,0.1661,0,0.0,0
4,3,15,196,32,0.1633,0,0.0,0
4,3,17,147,39,0.2653,0,0.0,0
4,3,3,340,68,0.2,0,0.0,0
4,3,5,1443,202,0.14,0,0.0,0
4,3,7,26,6,0.2308,0,0.0,0
4,3,9,8,1,0.125,0,0.0,1
4,4,1,150,22,0.1467,0,0.0,0
4,4,11,26,5,0.1923,0,0.0,0
4,4,13,590,89,0.1508,0,0.0,0
4,4,15,196,27,0.1378,0,0.0,0
4,4,17,147,15,0.102,0,0.0,0
4,4,3,340,37,0.1088,0,0.0,0
4,4,5,1443,172,0.1192,0,0.0,0
4,4,7,26,7,0.2692,0,0.0,0
4,4,9,8,1,0.125,0,0.0,1
4,5,1,150,8,0.0533,0,0.0,0
4,5,11,26,1,0.0385,0,0.0,0
4,5,13,590,62,0.1051,0,0.0,0
4,5,15,196,16,0.0816,0,0.0,0
4,5,17,147,10,0.068,0,0.0,0
4,5,3,340,16,0.0471,0,0.0,0
4,5,5,1443,98,0.0679,0,0.0,0
4,5,7,26,3,0.1154,0,0.0,0
4,5,9,8,0,0.0,0,0.0,1
4,6,1,148,2,0.0135,0,0.0,0
4,6,11,26,1,0.0385,0,0.0,0
4,6,13,583,20,0.0343,0,0.0,0
4,6,15,195,9,0.0462,0,0.0,0
4,6,17,145,3,0.0207,0,0.0,0
4,6,3,332,11,0.0331,0,0.0,0
4,6,5,1427,29,0.0203,0,0.0,0
4,6,7,26,0,0.0,0,0.0,0
4,6,9,8,1,0.125,0,0.0,1
5,1,1,250,131,0.524,128,0.512,0
5,1,11,211,118,0.5592,114,0.5403,0
5,1,13,138,81,0.587,80,0.5797,0
5,1,15,115,64,0.5565,63,0.5478,0
5,1,17,254,135,0.5315,132,0.5197,0
5,1,3,435,243,0.5586,230,0.5287,0
5,1,5,610,309,0.5066,287,0.4705,0
5,1,7,327,186,0.5688,178,0.5443,0
5,1,9,855,448,0.524,434,0.5076,0
5,2,1,250,39,0.156,0,0.0,0
5,2,11,211,25,0.1185,0,0.0,0
5,2,13,138,17,0.1232,0,0.0,0
5,2,15,115,20,0.1739,0,0.0,0
5,2,17,254,39,0.1535,0,0.0,0
5,2,3,435,55,0.1264,0,0.0,0
5,2,5,610,89,0.1459,0,0.0,0
5,2,7,327,40,0.1223,0,0.0,0
5,2,9,855,118,0.138,0,0.0,0
5,3,1,250,33,0.132,0,0.0,0
5,3,11,211,29,0.1374,0,0.0,0
5,3,13,138,19,0.1377,0,0.0,0
5,3,15,115,15,0.1304,0,0.0,0
5,3,17,254,27,0.1063,0,0.0,0
5,3,3,435,52,0.1195,0,0.0,0
5,3,5,610,83,0.1361,0,0.0,0
5,3,7,327,45,0.1376,0,0.0,0
5,3,9,855,116,0.1357,0,0.0,0
5,4,1,250,27,0.108,0,0.0,0
5,4,11,211,15,0.0711,0,0.0,0
5,4,13,138,8,0.058,0,0.0,0
5,4,15,115,9,0.0783,0,0.0,0
5,4,17,254,31,0.122,0,0.0,0
5,4,3,435,45,0.1034,0,0.0,0
5,4,5,610,78,0.1279,0,0.0,0
5,4,7,327,24,0.0734,0,0.0,0
5,4,9,855,101,0.1181,0,0.0,0
5,5,1,250,11,0.044,0,0.0,0
5,5,11,211,18,0.0853,0,0.0,0
5,5,13,138,12,0.087,0,0.0,0
5,5,15,115,4,0.0348,0,0.0,0
5,5,17,254,16,0.063,0,0.0,0
5,5,3,435,29,0.0667,0,0.0,0
5,5,5,610,33,0.0541,0,0.0,0
5,5,7,327,26,0.0795,0,0.0,0
5,5,9,855,53,0.062,0,0.0,0
5,6,1,250,9,0.036,0,0.0,0
5,6,11,207,6,0.029,0,0.0,0
5,6,13,137,1,0.0073,0,0.0,0
5,6,15,115,3,0.0261,0,0.0,0
5,6,17,251,6,0.0239,0,0.0,0
5,6,3,431,11,0.0255,0,0.0,0
5,6,5,606,18,0.0297,0,0.0,0
5,6,7,319,6,0.0188,0,0.0,0
5,6,9,849,19,0.0224,0,0.0,0
6,1,1,366,185,0.5055,181,0.4945,0
6,1,11,388,236,0.6082,226,0.5825,0
6,1,13,1271,626,0.4925,585,0.4603,0
6,1,15,293,147,0.5017,134,0.4573,0
6,1,17,100,56,0.56,53,0.53,0
6,1,3,612,340,0.5556,329,0.5376,0
6,1,5,124,69,0.5565,66,0.5323,0
6,1,7,93,55,0.5914,53,0.5699,0
6,1,9,182,112,0.6154,107,0.5879,0
6,2,1,366,43,0.1175,0,0.0,0
6,2,11,388,45,0.116,0,0.0,0
6,2,13,1271,160,0.1259,0,0.0,0
6,2,15,293,35,0.1195,0,0.0,0
6,2,17,100,15,0.15,0,0.0,0
6,2,3,612,95,0.1552,0,0.0,0
6,2,5,124,22,0.1774,0,0.0,0
6,2,7,93,14,0.1505,0,0.0,0
6,2,9,182,22,0.1209,0,0.0,0
6,3,1,366,55,0.1503,0,0.0,0
6,3,11,388,51,0.1314,0,0.0,0
6,3,13,1271,207,0.1629,0,0.0,0
6,3,15,293,56,0.1911,0,0.0,0
6,3,17,100,13,0.13,0,0.0,0
6,3,3,612,76,0.1242,0,0.0,0
6,3,5,124,10,0.0806,0,0.0,0
6,3,7,93,9,0.0968,0,0.0,0
6,3,9,182,18,0.0989,0,0.0,0
6,4,1,366,54,0.1475,0,0.0,0
6,4,11,388,34,0.0876,0,0.0,0
6,4,13,1271,142,0.1117,0,0.0,0
6,4,15,293,34,0.116,0,0.0,0
6,4,17,100,11,0.11,0,0.0,0
6,4,3,612,55,0.0899,0,0.0,0
6,4,5,124,11,0.0887,0,0.0,0
6,4,7,93,7,0.0753,0,0.0,0
6,4,9,182,17,0.0934,0,0.0,0
6,5,1,366,24,0.0656,0,0.0,0
6,5,11,388,16,0.0412,0,0.0,0
6,5,13,1271,109,0.0858,0,0.0,0
6,5,15,293,15,0.0512,0,0.0,0
6,5,17,100,4,0.04,0,0.0,0
6,5,3,612,36,0.0588,0,0.0,0
6,5,5,124,6,0.0484,0,0.0,0
6,5,7,93,5,0.0538,0,0.0,0
6,5,9,182,13,0.0714,0,0.0,0
6,6,1,365,5,0.0137,0,0.0,0
6,6,11,381,6,0.0157,0,0.0,0
6,6,13,1260,27,0.0214,0,0.0,0
6,6,15,292,6,0.0205,0,0.0,0
6,6,17,98,1,0.0102,0,0.0,0
6,6,3,603,10,0.0166,0,0.0,0
6,6,5,123,6,0.0488,0,0.0,0
6,6,7,90,2,0.0222,0,0.0,0
6,6,9,180,0,0.0,0,0.0,0
7,1,1,968,561,0.5795,543,0.561,0
7,1,11,193,95,0.4922,92,0.4767,0
7,1,13,510,269,0.5275,264,0.5176,0
7,1,15,304,160,0.5263,157,0.5164,0
7,1,17,93,58,0.6237,56,0.6022,0
7,1,3,69,44,0.6377,44,0.6377,0
7,1,5,81,57,0.7037,56,0.6914,0
7,1,7,212,120,0.566,116,0.5472,0
7,1,9,820,482,0.5878,468,0.5707,0
7,2,1,968,119,0.1229,0,0.0,0
7,2,11,193,26,0.1347,0,0.0,0
7,2,13,510,67,0.1314,0,0.0,0
7,2,15,304,38,0.125,0,0.0,0
7,2,17,93,7,0.0753,0,0.0,0
7,2,3,69,8,0.1159,0,0.0,0
7,2,5,81,6,0.0741,0,0.0,0
7,2,7,212,25,0.1179,0,0.0,0
7,2,9,820,103,0.1256,0,0.0,0
7,3,1,968,115,0.1188,0,0.0,0
7,3,11,193,31,0.1606,0,0.0,0
7,3,13,510,61,0.1196,0,0.0,0
7,3,15,304,44,0.1447,0,0.0,0
7,3,17,93,11,0.1183,0,0.0,0
7,3,3,69,5,0.0725,0,0.0,0
7,3,5,81,10,0.1235,0,0.0,0
7,3,7,212,23,0.1085,0,0.0,0
7,3,9,820,81,0.0988,0,0.0,0
7,4,1,968,101,0.1043,0,0.0,0
7,4,11,193,25,0.1295,0,0.0,0
7,4,13,510,69,0.1353,0,0.0,0
7,4,15,304,32,0.1053,0,0.0,0
7,4,17,93,6,0.0645,0,0.0,0
7,4,3,69,5,0.0725,0,0.0,0
7,4,5,81,6,0.0741,0,0.0,0
7,4,7,212,28,0.1321,0,0.0,0
7,4,9,820,102,0.1244,0,0.0,0
7,5,1,968,59,0.061,0,0.0,0
7,5,11,193,12,0.0622,0,0.0,0
7,5,13,510,32,0.0627,0,0.0,0
7,5,15,303,24,0.0792,0,0.0,0
7,5,17,93,10,0.1075,0,0.0,0
7,5,3,69,7,0.1014,0,0.0,0
7,5,5,81,1,0.0123,0,0.0,0
7,5,7,212,10,0.0472,0,0.0,0
7,5,9,820,32,0.039,0,0.0,0
7,6,1,957,13,0.0136,0,0.0,0
7,6,11,191,4,0.0209,0,0.0,0
7,6,13,508,12,0.0236,0,0.0,0
7,6,15,301,6,0.0199,0,0.0,0
7,6,17,92,1,0.0109,0,0.0,0
7,6,3,69,0,0.0,0,0.0,0
7,6,5,80,1,0.0125,0,0.0,0
7,6,7,209,6,0.0287,0,0.0,0
7,6,9,809,19,0.0235,0,0.0,0
8,1,1,181,101,0.558,97,0.5359,0
8,1,11,668,392,0.5868,371,0.5554,0
8,1,13,438,249,0.5685,240,0.5479,0
8,1,15,607,328,0.5404,308,0.5074,0
8,1,17,17,14,0.8235,14,0.8235,0
8,1,3,88,53,0.6023,52,0.5909,0
8,1,5,46,27,0.587,26,0.5652,0
8,1,7,597,352,0.5896,337,0.5645,0
8,1,9,851,516,0.6063,498,0.5852,0
8,2,1,181,30,0.1657,0,0.0,0
8,2,11,668,87,0.1302,0,0.0,0
8,2,13,438,51,0.1164,0,0.0,0
8,2,15,607,84,0.1384,0,0.0,0
8,2,17,17,0,0.0,0,0.0,0
8,2,3,88,10,0.1136,0,0.0,0
8,2,5,46,7,0.1522,0,0.0,0
8,2,7,597,92,0.1541,0,0.0,0
8,2,9,851,89,0.1046,0,0.0,0
8,3,1,181,15,0.0829,0,0.0,0
8,3,11,668,73,0.1093,0,0.0,0
8,3,13,438,49,0.1119,0,0.0,0
8,3,15,607,75,0.1236,0,0.0,0
8,3,17,17,1,0.0588,0,0.0,0
8,3,3,88,9,0.1023,0,0.0,0
8,3,5,46,5,0.1087,0,0.0,0
8,3,7,597,53,0.0888,0,0.0,0
8,3,9,851,84,0.0987,0,0.0,0
8,4,1,181,14,0.0773,0,0.0,0
8,4,11,668,70,0.1048,0,0.0,0
8,4,13,438,45,0.1027,0,0.0,0
8,4,15,607,78,0.1285,0,0.0,0
8,4,17,17,1,0.0588,0,0.0,0
8,4,3,88,11,0.125,0,0.0,0
8,4,5,46,4,0.087,0,0.0,0
8,4,7,597,63,0.1055,0,0.0,0
8,4,9,851,97,0.114,0,0.0,0
8,5,1,181,15,0.0829,0,0.0,0
8,5,11,668,27,0.0404,0,0.0,0
8,5,13,438,37,0.0845,0,0.0,0
8,5,15,606,32,0.0528,0,0.0,0
8,5,17,17,1,0.0588,0,0.0,0
8,5,3,88,4,0.0455,0,0.0,0
8,5,5,46,2,0.0435,0,0.0,0
8,5,7,597,30,0.0503,0,0.0,0
8,5,9,851,52,0.0611,0,0.0,0
8,6,1,179,6,0.0335,0,0.0,0
8,6,11,668,19,0.0284,0,0.0,0
8,6,13,438,7,0.016,0,0.0,0
8,6,15,600,10,0.0167,0,0.0,0
8,6,17,17,0,0.0,0,0.0,0
8,6,3,85,1,0.0118,0,0.0,0
8,6,5,46,1,0.0217,0,0.0,0
8,6,7,590,7,0.0119,0,0.0,0
8,6,9,844,13,0.0154,0,0.0,0
9,1,10,1,0,0.0,0,0.0,1
9,1,12,312,168,0.5385,157,0.5032,0
9,1,14,662,393,0.5937,380,0.574,0
9,1,16,3,2,0.6667,2,0.6667,1
9,1,17,238,157,0.6597,152,0.6387,0
9,1,2,5,4,0.8,4,0.8,1
9,1,4,731,415,0.5677,397,0.5431,0
9,1,6,1369,764,0.5581,714,0.5215,0
9,1,8,20,12,0.6,10,0.5,0
9,2,10,1,1,1.0,0,0.0,1
9,2,12,312,35,0.1122,0,0.0,0
9,2,14,662,76,0.1148,0,0.0,0
9,2,16,3,1,0.3333,0,0.0,1
9,2,17,238,21,0.0882,0,0.0,0
9,2,2,5,0,0.0,0,0.0,1
9,2,4,731,103,0.1409,0,0.0,0
9,2,6,1369,204,0.149,0,0.0,0
9,2,8,20,3,0.15,0,0.0,0
9,3,10,1,0,0.0,0,0.0,1
9,3,12,312,42,0.1346,0,0.0,0
9,3,14,662,74,0.1118,0,0.0,0
9,3,16,3,0,0.0,0,0.0,1
9,3,17,238,29,0.1218,0,0.0,0
9,3,2,5,1,0.2,0,0.0,1
9,3,4,731,76,0.104,0,0.0,0
9,3,6,1369,157,0.1147,0,0.0,0
9,3,8,20,1,0.05,0,0.0,0
9,4,10,1,0,0.0,0,0.0,1
9,4,12,312,33,0.1058,0,0.0,0
9,4,14,662,63,0.0952,0,0.0,0
9,4,16,3,0,0.0,0,0.0,1
9,4,17,238,18,0.0756,0,0.0,0
9,4,2,5,0,0.0,0,0.0,1
9,4,4,731,73,0.0999,0,0.0,0
9,4,6,1369,135,0.0986,0,0.0,0
9,4,8,20,3,0.15,0,0.0,0
9,5,10,1,0,0.0,0,0.0,1
9,5,12,312,30,0.0962,0,0.0,0
9,5,14,662,39,0.0589,0,0.0,0
9,5,16,3,0,0.0,0,0.0,1
9,5,17,238,10,0.042,0,0.0,0
9,5,2,5,0,0.0,0,0.0,1
9,5,4,731,47,0.0643,0,0.0,0
9,5,6,1369,84,0.0614,0,0.0,0
9,5,8,20,1,0.05,0,0.0,0
9,6,10,1,0,0.0,0,0.0,1
9,6,12,310,4,0.0129,0,0.0,0
9,6,14,657,15,0.0228,0,0.0,0
9,6,16,3,0,0.0,0,0.0,1
9,6,17,237,3,0.0127,0,0.0,0
9,6,2,5,0,0.0,0,0.0,1
9,6,4,724,17,0.0235,0,0.0,0
9,6,6,1357,25,0.0184,0,0.0,0
9,6,8,20,0,0.0,0,0.0,0
