racer_id,racer_name,races,avg_start_timing,start_timing_variance,low_sample
2538,高橋 二朗,263,0.2121,0.007246,0
2878,富山 弘幸,296,0.172,0.004766,0
3024,西島 義則,239,0.1614,0.005783,0
3054,北川 幸典,231,0.1723,0.005645,0
3070,山室 展弘,163,0.1582,0.00475,0
3072,西田 靖,282,0.1602,0.00457,0
3075,中村 裕将,292,0.1301,0.004414,0
3081,岡本 慎治,162,0.1709,0.005463,0
3105,内山 文典,273,0.1672,0.005248,0
3107,平岡 重典,214,0.1716,0.004902,0
3156,金子 良昭,257,0.1662,0.005255,0
3158,島川 光男,340,0.146,0.003759,0
3159,江口 晃生,223,0.153,0.004498,0
3161,古場 輝義,291,0.1808,0.005964,0
3175,渡辺 千草,255,0.1576,0.003975,0
3176,長谷川 巌,171,0.1871,0.005271,0
3202,三品 隆浩,282,0.2001,0.006658,0
3207,田村 美和,196,0.1765,0.006535,0
3211,北川 敏弘,275,0.1722,0.004862,0
3212,亀本 勇樹,254,0.1659,0.00564,0
3224,栗山 繁洋,279,0.1887,0.004976,0
3226,浦田 信義,287,0.1806,0.006086,0
3232,山川 美由紀,255,0.1594,0.003878,0
3233,小畑 実成,284,0.166,0.005001,0
3246,星野 政彦,125,0.157,0.006834,0
3251,平石 和男,401,0.1898,0.003473,0
3256,三角 哲男,343,0.1439,0.004408,0
3257,田頭 実,259,0.1342,0.00504,0
3265,今村 暢孝,282,0.1409,0.004316,0
3268,森 竜也,286,0.1637,0.003774,0
3273,石田 豪,51,0.1763,0.003584,0
3277,齋藤 勇,288,0.1719,0.004769,0
3282,池本 輝明,280,0.1939,0.005285,0
3284,渡邊 伸太郎,272,0.1928,0.006836,0
3286,坂東 満,201,0.1607,0.003865,0
3289,高橋 淳美,156,0.1901,0.007929,0
3293,宮内 由紀英,264,0.1936,0.005617,0
3294,野中 義生,245,0.1544,0.003804,0
3297,藤丸 光一,266,0.1974,0.00564,0
3300,川崎 智幸,334,0.1504,0.004259,0
3302,谷川 里江,207,0.1716,0.005175,0
3303,渡辺 豊,340,0.1975,0.005854,0
3304,烏野 賢太,369,0.1685,0.003769,0
3305,小野 信樹,263,0.1655,0.003012,0
3306,武田 正紀,265,0.1557,0.004707,0
3313,本吉 正樹,281,0.1759,0.005054,0
3315,広瀬 聖仁,225,0.1679,0.008484,0
3319,山崎 義明,291,0.1626,0.003238,0
3327,野長瀬 正孝,318,0.1626,0.005252,0
3333,丸尾 義孝,372,0.1469,0.003621,0
3334,角 ひとみ,348,0.1969,0.004518,0
3339,泉 具巳,262,0.1641,0.006436,0
3340,池田 雷太,305,0.185,0.005952,0
3346,宮本 裕之,120,0.1618,0.004828,0
3349,吉田 一郎,316,0.1588,0.004632,0
3350,藤本 佳史,291,0.1593,0.003944,0
3352,小川 晃司,288,0.1692,0.005661,0
3353,前田 光昭,167,0.1577,0.00852,0
3355,橋谷田 佳織,112,0.2578,0.006744,0
3357,福島 陽子,267,0.1991,0.005862,0
3361,岡部 浩,250,0.1753,0.005188,0
3362,間嶋 仁志,309,0.1875,0.005085,0
3370,坪内 実,244,0.1834,0.005627,0
3372,加藤 雅之,199,0.2098,0.00537,0
3377,塚田 修二,240,0.2012,0.006209,0
3381,滝沢 芳行,305,0.1432,0.004205,0
3385,渡邉 睦広,302,0.1564,0.004608,0
3388,今垣 光太郎,274,0.153,0.005463,0
3391,鈴木 茂正,27,0.1907,0.00494,0
3392,小森 信雄,279,0.1926,0.004649,0
3401,上田 隆章,269,0.2108,0.006076,0
3406,中里 英夫,342,0.1701,0.004387,0
3411,池上 隆行,258,0.1651,0.005362,0
3412,鈴木 博,371,0.1602,0.004003,0
3414,加瀬 智宏,79,0.1595,0.003296,0
3415,松井 繁,346,0.142,0.002815,0
3419,栗原 謙治,86,0.2135,0.006592,0
3422,服部 幸男,348,0.1494,0.00304,0
3430,角浜 修,305,0.1684,0.004,0
3432,宮迫 暢彦,272,0.1682,0.004948,0
3434,松尾 宣邦,301,0.1738,0.005391,0
3435,寺田 千恵,344,0.1555,0.004298,0
3436,柏野 幸二,281,0.1253,0.005136,0
3439,大平 誉史明,332,0.1548,0.002945,0
3441,土屋 太朗,294,0.1882,0.00517,0
3442,宮武 英司,281,0.1573,0.003369,0
3444,香月 大介,177,0.1662,0.00643,0
3445,加藤 高史,266,0.1808,0.006051,0
3448,高山 秀雄,224,0.1912,0.00561,0
3454,井川 大作,271,0.152,0.0047,0
3455,谷本 幸司,295,0.1714,0.006696,0
3458,東 健介,253,0.1586,0.004314,0
3459,中野 和裕,258,0.1631,0.006301,0
3461,渡邊 哲也,183,0.2031,0.007934,0
3462,竹上 真司,74,0.165,0.00552,0
3463,乙津 康志,283,0.1849,0.004631,0
3467,森 弘行,238,0.1792,0.005436,0
3470,新田 芳美,249,0.1699,0.004266,0
3471,赤峰 和也,258,0.1728,0.005377,0
3473,石川 真二,375,0.1364,0.003324,0
3474,松瀬 弘美,307,0.1766,0.005526,0
3475,橋本 久和,277,0.1862,0.005387,0
3477,近藤 稔也,273,0.1867,0.005593,0
3478,嶋田 貴支,309,0.1647,0.004329,0
3482,金子 猛志,372,0.1522,0.00323,0
3484,芝田 浩治,302,0.1684,0.004319,0
3489,大場 敏,407,0.1554,0.002873,0
3497,後藤 浩,261,0.1718,0.004062,0
3499,市川 哲也,335,0.1395,0.003482,0
3502,渡邉 英児,320,0.1681,0.004602,0
3503,堂原 洋史,289,0.1611,0.004074,0
3505,山田 竜一,333,0.1427,0.003787,0
3507,藤井 徹,232,0.198,0.005095,0
3508,久富 政弘,305,0.1918,0.004724,0
3509,池 千夏,222,0.1456,0.003463,0
3514,山一 鉄也,324,0.1662,0.003158,0
3516,吉原 聖人,266,0.1685,0.005009,0
3517,高橋 勲,305,0.147,0.005547,0
3518,倉田 郁美,230,0.1887,0.007101,0
3519,冨田 秀幸,273,0.1639,0.006587,0
3523,寳田 亮治,235,0.1911,0.006919,0
3527,中嶋 誠一郎,325,0.1638,0.005008,0
3528,笠野 友紀恵,241,0.1967,0.005307,0
3532,柴田 光,236,0.1512,0.005055,0
3535,渡 修平,266,0.1892,0.004991,0
3538,菊池 峰晴,183,0.2078,0.00567,0
3539,金子 順一,313,0.1785,0.003973,0
3541,三嶌 誠司,345,0.163,0.003766,0
3542,清水 紀克,279,0.1836,0.006255,0
3543,福田 雅一,233,0.1639,0.00357,0
3544,豊田 訓靖,209,0.195,0.0079,0
3546,中里 昌志,274,0.183,0.005736,0
3548,室田 泰史,370,0.1211,0.00279,0
3550,都築 正治,343,0.1596,0.004457,0
3551,藤田 美代,217,0.1816,0.006926,0
3553,平池 仁志,10,0.15,0.00252,0
3554,仲口 博崇,422,0.1825,0.00419,0
3556,田中 信一郎,362,0.1436,0.003559,0
3557,太田 和美,444,0.1466,0.004258,0
3558,山本 浩次,270,0.1548,0.005319,0
3562,山下 和彦,367,0.1648,0.004897,0
3563,堤 昇,327,0.1553,0.004368,0
3564,桑原 啓,303,0.1681,0.004116,0
3566,川添 英正,295,0.1873,0.003965,0
3567,吉岡 誠,207,0.1796,0.005802,0
3568,木村 光宏,277,0.1672,0.003805,0
3569,増田 進,298,0.1808,0.004144,0
3572,安田 政彦,335,0.1947,0.007002,0
3574,大神 康司,321,0.1543,0.004409,0
3576,白水 勝也,328,0.1634,0.005117,0
3577,向所 浩二,240,0.1513,0.005058,0
3578,塩田 雄一,200,0.184,0.007598,0
3579,中里 優子,217,0.1724,0.004973,0
3580,水口 由紀,279,0.19,0.006029,0
3581,加木 郁,301,0.1863,0.004744,0
3582,吉川 昭男,350,0.1594,0.004389,0
3583,齋藤 智裕,236,0.1877,0.005986,0
3584,佐々木 英樹,301,0.1733,0.003267,0
3587,武田 信一,285,0.1614,0.005616,0
3589,西村 勝,241,0.162,0.004604,0
3590,濱野谷 憲吾,370,0.1366,0.003696,0
3591,後藤 孝義,179,0.184,0.007522,0
3596,河上 年昭,237,0.1684,0.005857,0
3600,玄馬 徹,49,0.2061,0.007546,0
3602,奥平 拓也,261,0.1873,0.00619,0
3604,武藤 綾子,256,0.193,0.004419,0
3605,中村 守成,260,0.1882,0.005157,0
3606,川北 浩貴,332,0.1675,0.003712,0
3611,岩崎 芳美,299,0.1411,0.003633,0
3612,馬袋 義則,408,0.1365,0.003551,0
3613,角谷 健吾,372,0.1474,0.003654,0
3614,谷 勝幸,320,0.1674,0.003773,0
3615,横田 茂,308,0.1566,0.003223,0
3616,中村 真,260,0.1571,0.004951,0
3617,竹田 広樹,267,0.1869,0.005237,0
3618,海野 ゆかり,340,0.174,0.005416,0
3619,長谷川 充,301,0.1838,0.003217,0
3620,信濃 由行,263,0.176,0.004022,0
3621,天野 晶夫,236,0.1714,0.004659,0
3623,深川 真二,340,0.1409,0.004833,0
3627,井上 恵一,318,0.1829,0.005,0
3629,浅見 昌克,313,0.1413,0.004786,0
3630,黒田 誠司,187,0.1653,0.004389,0
3631,田添 康介,144,0.1753,0.009736,0
3635,石田 政吾,298,0.1631,0.003703,0
3637,齋藤 和政,262,0.1807,0.005059,0
3641,一瀬 明,359,0.1691,0.003855,0
3642,大塚 浩二,238,0.1835,0.006626,0
3643,米田 隆弘,303,0.1746,0.003734,0
3645,淺田 千亜希,130,0.1415,0.004179,0
3647,伊藤 雄二,284,0.1731,0.005899,0
3652,森下 勇,245,0.1818,0.007116,0
3653,品川 賢次,199,0.1966,0.007055,0
3654,武田 光史,324,0.1537,0.004703,0
3655,本橋 克洋,341,0.1808,0.003621,0
3656,伯母 芳恒,257,0.1683,0.004476,0
3659,藤生 雄人,269,0.1659,0.003919,0
3660,長谷川 親王,247,0.2011,0.005114,0
3661,柳瀬 興志,337,0.168,0.003956,0
3662,大庭 元明,335,0.1634,0.005397,0
3663,木山 和幸,347,0.1678,0.00398,0
3664,鈴木 賢一,278,0.1715,0.004129,0
3679,飯島 昌弘,362,0.1507,0.004175,0
3680,森林 太,294,0.1988,0.006632,0
3681,山谷 央,239,0.1514,0.003861,0
3684,清水 攻二,302,0.1775,0.007537,0
3685,荒井 輝年,293,0.1582,0.005941,0
3686,鳥居塚 孝博,337,0.1459,0.003631,0
3687,花田 和明,266,0.162,0.006515,0
3690,河合 三弘,304,0.185,0.003776,0
3692,竹腰 正樹,293,0.1463,0.005179,0
3696,白井 友晴,297,0.1765,0.003089,0
3699,富永 正人,253,0.1812,0.005467,0
3701,大西 隆洋,264,0.1619,0.006117,0
3702,貞兼 淳二,8,0.1638,0.014798,1
3703,鳥飼 眞,302,0.1725,0.004209,0
3704,本部 めぐみ,207,0.2224,0.007072,0
3708,岡部 貴司,302,0.1552,0.005048,0
3710,吉永 泰弘,294,0.172,0.004025,0
3711,江本 真治,393,0.1532,0.00297,0
3712,淺香 文武,287,0.1541,0.003792,0
3713,伊藤 誠二,308,0.1512,0.003487,0
3714,梶原 正,287,0.1522,0.003677,0
3715,倉尾 大介,252,0.1608,0.005006,0
3716,石渡 鉄兵,334,0.1269,0.003161,0
3717,立間 充宏,257,0.1596,0.005039,0
3718,伊達 正利,296,0.1725,0.00342,0
3719,辻 栄蔵,344,0.1483,0.003771,0
3721,守田 俊介,339,0.121,0.002859,0
3722,西村 秀樹,262,0.175,0.004325,0
3726,桂林 寛,179,0.1587,0.005417,0
3730,塩崎 優司,308,0.1677,0.004546,0
3731,高濱 芳久,299,0.1799,0.004245,0
3736,岡本 猛,79,0.1601,0.005538,0
3737,上平 真二,304,0.1636,0.00427,0
3740,大澤 普司,351,0.1652,0.005134,0
3741,松尾 基成,261,0.1764,0.004075,0
3742,宮地 秀祈,248,0.1779,0.005401,0
3743,林 美憲,342,0.1484,0.003676,0
3744,徳増 秀樹,398,0.1272,0.003377,0
3745,橋本 年光,254,0.1706,0.003884,0
3746,岡瀬 正人,390,0.1713,0.003037,0
3747,國崎 良春,280,0.1596,0.004888,0
3748,小黒 竜吾,280,0.1648,0.004291,0
3752,宇土 泰就,273,0.1605,0.005128,0
3757,畑 和宏,279,0.1575,0.005151,0
3761,山本 光雄,250,0.1642,0.004191,0
3769,佐竹 恒彦,273,0.1735,0.005083,0
3771,折下 寛法,305,0.1461,0.003563,0
3772,一柳 和孝,281,0.1477,0.005343,0
3773,津留 浩一郎,268,0.1603,0.006526,0
3775,泉 啓文,320,0.1714,0.003961,0
3776,横井 健太,279,0.1802,0.00511,0
3777,樋口 亮,337,0.1718,0.004921,0
3778,安達 美帆,204,0.2125,0.006698,0
3779,原田 幸哉,337,0.1104,0.002767,0
3783,瓜生 正義,356,0.1499,0.003542,0
3784,中島 友和,281,0.1564,0.004353,0
3787,天野 誠,232,0.1903,0.005096,0
3788,一宮 稔弘,211,0.1251,0.005111,0
3790,佐口 達也,259,0.187,0.005532,0
3792,田中 豪,272,0.1589,0.003558,0
3793,高橋 真吾,237,0.1596,0.006744,0
3796,長野 道臣,296,0.1659,0.005515,0
3797,岩井 繁,309,0.198,0.004092,0
3800,牧 宏次,265,0.1564,0.00494,0
3801,五反田 忍,181,0.1679,0.005549,0
3802,森岡 まき,35,0.1771,0.00286,0
3804,中渡 修作,303,0.1619,0.004357,0
3805,高橋 英之,278,0.1313,0.003164,0
3807,岡部 哲,302,0.1691,0.004561,0
3808,秋田 健太郎,255,0.162,0.00428,0
3809,吉田 光,232,0.1756,0.006953,0
3811,石田 章央,369,0.1515,0.003986,0
3812,山崎 聖司,285,0.1669,0.00469,0
3813,佐藤 大介,320,0.1656,0.004348,0
3814,金子 貴志,313,0.1867,0.00433,0
3820,樫葉 次郎,173,0.1591,0.00508,0
3822,平尾 崇典,352,0.1545,0.004316,0
3825,宮嵜 隆太郎,260,0.1274,0.004775,0
3826,村田 修次,303,0.1516,0.004022,0
3827,今泉 徹,286,0.1713,0.004414,0
3828,明石 正之,289,0.1666,0.004526,0
3831,安藤 裕貴,276,0.1481,0.005592,0
3832,下田 哲也,189,0.1635,0.004922,0
3833,中辻 博訓,357,0.1301,0.002955,0
3834,細川 明人,261,0.1913,0.005713,0
3837,秋山 広一,326,0.1602,0.003977,0
3838,伊藤 啓三,266,0.1445,0.003372,0
3839,川合 理司,300,0.1733,0.005911,0
3841,佐々木 和伸,360,0.1588,0.003435,0
3842,星野 太郎,264,0.1798,0.004417,0
3843,上之 晃弘,304,0.1574,0.00431,0
3845,中谷 朋子,216,0.1951,0.006169,0
3848,川上 聡介,319,0.1458,0.00485,0
3849,中岡 正彦,273,0.1279,0.003789,0
3850,小川 知行,333,0.1432,0.003738,0
3851,森田 昭彦,124,0.1716,0.005894,0
3852,澤 大介,294,0.1746,0.005697,0
3853,岩崎 正哉,345,0.1863,0.004965,0
3854,吉川 元浩,314,0.1385,0.004077,0
3855,大熊 辰弥,54,0.2209,0.005157,0
3857,阿波 勝哉,260,0.1927,0.006725,0
3859,多羅尾 達之,237,0.1502,0.00438,0
3860,松本 浩貴,279,0.1916,0.004828,0
3863,海老澤 泰行,271,0.1723,0.004912,0
3866,木山 誠一,239,0.1361,0.005317,0
3867,松浦 勝,271,0.1714,0.00613,0
3868,尾形 栄治,278,0.1937,0.005695,0
3869,井芹 大志,268,0.1745,0.005359,0
3870,寺嶋 雄,301,0.177,0.004461,0
3871,池田 紫乃,197,0.1816,0.004895,0
3872,岡田 憲行,345,0.1909,0.005751,0
3873,別府 昌樹,290,0.1718,0.006944,0
3874,山本 寛久,341,0.1546,0.004163,0
3875,廣中 良一,292,0.1704,0.003993,0
3876,中辻 崇人,281,0.1432,0.00483,0
3878,胡本 悟志,264,0.1722,0.006805,0
3880,浅見 宗孝,295,0.1856,0.005637,0
3882,新田 智彰,310,0.169,0.005198,0
3885,久田 武,308,0.1704,0.005315,0
3888,山本 英志,360,0.1452,0.00357,0
3889,須藤 隆雄,274,0.1617,0.005304,0
3891,谷口 健一,307,0.176,0.003875,0
3892,草場 康幸,288,0.1597,0.003537,0
3893,汐崎 正則,272,0.1648,0.003887,0
3895,堀本 裕也,149,0.1793,0.006106,0
3896,上田 洋平,242,0.1613,0.00403,0
3897,白井 英治,320,0.1304,0.003578,0
3898,平田 忠則,346,0.1464,0.004431,0
3900,香川 素子,317,0.1713,0.00622,0
3901,松田 憲幸,222,0.2045,0.006127,0
3904,森 貴洋,216,0.1723,0.005372,0
3905,天野 友和,363,0.1532,0.002724,0
3906,飯山 晃三,291,0.1966,0.006042,0
3907,村越 篤,344,0.1643,0.003046,0
3908,重成 一人,365,0.1432,0.003723,0
3909,佐々木 康幸,361,0.1093,0.003137,0
3910,松下 知幸,290,0.1682,0.005256,0
3911,鈴木 猛,354,0.1697,0.005698,0
3912,川原 正明,338,0.1403,0.004238,0
3915,繁野谷 圭介,368,0.1819,0.005487,0
3918,深井 利寿,372,0.1706,0.00515,0
3920,正木 聖賢,247,0.1629,0.005666,0
3921,川村 正輝,138,0.2034,0.005891,0
3922,菅沼 佳昭,316,0.1865,0.004927,0
3928,林 恵祐,278,0.1695,0.003982,0
3929,杢野 誓良,295,0.161,0.003586,0
3930,岸本 隆,320,0.1509,0.004701,0
3931,黒崎 竜也,280,0.148,0.005355,0
3932,池田 浩美,227,0.1726,0.004628,0
3933,山地 正樹,331,0.1759,0.004091,0
3934,鋤柄 貴俊,323,0.1636,0.004645,0
3935,岩津 徹郎,261,0.1629,0.004577,0
3939,渡辺 真至,133,0.1511,0.003809,0
3940,飯山 泰,401,0.1439,0.003512,0
3941,池田 浩二,368,0.1238,0.002525,0
3942,寺田 祥,310,0.1462,0.002777,0
3943,三松 直美,53,0.1753,0.00458,0
3944,山口 裕二,300,0.1718,0.00504,0
3945,橋口 真樹,220,0.1975,0.005758,0
3946,赤岩 善生,418,0.1496,0.003259,0
3947,寺本 昇平,304,0.1775,0.005145,0
3948,大町 利克,244,0.1846,0.006597,0
3949,今出 晋二,239,0.1739,0.005923,0
3950,石川 哲秀,232,0.1513,0.004834,0
3951,石川 吉鎬,339,0.1891,0.005098,0
3952,中澤 和志,366,0.1416,0.00505,0
3953,志道 吉和,190,0.1929,0.006259,0
3955,眞田 英二,226,0.1817,0.00356,0
3956,横澤 剛治,323,0.1615,0.003068,0
3957,大谷 直弘,331,0.1865,0.004957,0
3959,坪井 康晴,341,0.1378,0.00327,0
3960,菊地 孝平,375,0.1082,0.001907,0
3961,谷村 一哉,298,0.1646,0.003952,0
3963,原田 秀弥,328,0.1641,0.004582,0
3964,宮地 博士,288,0.2028,0.005999,0
3965,北中 元樹,344,0.1644,0.00518,0
3966,作間 章,396,0.1736,0.004702,0
3967,鈴木 茂高,262,0.1918,0.006456,0
3968,茶谷 信次,311,0.168,0.005395,0
3973,崎 利仁,333,0.1937,0.005416,0
3974,深山 祐二,246,0.1595,0.004328,0
3975,小野寺 智洋,290,0.1392,0.003075,0
3976,内田 圭,281,0.1749,0.0049,0
3977,山本 兼士,311,0.1672,0.006762,0
3978,齊藤 仁,338,0.1518,0.003806,0
3981,今坂 晃広,333,0.1921,0.003361,0
3982,福田 理,269,0.1613,0.004306,0
3983,須藤 博倫,381,0.1399,0.003268,0
3984,坂口 周,371,0.1637,0.002904,0
3986,沖島 広和,204,0.1728,0.003418,0
3987,後藤 正宗,296,0.1562,0.003994,0
3988,古川 誠之,372,0.1457,0.003648,0
3989,熊本 英一,254,0.213,0.006366,0
3990,芹澤 克彦,286,0.1448,0.003558,0
3992,関口 智久,265,0.1393,0.003697,0
3993,永井 聖美,260,0.1642,0.004403,0
3994,小野 桜,262,0.1868,0.004589,0
3995,重野 哲之,296,0.1175,0.002677,0
3997,北村 征嗣,382,0.1595,0.003283,0
3998,冨成 謙児,296,0.1689,0.003353,0
3999,大瀧 明日香,376,0.1564,0.004167,0
4000,松本 博昭,403,0.169,0.003545,0
4002,古結 宏,337,0.1416,0.003043,0
4003,表 憲一,289,0.1648,0.003946,0
4004,山本 浩輔,277,0.1775,0.004563,0
4005,瀬川 公則,53,0.1645,0.0043,0
4006,小野 勇作,287,0.172,0.002702,0
4007,榮田 将彦,262,0.1295,0.003228,0
4009,小林 一樹,305,0.1248,0.00298,0
4010,越智 照浩,248,0.171,0.006049,0
4011,堀之内 紀代子,291,0.1521,0.004732,0
4012,中村 有裕,324,0.1503,0.005264,0
4013,中島 孝平,362,0.1373,0.003896,0
4014,片岡 恵里,312,0.1712,0.005585,0
4015,前野 竜一,341,0.1596,0.004634,0
4016,西川 新太郎,286,0.1551,0.004342,0
4017,向井 美鈴,294,0.1832,0.004081,0
4019,笠原 亮,336,0.1625,0.003544,0
4020,川上 清人,268,0.1807,0.005596,0
4022,待鳥 雄紀,259,0.1566,0.005215,0
4023,柴田 友和,269,0.1786,0.003897,0
4024,井口 佳典,352,0.1496,0.003004,0
4025,山本 隆幸,309,0.1721,0.004272,0
4027,松江 秀徳,295,0.159,0.004496,0
4028,田村 隆信,327,0.1514,0.004268,0
4030,森高 一真,346,0.1381,0.002838,0
4031,飯島 誠,304,0.1683,0.004784,0
4033,伊藤 将吉,360,0.1407,0.003053,0
4034,西原 明生,293,0.1954,0.004162,0
4035,杉江 浩明,326,0.2045,0.004511,0
4036,金田 諭,362,0.1593,0.003561,0
4039,村上 功祐,327,0.1502,0.00332,0
4040,廣瀬 将亨,389,0.1456,0.003775,0
4041,小林 基樹,208,0.2038,0.006689,0
4042,丸岡 正典,353,0.1788,0.003994,0
4043,桐本 康臣,356,0.1556,0.003791,0
4044,湯川 浩司,334,0.1342,0.003335,0
4045,佐々木 裕美,283,0.158,0.003375,0
4047,吉永 浩則,255,0.1783,0.004052,0
4049,荒川 健太,359,0.1669,0.00456,0
4050,田口 節子,323,0.1498,0.003948,0
4051,清水 敦揮,286,0.1717,0.005222,0
4052,興津 藍,330,0.1542,0.003973,0
4053,芦澤 望,325,0.1584,0.005218,0
4054,福嶋 智之,285,0.1556,0.006027,0
4055,吉田 俊彦,394,0.1534,0.003797,0
4056,小西 英輝,115,0.1648,0.004204,0
4057,松井 賢治,375,0.1573,0.002322,0
4058,野末 智一,381,0.1884,0.003485,0
4059,入澤 友治,269,0.1551,0.005669,0
4060,島田 一生,299,0.1639,0.006232,0
4061,萩原 秀人,388,0.1322,0.002873,0
4062,後藤 陽介,262,0.1784,0.003585,0
4063,市橋 卓士,392,0.1305,0.003546,0
4064,原田 篤志,382,0.1633,0.004684,0
4065,金田 幸子,250,0.1716,0.003815,0
4066,東本 勝利,339,0.1582,0.003531,0
4067,永井 源,389,0.1632,0.004217,0
4068,幸田 智裕,315,0.1588,0.004595,0
4069,山本 修一,331,0.1757,0.006471,0
4071,古賀 千晶,210,0.1728,0.0055,0
4072,森永 淳,318,0.1354,0.002314,0
4073,大橋 純一郎,347,0.156,0.002935,0
4074,柳沢 一,384,0.1329,0.002781,0
4075,中野 次郎,364,0.1262,0.003165,0
4076,杉田 篤光,368,0.2022,0.004701,0
4077,品田 直樹,328,0.1794,0.003399,0
4078,渡辺 史之,55,0.1709,0.004517,0
4079,出畑 孝典,342,0.1655,0.003869,0
4080,山崎 哲司,131,0.1285,0.004165,0
4081,樋口 範政,310,0.1804,0.0047,0
4082,濱崎 誠,300,0.1678,0.006682,0
4083,福島 勇樹,344,0.1352,0.003989,0
4084,杉山 正樹,395,0.1536,0.0029,0
4085,荻野 裕介,219,0.2011,0.006763,0
4086,寺本 重宣,322,0.1395,0.003808,0
4089,妹尾 忠幸,382,0.1567,0.003682,0
4090,中村 尊,280,0.1439,0.003899,0
4092,岡部 大輔,278,0.1517,0.003929,0
4093,吉田 宗弘,267,0.1834,0.005641,0
4094,中島 真二,281,0.1774,0.003357,0
4095,福来 剛,330,0.1342,0.003829,0
4096,石橋 道友,309,0.1482,0.003693,0
4097,貫地谷 直人,247,0.2068,0.005964,0
4098,赤澤 文香,238,0.1973,0.004547,0
4099,吉永 則雄,327,0.163,0.002858,0
4100,松田 隆司,301,0.1636,0.004653,0
4102,益田 啓司,379,0.1482,0.003378,0
4103,山崎 善庸,263,0.2226,0.005292,0
4104,木下 陽介,262,0.1417,0.003764,0
4105,松下 直也,351,0.1774,0.004474,0
4106,坂井 康嗣,244,0.1854,0.004899,0
4108,吉村 正明,304,0.1395,0.003115,0
4109,谷津 幸宏,360,0.1265,0.003147,0
4110,小澤 和也,270,0.1681,0.00397,0
4111,奥田 誠,314,0.1634,0.004633,0
4112,大久保 信一郎,278,0.1728,0.004759,0
4113,木村 浩士,298,0.1797,0.003491,0
4114,深澤 達徳,253,0.1925,0.006152,0
4116,川田 正人,303,0.176,0.005139,0
4117,廣中 智紗衣,303,0.2015,0.005528,0
4118,宇佐見 淳,392,0.147,0.003221,0
4119,泥谷 一毅,302,0.1715,0.004171,0
4120,柘植 政浩,373,0.1676,0.003147,0
4121,富永 修一,332,0.1355,0.003453,0
4122,安東 幸治,380,0.1667,0.004289,0
4123,細川 裕子,370,0.1847,0.005294,0
4124,池田 雄一,331,0.1621,0.004746,0
4128,川口 貴久,235,0.1566,0.004616,0
4129,宇野 博之,239,0.1799,0.00619,0
4131,原 豊土,290,0.165,0.004813,0
4133,高橋 正男,353,0.1563,0.004343,0
4134,杉山 貴博,353,0.1616,0.003972,0
4136,江夏 満,300,0.1612,0.00367,0
4137,君島 秀三,387,0.1319,0.002836,0
4138,中井 俊祐,260,0.1621,0.004387,0
4139,丹下 健,277,0.1732,0.004987,0
4140,梶野 学志,268,0.1563,0.003035,0
4142,平野 和明,321,0.1713,0.003865,0
4143,浦田 晃嗣,259,0.1575,0.003559,0
4144,石塚 久也,305,0.178,0.004131,0
4145,小澤 学,281,0.2495,0.004367,0
4146,柳橋 宏紀,324,0.1528,0.004309,0
4148,枝尾 賢,338,0.149,0.004461,0
4150,山田 雄太,299,0.1414,0.002694,0
4151,下河 誉史,323,0.1877,0.003992,0
4152,深水 慎一郎,288,0.1686,0.003311,0
4154,森安 弘雅,318,0.1792,0.004508,0
4155,長野 壮志郎,333,0.1581,0.003402,0
4156,浜野 孝志,334,0.1533,0.004895,0
4158,木場 雄二郎,290,0.1658,0.002682,0
4159,向後 龍一,375,0.1565,0.003389,0
4161,黒柳 浩孝,319,0.1587,0.003905,0
4162,竹本 太樹,139,0.1765,0.005633,0
4163,山崎 裕司,387,0.165,0.00379,0
4164,岩永 節也,254,0.185,0.005121,0
4166,吉田 拡郎,373,0.1232,0.002677,0
4167,片岡 秀樹,272,0.1512,0.004754,0
4168,石野 貴之,339,0.142,0.004192,0
4169,多田 有佑,253,0.2037,0.006127,0
4171,榎 幸司,377,0.1797,0.003976,0
4172,森定 晃史,365,0.1558,0.004034,0
4173,岡谷 健吾,316,0.1725,0.00329,0
4174,赤坂 俊輔,359,0.1557,0.003676,0
4175,川尻 泰輔,270,0.1443,0.003952,0
4176,樋口 喜彦,208,0.1596,0.006783,0
4177,萬 正嗣,232,0.1663,0.004517,0
4179,広次 修,325,0.1593,0.003365,0
4180,上野 秀和,326,0.1625,0.003406,0
4181,花本 夏樹,277,0.1926,0.005533,0
4182,吉田 和仁,309,0.1811,0.005637,0
4183,宇野 弥生,290,0.1351,0.003806,0
4184,渡邊 雄一郎,294,0.1618,0.00463,0
4186,小川 時光,250,0.1634,0.00504,0
4188,久田 敏之,340,0.1217,0.004727,0
4189,川上 剛,395,0.1647,0.004721,0
4190,長嶋 万記,229,0.1593,0.003787,0
4191,赤羽 克也,329,0.161,0.003739,0
4193,郷原 章平,356,0.1518,0.004249,0
4195,前川 守嗣,275,0.1552,0.00446,0
4196,田中 太一郎,304,0.1724,0.005903,0
4197,渥美 卓郎,284,0.1854,0.004411,0
4199,北川 潤二,415,0.1485,0.003493,0
4200,早川 尚人,305,0.1754,0.006764,0
4201,佐竹 友樹,267,0.1609,0.004948,0
4202,浮田 圭浩,299,0.1831,0.004806,0
4203,小倉 康典,243,0.1517,0.002989,0
4204,柴田 大輔,287,0.1898,0.008645,0
4205,山口 剛,328,0.1269,0.00283,0
4207,松下 一也,327,0.125,0.003547,0
4208,三浦 永理,358,0.1534,0.002939,0
4209,藤田 竜弘,322,0.1682,0.002827,0
4210,松村 康太,347,0.1651,0.004158,0
4211,村田 敦,275,0.1371,0.003708,0
4213,重富 伸也,276,0.1572,0.004916,0
4214,林 祐介,280,0.1581,0.003467,0
4215,吉島 祥之,370,0.1581,0.004449,0
4216,星 栄爾,356,0.1457,0.003071,0
4218,吉川 喜継,391,0.1513,0.003657,0
4219,本岡 勝利,288,0.1816,0.004763,0
4220,深川 和仁,276,0.1659,0.004015,0
4224,大橋 栄里佳,305,0.1939,0.006651,0
4225,土屋 千明,253,0.1549,0.005084,0
4226,村田 浩司,304,0.157,0.004513,0
4227,安達 裕樹,341,0.1544,0.004911,0
4228,吉田 慎二郎,349,0.1713,0.003599,0
4229,市川 美宏,244,0.1822,0.00386,0
4230,濱崎 直矢,278,0.1433,0.004166,0
4231,鈴木 裕隆,341,0.1721,0.003289,0
4232,笠 雅雄,269,0.1799,0.006707,0
4233,亀山 雅幸,356,0.1698,0.003749,0
4234,野相 弘司,252,0.1707,0.005198,0
4236,松村 敏,390,0.1143,0.002437,0
4237,大峯 豊,363,0.1531,0.004935,0
4238,毒島 誠,246,0.1443,0.004894,0
4239,竹田 辰也,343,0.1448,0.003745,0
4240,今井 裕梨,315,0.1477,0.003448,0
4241,大串 重幸,337,0.1642,0.005305,0
4243,西村 歩,305,0.1684,0.00624,0
4244,鈴木 成美,208,0.1402,0.002804,0
4245,高橋 直哉,287,0.1835,0.004579,0
4246,喜多 那由夏,278,0.1814,0.004143,0
4247,齊藤 優,308,0.1599,0.004927,0
4248,岡本 大,276,0.1671,0.004988,0
4251,川崎 誠志,331,0.2033,0.005501,0
4252,松下 哲也,288,0.1784,0.005575,0
4253,西川 真人,320,0.1782,0.003824,0
4254,川島 圭司,291,0.1377,0.003417,0
4256,渡辺 浩司,355,0.1301,0.002554,0
4257,古川 健,255,0.1518,0.00448,0
4258,関根 彰人,297,0.1694,0.005131,0
4259,真庭 明志,365,0.1482,0.002877,0
4260,中越 博紀,331,0.1695,0.004499,0
4261,岡 祐臣,374,0.1577,0.003316,0
4262,馬場 貴也,366,0.1366,0.00311,0
4263,武重 雄介,291,0.1737,0.00457,0
4264,長尾 章平,389,0.1603,0.003116,0
4266,長田 頼宗,346,0.1451,0.004119,0
4268,和合 俊介,175,0.1645,0.004619,0
4269,杉山 裕也,373,0.1452,0.003123,0
4270,岸本 雄貴,273,0.1715,0.006437,0
4271,川崎 公靖,265,0.1603,0.004382,0
4272,大場 広孝,281,0.1561,0.003696,0
4273,佐藤 旭,276,0.1848,0.004803,0
4274,長畑 友輔,272,0.1578,0.004566,0
4275,菅野 はやか,181,0.2042,0.005745,0
4276,鈴木 勝博,332,0.1532,0.005652,0
4277,金田 大輔,283,0.1555,0.004864,0
4278,藤岡 俊介,395,0.1222,0.002588,0
4281,大澤 大夢,270,0.1541,0.004255,0
4283,石井 裕美,243,0.1712,0.006134,0
4286,平田 さやか,410,0.1513,0.003034,0
4287,今井 貴士,325,0.1583,0.003345,0
4288,永田 啓二,383,0.1207,0.002974,0
4289,落合 直子,323,0.1403,0.003945,0
4290,稲田 浩二,330,0.1248,0.00392,0
4292,麻生 慎介,349,0.1366,0.00417,0
4293,鈴木 智啓,352,0.1642,0.003383,0
4294,古賀 繁輝,337,0.1335,0.003909,0
4295,小坂 尚哉,390,0.1392,0.004253,0
4296,岡崎 恭裕,265,0.1378,0.003528,0
4297,山田 哲也,339,0.1125,0.002663,0
4298,宮下 元胤,349,0.1658,0.002955,0
4299,中島 浩哉,251,0.1442,0.003578,0
4300,加藤 綾,276,0.1713,0.005195,0
4301,関 裕也,229,0.1821,0.005817,0
4302,西野 翔太,370,0.1372,0.004017,0
4303,牧原 崇,283,0.1715,0.003484,0
4305,金子 拓矢,325,0.1455,0.004102,0
4306,畔柳 俊吾,269,0.1869,0.005047,0
4308,河村 了,357,0.1602,0.002791,0
4311,岡村 仁,349,0.1462,0.004269,0
4313,西村 美智子,192,0.1453,0.004052,0
4314,青木 幸太郎,332,0.1473,0.003602,0
4315,山崎 昂介,277,0.1751,0.003673,0
4317,木村 紗友希,273,0.1712,0.005486,0
4318,桑原 将光,308,0.1596,0.003749,0
4319,三宅 潤,370,0.1736,0.003791,0
4320,峰 竜太,286,0.1333,0.002509,0
4323,山田 佑樹,292,0.1562,0.005419,0
4324,海野 康志郎,429,0.136,0.002906,0
4325,新出 浩司,263,0.15,0.004162,0
4327,加藤 翔,299,0.1879,0.005558,0
4329,小松 卓司,295,0.1695,0.005817,0
4330,奈須 啓太,322,0.1263,0.002812,0
4331,三好 勇人,319,0.1517,0.004204,0
4332,村上 彰一,239,0.1924,0.005582,0
4335,若林 将,342,0.1191,0.002287,0
4336,松田 竜馬,339,0.1466,0.003425,0
4337,平本 真之,379,0.1309,0.00296,0
4339,平瀬 城啓,284,0.1782,0.0046,0
4340,土性 雅也,52,0.2167,0.004976,0
4342,谷野 錬志,333,0.1426,0.00366,0
4343,村岡 賢,287,0.1734,0.004056,0
4344,新田 雄史,343,0.129,0.004326,0
4345,西舘 健,315,0.1543,0.004358,0
4346,前田 健太郎,300,0.1671,0.004751,0
4347,魚谷 香織,295,0.1727,0.003859,0
4348,宮崎 奨,351,0.1594,0.003448,0
4349,犬童 千秋,243,0.1505,0.005496,0
4350,篠崎 元志,361,0.1345,0.002705,0
4351,里岡 右貴,383,0.1291,0.003963,0
4352,下條 雄太郎,294,0.1418,0.002898,0
4355,小川 広大,196,0.2038,0.006811,0
4356,長岡 良也,321,0.1597,0.004025,0
4357,田中 和也,358,0.1655,0.004174,0
4358,松本 庸平,276,0.2127,0.005631,0
4359,横川 聖志,273,0.1318,0.003998,0
4360,庄司 孝輔,332,0.1751,0.005936,0
4361,柳生 泰二,331,0.1427,0.003481,0
4362,土屋 智則,321,0.1385,0.003454,0
4363,大野 芳顕,378,0.1535,0.003833,0
4364,池永 太,342,0.1355,0.002573,0
4365,盛本 真輔,322,0.1742,0.004916,0
4366,前沢 丈史,380,0.1427,0.003971,0
4367,山口 修路,265,0.2044,0.007278,0
4368,山口 隆史,265,0.1931,0.00614,0
4369,丹下 将,367,0.1584,0.004395,0
4370,山口 達也,347,0.1429,0.004262,0
4371,西山 貴浩,308,0.1327,0.003104,0
4372,原田 佑実,253,0.1665,0.003596,0
4373,若狭 奈美子,337,0.1764,0.005565,0
4374,永田 義紘,299,0.1527,0.003053,0
4375,照屋 厚仁,358,0.1614,0.004958,0
4376,藤田 靖弘,377,0.1536,0.002393,0
4377,濱本 優一,374,0.1459,0.003885,0
4379,桑島 和宏,361,0.1568,0.004217,0
4380,鈴木 峻佑,312,0.1622,0.004921,0
4381,田路 朋史,331,0.166,0.005329,0
4382,高山 智至,308,0.1667,0.003999,0
4383,竹田 吉行,311,0.1652,0.00367,0
4384,鶴本 崇文,357,0.1695,0.004811,0
4385,鈴木 祐美子,169,0.2091,0.004856,0
4387,平山 智加,352,0.1513,0.003494,0
4388,是澤 孝宏,368,0.1677,0.004378,0
4389,伊藤 喜智,290,0.1756,0.003567,0
4390,松本 弓雄,290,0.1927,0.006056,0
4391,松田 祐季,368,0.1593,0.003759,0
4393,田中 孝明,270,0.1915,0.005286,0
4394,永嶋 裕一,289,0.1437,0.003662,0
4395,下河 雅史,312,0.1745,0.005533,0
4396,大田 直弥,310,0.1872,0.004913,0
4397,西村 拓也,392,0.1352,0.002894,0
4398,船岡 洋一郎,381,0.1391,0.003668,0
4400,加藤 奈月,249,0.1867,0.004676,0
4401,小林 泰,305,0.1429,0.003632,0
4402,乙藤 智史,316,0.1635,0.005464,0
4403,木下 大將,322,0.1461,0.003978,0
4404,岸蔭 亮,271,0.186,0.004597,0
4405,南野 利騰,282,0.1595,0.005235,0
4406,幸野 史明,309,0.1584,0.003556,0
4407,鹿島 敏弘,337,0.1735,0.0047,0
4408,仁科 さやか,222,0.1859,0.005285,0
4409,坂元 浩仁,351,0.1483,0.002727,0
4410,井上 大輔,313,0.1589,0.00428,0
4411,沢田 昭宏,364,0.1741,0.004427,0
4413,水摩 敦,367,0.1725,0.004106,0
4414,大澤 真菜,226,0.1759,0.005483,0
4415,下出 卓矢,375,0.1334,0.003614,0
4416,三宅 健太,307,0.1729,0.004632,0
4417,服部 剛,258,0.2063,0.004655,0
4418,茅原 悠紀,347,0.1236,0.002601,0
4419,原 加央理,252,0.1584,0.005393,0
4420,津久井 拓也,390,0.1582,0.00392,0
4421,森作 広大,216,0.1791,0.006223,0
4422,永井 亮次,282,0.1711,0.004453,0
4423,坂口 貴彦,318,0.164,0.004511,0
4424,松尾 昂明,395,0.1577,0.004075,0
4425,大井 清貴,248,0.1709,0.004125,0
4427,秦 英悟,335,0.1363,0.003429,0
4428,有賀 達也,346,0.1353,0.003319,0
4429,豊田 泰洋,295,0.1806,0.00599,0
4430,永田 秀二,364,0.1678,0.004042,0
4431,石塚 裕介,242,0.1615,0.005875,0
4432,黄金井 力良,340,0.1491,0.004092,0
4433,川野 芽唯,387,0.1785,0.004877,0
4434,田中 辰彦,342,0.1616,0.003825,0
4435,服部 達哉,288,0.1783,0.005632,0
4436,渋谷 明憲,355,0.1547,0.003338,0
4437,中田 元泰,345,0.1593,0.003173,0
4438,森作 雄大,329,0.1203,0.003252,0
4439,近藤 友宝,230,0.1703,0.005622,0
4440,萩原 知哉,279,0.172,0.004791,0
4441,末永 由楽,366,0.1298,0.003893,0
4442,松竹 大輔,312,0.159,0.004698,0
4443,津田 裕絵,327,0.185,0.003988,0
4444,桐生 順平,311,0.1352,0.002651,0
4445,宮地 元輝,334,0.1173,0.002822,0
4446,和田 兼輔,366,0.1349,0.003057,0
4447,深川 麻奈美,325,0.1659,0.004813,0
4448,青木 玄太,344,0.1556,0.004249,0
4449,中嶋 達也,279,0.1644,0.006212,0
4450,平高 奈菜,300,0.1542,0.004934,0
4451,松崎 祐太郎,363,0.1573,0.003641,0
4452,松尾 祭,364,0.1697,0.004357,0
4456,鎌倉 涼,276,0.161,0.004328,0
4457,神田 達也,247,0.1647,0.00439,0
4458,抹香 雄三,316,0.1483,0.003216,0
4459,片岡 雅裕,336,0.1221,0.002151,0
4460,後藤 翔之,369,0.1411,0.004127,0
4461,安田 吉宏,260,0.1651,0.004709,0
4462,夏山 亮平,254,0.151,0.005004,0
4463,三苫 晃幸,320,0.1586,0.003151,0
4464,山下 友貴,286,0.1906,0.005224,0
4465,大西 賢,232,0.1868,0.008604,0
4466,南 佑典,308,0.1662,0.004093,0
4467,渡邉 俊介,356,0.1363,0.002175,0
4468,大池 佑来,330,0.1402,0.003201,0
4469,土山 卓也,318,0.1631,0.003796,0
4470,平田 健之佑,343,0.1406,0.004158,0
4471,新田 泰章,396,0.1536,0.005039,0
4472,尾嶋 一広,377,0.1561,0.003651,0
4473,藤堂 里香,238,0.1677,0.006586,0
4474,渡辺 崇,276,0.1804,0.004995,0
4475,末永 祐輝,379,0.1493,0.004312,0
4477,篠崎 仁志,344,0.1339,0.00271,0
4478,櫻本 あゆみ,331,0.1512,0.004197,0
4479,矢野 真梨菜,201,0.1858,0.005122,0
4482,守屋 美穂,340,0.1616,0.005684,0
4483,北野 輝季,361,0.1398,0.002461,0
4484,稲生 夏季,272,0.196,0.008001,0
4485,楠原 正剛,322,0.1522,0.005589,0
4486,野村 誠,301,0.1665,0.005156,0
4487,三原 司,302,0.1777,0.004245,0
4488,小山 勉,308,0.1693,0.003867,0
4489,岩川 仁士,301,0.1505,0.003806,0
4491,田中 堅,283,0.1929,0.005397,0
4492,本多 宏和,102,0.1617,0.004732,0
4494,河合 佑樹,312,0.1406,0.003518,0
4495,森 晋太郎,242,0.1377,0.004619,0
4496,内堀 学,341,0.1599,0.004831,0
4497,桑原 悠,300,0.1376,0.002929,0
4498,宮本 夏樹,198,0.1656,0.005115,0
4499,滝川 真由子,215,0.1799,0.005437,0
4500,山田 康二,352,0.1263,0.00267,0
4501,樋口 由加里,356,0.1485,0.003578,0
4502,遠藤 エミ,352,0.1371,0.003779,0
4503,上野 真之介,383,0.1168,0.002576,0
4504,前田 将太,368,0.1411,0.002783,0
4505,島田 賢人,332,0.153,0.004078,0
4506,稗田 聖也,336,0.1363,0.002991,0
4508,野間 大樹,237,0.1794,0.006655,0
4509,平見 真彦,314,0.1782,0.00491,0
4510,坂本 奈央,138,0.2272,0.007601,0
4511,中岡 健人,285,0.1721,0.004424,0
4512,高野 哲史,419,0.1519,0.003001,0
4513,河野 真也,315,0.1803,0.00456,0
4514,上條 嘉嗣,381,0.183,0.005457,0
4515,藤田 浩人,384,0.1661,0.003699,0
4516,野口 勝弘,351,0.155,0.003435,0
4518,大須賀 友,314,0.1738,0.005578,0
4519,清水 沙樹,193,0.1528,0.005196,0
4520,高倉 孝太,298,0.1441,0.00399,0
4521,小池 公生,302,0.1872,0.007209,0
4522,古澤 光紀,323,0.1468,0.0038,0
4523,中村 辰也,284,0.1487,0.003379,0
4524,深谷 知博,338,0.1239,0.004176,0
4525,真子 奈津実,229,0.1428,0.003511,0
4526,池田 雄祐,283,0.1442,0.004299,0
4527,高野 心吾,252,0.1694,0.003612,0
4528,黒井 達矢,325,0.1557,0.004255,0
4529,嶋 義信,312,0.1426,0.003683,0
4530,小野 生奈,334,0.1486,0.003596,0
4531,武富 智亮,364,0.1554,0.003653,0
4532,秋元 哲,326,0.1318,0.003091,0
4533,峰重 侑治,215,0.1739,0.005584,0
4534,坂 咲友理,190,0.2041,0.005972,0
4535,北山 康介,256,0.1482,0.003566,0
4536,喜井 つかさ,337,0.1601,0.005299,0
4537,渡邉 和将,367,0.1398,0.003603,0
4538,笠置 博之,286,0.1476,0.006317,0
4539,金子 賢志,357,0.1313,0.00253,0
4540,相原 利章,300,0.1204,0.003935,0
4543,重木 輝彦,359,0.1642,0.005612,0
4544,松田 大志郎,391,0.1635,0.004856,0
4545,岡村 慶太,341,0.1409,0.003241,0
4546,浜田 亜理沙,271,0.1598,0.003649,0
4547,中田 竜太,349,0.1506,0.003742,0
4548,篠木 亜衣花,150,0.2371,0.005897,0
4549,小林 文彦,294,0.1895,0.004674,0
4550,石岡 将太,304,0.1563,0.003069,0
4551,三川 昂暁,350,0.1692,0.007477,0
4552,杉山 勝匡,296,0.1491,0.004677,0
4553,坪口 竜也,305,0.1513,0.002828,0
4555,富永 大一,301,0.1809,0.004485,0
4556,竹井 奈美,285,0.1574,0.003801,0
4557,松尾 光広,268,0.1855,0.005903,0
4558,宮野 仁,234,0.2012,0.006271,0
4560,庄司 樹良々,288,0.1458,0.00514,0
4561,藤山 翔大,311,0.1931,0.008408,0
4562,阪本 勇介,331,0.1875,0.004294,0
4563,齋藤 真之,263,0.1724,0.005935,0
4564,山本 景士郎,287,0.1884,0.003089,0
4565,西村 豪洋,294,0.1766,0.005459,0
4566,塩田 北斗,328,0.1384,0.003169,0
4567,上村 慎太郎,221,0.2252,0.004543,0
4568,廣瀬 真也,306,0.1512,0.004152,0
4569,中澤 宏奈,171,0.1661,0.005818,0
4570,前田 聖文,352,0.1535,0.005298,0
4571,菅 章哉,303,0.1421,0.004748,0
4572,渡部 悟,289,0.1472,0.003443,0
4573,佐藤 翼,316,0.1364,0.002396,0
4574,東 潤樹,330,0.1761,0.003799,0
4575,戸塚 邦好,290,0.1475,0.003472,0
4578,藤山 雅弘,326,0.1613,0.004764,0
4579,中嶋 健一郎,346,0.1543,0.003637,0
4580,長谷川 雅和,292,0.159,0.004311,0
4581,吉村 誠,376,0.142,0.003266,0
4583,古田 祐貴,364,0.1427,0.004111,0
4584,村岡 賢人,332,0.1205,0.002964,0
4586,磯部 誠,344,0.1229,0.00244,0
4587,木田 峰由季,314,0.1616,0.005654,0
4588,田中 京介,380,0.1447,0.003787,0
4589,塩崎 桐加,244,0.156,0.00539,0
4590,渡邉 優美,341,0.1509,0.003837,0
4592,小林 孝弘,282,0.1501,0.003874,0
4593,小坂 宗司,339,0.1604,0.004426,0
4594,谷川 祐一,306,0.1506,0.004113,0
4596,葛原 大陽,354,0.1444,0.003376,0
4598,加藤 政彦,315,0.1449,0.004831,0
4600,井内 将太郎,316,0.1284,0.003321,0
4601,森野 正弘,360,0.13,0.0034,0
4603,谷川 将太,292,0.1598,0.003552,0
4604,岩瀬 裕亮,398,0.1428,0.00311,0
4607,鶴田 勇雄,360,0.1732,0.007037,0
4608,荒井 翔伍,345,0.1574,0.00491,0
4610,佐藤 大佑,347,0.1579,0.006971,0
4611,今井 美亜,343,0.1431,0.004656,0
4614,石倉 洋行,324,0.1315,0.004337,0
4615,板倉 敦史,261,0.1797,0.004961,0
4618,乃村 康友,254,0.1718,0.004253,0
4619,伏田 裕隆,298,0.1621,0.006998,0
4623,中北 将史,317,0.1521,0.005105,0
4624,高田 明,358,0.1665,0.005408,0
4625,渡邊 裕貴,274,0.1642,0.004587,0
4626,伊藤 紘章,249,0.2151,0.007843,0
4627,藤原 菜希,278,0.15,0.004483,0
4630,岩永 雅人,306,0.1747,0.004311,0
4631,新井 英孝,270,0.1504,0.005522,0
4632,長尾 京志郎,243,0.1818,0.005547,0
4633,森 智也,312,0.1634,0.003211,0
4635,峰重 力也,235,0.1287,0.00409,0
4636,赤池 修平,246,0.1862,0.005257,0
4637,中田 友也,268,0.1644,0.003832,0
4638,小林 遼太,308,0.1839,0.004844,0
4639,雑賀 勇貴,298,0.1613,0.004421,0
4640,山ノ内 雅人,396,0.1456,0.002527,0
4641,磯村 匠,234,0.1822,0.006292,0
4642,松尾 夏海,334,0.1581,0.003316,0
4643,近江 翔吾,328,0.1362,0.003252,0
4644,山田 亮太,335,0.1447,0.003335,0
4645,上村 純一,352,0.1332,0.003208,0
4648,木村 亮太,253,0.149,0.003826,0
4649,和田 操拓,373,0.1267,0.002738,0
4650,中山 雄太,206,0.1397,0.003464,0
4651,佐藤 大騎,255,0.1667,0.006369,0
4652,酒見 峻介,289,0.1676,0.005396,0
4653,小野 達哉,290,0.1453,0.002884,0
4654,篠田 優也,306,0.1549,0.003605,0
4656,大崎 翔,286,0.1493,0.003191,0
4659,木下 翔太,379,0.1455,0.003017,0
4660,宇田川 信一,161,0.1941,0.006032,0
4661,中島 昂章,274,0.1796,0.005005,0
4663,籾山 佳岳,84,0.1493,0.004047,0
4664,東口 晃,228,0.1868,0.005696,0
4665,加藤 啓太,270,0.1696,0.004444,0
4666,日笠 勝弘,195,0.1567,0.003508,0
4669,井上 茂,274,0.1632,0.004293,0
4672,守屋 大地,297,0.1793,0.004009,0
4674,池田 剛規,344,0.1465,0.003864,0
4675,井手 良太,237,0.1277,0.003292,0
4676,後藤 隼之,289,0.1606,0.004638,0
4677,片橋 幸貴,273,0.1578,0.004316,0
4678,水野 望美,237,0.1689,0.003775,0
4679,植田 太一,363,0.1585,0.003586,0
4680,後藤 美翼,300,0.196,0.005535,0
4681,太田 潮,175,0.1737,0.00548,0
4682,大上 卓人,373,0.1373,0.002465,0
4683,向井田 直弥,164,0.1349,0.006824,0
4684,楠原 翔太,313,0.1439,0.003964,0
4685,島村 隆幸,304,0.1478,0.003116,0
4686,丸野 一樹,338,0.1337,0.003639,0
4688,永井 彪也,359,0.1313,0.002739,0
4689,豊田 結,266,0.1577,0.004549,0
4690,高石 梨菜,54,0.1719,0.005485,0
4691,水原 慎,219,0.1621,0.005425,0
4692,酒井 俊弘,277,0.1418,0.005116,0
4693,松下 誉士,301,0.1939,0.00404,0
4694,高田 綾,258,0.1792,0.007499,0
4695,尾崎 雄二,302,0.1502,0.004012,0
4697,國弘 翔平,296,0.1726,0.006435,0
4700,金子 和之,312,0.1503,0.004149,0
4702,三浦 敬太,322,0.138,0.003711,0
4703,森永 隆,333,0.1451,0.004152,0
4704,河野 大,400,0.1351,0.003254,0
4705,吉川 勇作,273,0.1542,0.004707,0
4706,三浦 洋次朗,339,0.1706,0.004516,0
4708,半田 尚也,254,0.1824,0.005775,0
4709,岡村 将也,317,0.1587,0.003095,0
4710,福田 宗平,383,0.1404,0.003097,0
4711,前出 達吉,305,0.1543,0.004113,0
4713,白神 優,404,0.1276,0.002924,0
4714,喜多須 杏奈,274,0.1659,0.004661,0
4715,村上 遼,298,0.1323,0.003716,0
4718,北川 太一,300,0.1493,0.004966,0
4719,上條 暢嵩,366,0.1315,0.002335,0
4720,西澤 日花里,237,0.1905,0.005603,0
4723,寺島 吉彦,255,0.1682,0.006415,0
4724,吉田 祐貴,190,0.1826,0.007852,0
4725,佐竹 太一,291,0.1824,0.005523,0
4726,島田 なぎさ,96,0.1478,0.004963,0
4727,安部 慎一,263,0.1499,0.005693,0
4728,山口 亮,273,0.1824,0.004494,0
4729,佐藤 謙史朗,200,0.188,0.00507,0
4730,土屋 実沙希,255,0.16,0.006097,0
4731,間野 兼礼,260,0.1567,0.005868,0
4732,堀本 和也,368,0.1128,0.00264,0
4733,赤井 睦,235,0.1457,0.00501,0
4734,安河内 将,340,0.1483,0.003651,0
4735,角山 雄哉,283,0.1511,0.005854,0
4736,高倉 和士,344,0.1278,0.003136,0
4737,竹井 貴史,296,0.1608,0.004662,0
4738,清埜 翔子,379,0.1574,0.003573,0
4739,中村 晃朋,377,0.1443,0.003235,0
4740,齋藤 達希,284,0.174,0.003713,0
4743,木村 仁紀,402,0.1415,0.002794,0
4744,伊藤 玲奈,224,0.2132,0.006946,0
4746,大豆生田 蒼,236,0.1729,0.006725,0
4747,山戸 信二,251,0.1702,0.005227,0
4748,渡邉 雄朗,336,0.144,0.005767,0
4750,井上 尚悟,265,0.1665,0.005277,0
4752,西尾 亮輔,295,0.169,0.005783,0
4753,森 照夫,186,0.1433,0.005106,0
4754,松尾 充,341,0.1516,0.003226,0
4756,渡邉 昌成,4,0.1375,0.005769,1
4757,山田 祐也,365,0.1372,0.0031,0
4758,富樫 麗加,129,0.1486,0.004859,0
4759,今泉 友吾,327,0.1532,0.003444,0
4760,山崎 郡,396,0.1361,0.002634,0
4761,山田 晃大,369,0.1341,0.003349,0
4762,藤原 啓史朗,338,0.1239,0.002845,0
4764,小池 礼乃,265,0.1706,0.005132,0
4765,野田部 宏子,248,0.127,0.003515,0
4766,石井 孝之,226,0.1388,0.005961,0
4769,馬場 剛,361,0.1164,0.002127,0
4771,下寺 秀和,361,0.1486,0.003168,0
4772,石丸 海渡,334,0.1105,0.002837,0
4773,中川 りな,378,0.1784,0.004674,0
4775,千葉 真弥,243,0.1468,0.005101,0
4776,竹田 和哉,396,0.1503,0.003815,0
4778,堤 啓輔,242,0.1617,0.004801,0
4779,伊倉 光,280,0.158,0.004425,0
4781,西舘 果里,122,0.1584,0.008182,0
4782,浜崎 準也,216,0.1837,0.00732,0
4784,向井田 真紀,190,0.1917,0.007224,0
4785,木幡 純也,264,0.1891,0.006204,0
4786,佐藤 博亮,377,0.1338,0.003367,0
4787,椎名 豊,356,0.1331,0.003148,0
4788,小池 哲也,371,0.1492,0.003875,0
4789,古賀 智之,294,0.1646,0.00632,0
4790,柳内 敬太,338,0.1587,0.004802,0
4791,黒澤 めぐみ,301,0.1807,0.007472,0
4792,杉村 賢也,208,0.1556,0.007144,0
4793,金子 萌,351,0.1341,0.002466,0
4794,和田 拓也,302,0.1331,0.003239,0
4796,春園 功太,357,0.1398,0.003679,0
4797,中山 将,300,0.1471,0.00524,0
4798,浜先 真範,374,0.1278,0.003656,0
4803,飯田 庄吾,243,0.1886,0.005695,0
4804,高田 ひかる,334,0.1774,0.005501,0
4808,松尾 拓,356,0.1632,0.004039,0
4809,外崎 悟,262,0.1597,0.003625,0
4811,向井田 佑紀,341,0.1604,0.003322,0
4812,西野 雄貴,287,0.1344,0.004384,0
4813,宮内 直哉,258,0.1895,0.004909,0
4815,伏島 祐介,226,0.1844,0.005497,0
4816,村松 修二,302,0.1522,0.005271,0
4817,渡邉 翼,281,0.1379,0.004152,0
4818,伏見 俊介,84,0.1324,0.005816,0
4819,蜂須 瑞生,274,0.1651,0.005391,0
4821,妻鳥 晋也,303,0.182,0.005071,0
4822,百武 翔,361,0.1626,0.004663,0
4823,中村 桃佳,293,0.1424,0.003748,0
4824,松井 洪弥,372,0.1229,0.00262,0
4825,倉持 莉々,313,0.1295,0.00313,0
4826,井上 一輝,394,0.1319,0.002584,0
4828,松山 将吾,330,0.1459,0.003404,0
4831,羽野 直也,283,0.145,0.002571,0
4832,権藤 俊光,363,0.1453,0.003392,0
4834,浜本 裕己,371,0.1436,0.004403,0
4835,橋本 明,326,0.1504,0.003312,0
4836,大谷 健太,231,0.1735,0.006457,0
4837,酒井 陽祐,265,0.1546,0.003361,0
4839,四宮 与寛,318,0.1319,0.004027,0
4840,鈴木 秀茉,308,0.1625,0.005428,0
4842,山下 昂大,308,0.1627,0.004364,0
4843,深尾 巴恵,187,0.1553,0.005623,0
4844,村上 奈穂,316,0.1766,0.005265,0
4845,前田 紗希,286,0.1472,0.004992,0
4846,佐藤 駿介,266,0.1739,0.005327,0
4847,佐藤 隆太郎,304,0.1373,0.004289,0
4848,仲谷 颯仁,333,0.148,0.003812,0
4850,野中 一平,328,0.1156,0.002998,0
4851,関 浩哉,336,0.1332,0.003429,0
4852,川原 祐明,376,0.1453,0.003077,0
4853,前原 哉,231,0.1974,0.005569,0
4854,大橋 由珠,134,0.1677,0.006189,0
4856,豊田 健士郎,416,0.1378,0.002735,0
4857,加藤 翔馬,306,0.1553,0.004769,0
4861,田中 宏樹,310,0.1675,0.005499,0
4863,三浦 裕貴,208,0.1598,0.005248,0
4864,小川 日紀太,256,0.1531,0.00541,0
4865,立具 敬司,171,0.1698,0.005417,0
4866,橋本 英一,246,0.1662,0.004534,0
4871,菊池 宏志,260,0.1694,0.004852,0
4872,山下 流心,306,0.1713,0.00506,0
4873,蒲原 健太,354,0.186,0.004088,0
4874,池田 奈津美,231,0.1457,0.003625,0
4875,大塚 康雅,284,0.1743,0.005962,0
4876,梅木 敬太,317,0.168,0.003742,0
4877,鈴谷 一平,330,0.1337,0.003092,0
4878,西岡 育未,228,0.1712,0.004689,0
4879,山崎 鉄平,288,0.1643,0.006282,0
4880,澤崎 雄哉,252,0.1636,0.003585,0
4882,瀧川 千依,189,0.2053,0.010893,0
4883,岡部 大輝,276,0.1586,0.003579,0
4884,勝浦 真帆,175,0.1403,0.003636,0
4885,大山 千広,177,0.1425,0.004122,0
4886,入海 馨,318,0.1447,0.003945,0
4887,富澤 祐作,286,0.1397,0.007088,0
4888,金児 隆太,295,0.1894,0.005116,0
4889,後藤 盛也,205,0.1436,0.005535,0
4890,石川 諒,318,0.132,0.00401,0
4891,寺島 美里,282,0.1556,0.0052,0
4892,柴田 直哉,270,0.1813,0.004578,0
4893,渡邉 真奈美,256,0.1548,0.005684,0
4894,原村 拓也,303,0.1942,0.00564,0
4895,門間 雄大,301,0.1451,0.00444,0
4896,花本 剛,285,0.1851,0.006433,0
4897,深見 亜由美,212,0.1968,0.006947,0
4898,菊地 敬介,252,0.1512,0.007115,0
4899,占部 一真,262,0.1512,0.004817,0
4900,中田 夕貴,302,0.1767,0.0051,0
4901,出口 舞有子,223,0.1652,0.005298,0
4902,山川 雄大,314,0.1835,0.004207,0
4903,吉田 凌太朗,357,0.1513,0.005143,0
4904,松本 一毅,342,0.1676,0.003778,0
4905,土井 祥伍,265,0.1878,0.005086,0
4906,鈴木 雅希,320,0.155,0.003859,0
4907,小池 修平,361,0.1361,0.002712,0
4908,上田 龍星,350,0.1364,0.004012,0
4909,薮内 瑞希,274,0.1551,0.004951,0
4910,中村 泰平,348,0.1439,0.003997,0
4911,片岡 大地,245,0.1442,0.004557,0
4914,吉田 裕平,324,0.1199,0.002334,0
4917,岩橋 裕馬,279,0.1609,0.003881,0
4918,川島 拓郎,301,0.154,0.004717,0
4919,吉田 翔悟,220,0.1506,0.004191,0
4924,中北 涼,300,0.1763,0.004768,0
4925,森 悠稀,343,0.1363,0.003002,0
4926,吉川 貴仁,270,0.1434,0.004227,0
4927,関野 文,356,0.1571,0.003941,0
4928,栗城 匠,334,0.1435,0.003824,0
4930,佐藤 悠,346,0.1442,0.006232,0
4931,木谷 賢太,394,0.1445,0.003252,0
4932,新開 航,348,0.1475,0.003492,0
4933,板橋 侑我,318,0.1305,0.003366,0
4934,佐々木 翔斗,338,0.1604,0.004673,0
4936,戸敷 晃美,269,0.1656,0.006387,0
4938,小芦 るり華,366,0.1465,0.003812,0
4939,宮之原 輝紀,325,0.1323,0.002382,0
4940,白石 有美,139,0.1675,0.007909,0
4941,孫崎 百世,261,0.2112,0.005761,0
4942,柴田 朋哉,280,0.1465,0.00477,0
4943,八木 治樹,254,0.1449,0.004514,0
4944,田代 達也,271,0.1582,0.004916,0
4945,上村 宏太,272,0.1801,0.005465,0
4947,間庭 菜摘,269,0.1817,0.005368,0
4948,木場 悠介,303,0.1477,0.003581,0
4949,横田 貴満,352,0.1536,0.003428,0
4950,高岡 竜也,338,0.1621,0.003305,0
4951,新田 洋一,271,0.1442,0.003939,0
4952,吉武 真也,246,0.1717,0.005496,0
4953,尾上 雅也,363,0.1502,0.003069,0
4954,内山 峻輔,123,0.169,0.005001,0
4956,齊藤 大将,136,0.1757,0.004826,0
4957,竹之内 極,309,0.1647,0.003976,0
4958,溝口 海義也,374,0.1404,0.002635,0
4959,井上 忠政,359,0.1475,0.002888,0
4960,黒野 元基,381,0.1387,0.003205,0
4961,西橋 奈未,345,0.1425,0.004408,0
4962,畑 竜生,336,0.1564,0.004519,0
4963,實森 美祐,322,0.1477,0.00315,0
4964,土屋 南,199,0.144,0.003955,0
4965,福岡 泉水,231,0.1765,0.006867,0
4966,田川 大貴,325,0.1512,0.00446,0
4967,中村 魁生,353,0.134,0.003895,0
4969,町田 洸希,257,0.1711,0.005477,0
4973,栗原 直也,303,0.1783,0.005085,0
4974,安井 瑞紀,312,0.1625,0.004748,0
4976,金山 立樹,243,0.1951,0.006747,0
4977,馬野 耀,310,0.1545,0.004617,0
4978,山田 和佐,335,0.1678,0.005005,0
4979,中野 夢斗,305,0.1654,0.004812,0
4980,佐々木 完太,357,0.1492,0.004,0
4981,牧山 敦也,296,0.1739,0.003753,0
4982,中村 将隆,246,0.1623,0.004699,0
4983,前田 篤哉,381,0.153,0.003446,0
4984,森下 愛梨,256,0.1982,0.008118,0
4985,井本 昌也,365,0.14,0.003245,0
4987,島倉 都,253,0.1678,0.004367,0
4988,牟田 奨太,281,0.1489,0.004363,0
4989,石原 翼,309,0.1427,0.005028,0
4990,田中 博子,136,0.2067,0.007638,0
4991,宗行 治哉,316,0.1736,0.004316,0
4992,廣瀬 篤哉,292,0.1557,0.003998,0
4994,山本 梨菜,341,0.165,0.005217,0
4995,田邉 亮蔵,292,0.1844,0.003849,0
4997,濱崎 寿里矢,149,0.1816,0.008403,0
4998,中村 かなえ,100,0.1228,0.00377,0
5000,岡本 翔太郎,284,0.1276,0.003528,0
5002,上田 健太,336,0.1591,0.005156,0
5003,来田 衣織,307,0.1664,0.00648,0
5004,河野 主樹,315,0.1528,0.004302,0
5005,石田 貴洋,302,0.15,0.005207,0
5006,久保原 秀人,268,0.1826,0.006146,0
5007,近藤 雄一郎,271,0.1741,0.005732,0
5008,羽野 諒,270,0.1368,0.003096,0
5009,大賀 龍之介,282,0.1661,0.005456,0
5010,宇留田 翔平,341,0.1415,0.003511,0
5011,高木 圭大,262,0.164,0.004465,0
5012,加倉 侑征,309,0.1337,0.005139,0
5013,山下 夏鈴,297,0.1634,0.005107,0
5014,梶山 涼斗,252,0.1407,0.004418,0
5015,高橋 竜矢,351,0.1338,0.002712,0
5016,宮田 龍馬,332,0.1399,0.003411,0
5017,澤田 尚也,351,0.1285,0.003358,0
5018,竹下 大樹,429,0.149,0.003839,0
5019,柴田 百恵,218,0.1587,0.005408,0
5020,宮村 勇哉,254,0.1626,0.005563,0
5022,伊藤 尚汰,250,0.1677,0.004329,0
5023,久永 祥平,295,0.1504,0.005458,0
5026,安河内 健,346,0.1528,0.004857,0
5027,重冨 勇哉,260,0.1814,0.006821,0
5028,原田 才一郎,360,0.158,0.005134,0
5029,中 亮太,352,0.1352,0.003241,0
5031,渡辺 空依,246,0.1753,0.005903,0
5032,谷口 知優,311,0.1526,0.004447,0
5033,藤原 孝斗,255,0.1839,0.00633,0
5034,若林 義人,418,0.1324,0.003809,0
5035,櫻井 優,321,0.1673,0.004573,0
5036,福田 翔吾,314,0.1614,0.004949,0
5037,田頭 虎親,247,0.177,0.005358,0
5038,金田 智博,326,0.1548,0.00456,0
5039,倉田 茂将,272,0.1514,0.005147,0
5041,荒牧 凪沙,260,0.1779,0.00656,0
5042,畑田 汰一,347,0.1194,0.003144,0
5043,中村 日向,374,0.1335,0.003343,0
5044,渡邉 健,288,0.1397,0.005487,0
5045,平川 香織,331,0.2026,0.006222,0
5046,松山 裕基,271,0.1672,0.006047,0
5047,國分 将太郎,272,0.1757,0.006401,0
5048,眞鳥 康太,268,0.1848,0.007288,0
5049,松井 友汰,275,0.1682,0.00624,0
5050,木下 雄介,288,0.1593,0.004347,0
5051,松本 純平,333,0.1547,0.004014,0
5052,赤井 星璃菜,134,0.1535,0.008077,0
5053,山口 広樹,269,0.1694,0.0062,0
5054,佐々木 大河,273,0.1377,0.004049,0
5055,眞鳥 章太,341,0.1486,0.00461,0
5056,西岡 成美,34,0.1518,0.002903,0
5057,上田 紗奈,273,0.1569,0.003626,0
5058,前原 大道,385,0.1526,0.005934,0
5059,冨田 祥,9,0.1633,0.005333,1
5060,数原 魁,310,0.1612,0.003835,0
5061,中村 駿平,207,0.1642,0.004936,0
5063,大塚 雅治,257,0.176,0.005743,0
5064,品川 二千翔,321,0.1597,0.00499,0
5065,伊久間 陽優,262,0.1206,0.004166,0
5066,鈴木 孝明,332,0.1614,0.004235,0
5067,山田 真聖,279,0.1518,0.003918,0
5068,前田 滉,352,0.1429,0.003973,0
5069,山崎 小葉音,242,0.1581,0.00503,0
5070,中島 航,248,0.1916,0.006894,0
5071,野見山 拓己,254,0.1283,0.004713,0
5072,吉田 杏美,73,0.2041,0.008493,0
5073,上原 健次郎,315,0.1746,0.0041,0
5074,大澤 誠也,272,0.1774,0.003787,0
5075,中島 秀治,378,0.1629,0.004969,0
5076,石原 光,287,0.1607,0.004831,0
5077,滝沢 崚,167,0.1835,0.010777,0
5078,山川 波乙,263,0.1797,0.006292,0
5079,大石 真央,271,0.1707,0.005372,0
5081,篠原 飛翔,304,0.18,0.005443,0
5082,一色 凌雅,328,0.1884,0.00506,0
5083,柳瀬 幹太,232,0.158,0.006394,0
5084,末永 和也,287,0.1329,0.002571,0
5085,中村 栄治,318,0.1952,0.005544,0
5086,本村 大,255,0.1901,0.005597,0
5087,佐藤 航,341,0.1518,0.004127,0
5088,高憧 四季,401,0.1535,0.004872,0
5089,前田 翔,330,0.1578,0.003483,0
5090,生方 靖亜,277,0.1563,0.004492,0
5091,為本 智也,225,0.1532,0.004535,0
5092,篠原 晟弥,301,0.1309,0.004542,0
5093,浦野 海,302,0.1768,0.007229,0
5095,小原 聡将,276,0.1474,0.003576,0
5096,上原 崚,346,0.1375,0.002955,0
5098,大江 純,293,0.1471,0.004992,0
5100,栗原 一馬,229,0.1755,0.005148,0
5101,表 健太,188,0.1897,0.007756,0
5102,原田 雄次,292,0.1862,0.007281,0
5103,芝田 京介,213,0.1801,0.007335,0
5104,山田 丈,268,0.1524,0.005155,0
5105,富田 恕生,285,0.1778,0.003802,0
5106,山崎 祥,294,0.1861,0.005331,0
5107,松本 真広,225,0.1743,0.005647,0
5108,柴田 愛梨,108,0.2559,0.0087,0
5109,川崎 智稔,320,0.1391,0.003909,0
5110,杉山 喜一,302,0.1547,0.003929,0
5111,三村 岳人,257,0.1595,0.006202,0
5112,砂長 知輝,363,0.148,0.003908,0
5113,黒明 花夢,130,0.2042,0.007297,0
5114,小林 孝彰,386,0.1643,0.00292,0
5115,香川 颯太,259,0.1446,0.0044,0
5117,冨名腰 桃奈,186,0.1805,0.006476,0
5118,野田 なづき,208,0.1822,0.004462,0
5120,山本 稔太朗,247,0.159,0.005279,0
5121,定松 勇樹,325,0.133,0.003674,0
5122,相馬 翔,164,0.183,0.00702,0
5123,福山 恵里奈,278,0.1612,0.006873,0
5124,上瀧 絢也,189,0.1632,0.004568,0
5125,高井 雄基,315,0.1801,0.006267,0
5126,山下 大輝,355,0.1485,0.004697,0
5127,沼田 大都,285,0.2037,0.007747,0
5128,坪井 爽佑,198,0.1781,0.007493,0
5129,山口 真喜子,292,0.1614,0.005651,0
5130,上野 拓馬,308,0.1692,0.004033,0
5131,江藤 敦宏,265,0.1785,0.004431,0
5132,中野 希一,399,0.1309,0.004219,0
5133,堀越 雄貴,267,0.1825,0.004951,0
5134,大原 祥昌,329,0.1476,0.004547,0
5135,仲 航太,286,0.167,0.008151,0
5136,濱野 斗馬,378,0.1463,0.003606,0
5137,川原 涼,267,0.1639,0.006895,0
5138,村本 大成,184,0.1836,0.007605,0
5139,大場 恒季,324,0.1512,0.005311,0
5140,吉田 彩乃,237,0.1845,0.006346,0
5141,大澤 風葵,325,0.1294,0.00331,0
5142,常住 蓮,384,0.1321,0.003757,0
5143,常盤 海心,301,0.1899,0.004902,0
5144,中尾 彩香,282,0.1676,0.006398,0
5145,島川 海輝,367,0.1534,0.003223,0
5146,野田 彩加,256,0.1568,0.003679,0
5147,田中 勇輔,183,0.1462,0.004892,0
5148,松本 怜,206,0.18,0.006582,0
5150,坂本 雄紀,299,0.1428,0.005771,0
5151,山下 奈緒,276,0.2175,0.006712,0
5152,丸山 祐也,226,0.2185,0.005461,0
5153,佐藤 ほのか,292,0.1674,0.005691,0
5154,村松 栄太,293,0.1761,0.005104,0
5155,内山 七海,307,0.1502,0.005781,0
5156,坂野 さくら,239,0.1767,0.005496,0
5157,市川 健太,298,0.1643,0.004751,0
5158,宮脇 遼太,332,0.1564,0.004892,0
5160,藤森 陸斗,348,0.1505,0.003105,0
5161,登玉 隼百,308,0.1412,0.003582,0
5162,松尾 怜実,103,0.1697,0.004694,0
5163,清水 愛海,294,0.166,0.005634,0
5164,森田 梨湖,138,0.2073,0.007057,0
5165,小林 愛実,281,0.1682,0.005418,0
5166,仲道 大輔,318,0.1731,0.00706,0
5167,小川 竜太朗,252,0.1623,0.004685,0
5169,堀本 翔太,171,0.1894,0.007296,0
5170,佐藤 太亮,254,0.1601,0.005161,0
5171,清水 未唯,73,0.1484,0.007058,0
5172,田村 慶,286,0.1888,0.00519,0
5173,谷口 佳蓮,270,0.1529,0.005124,0
5174,川井 萌,158,0.1692,0.005325,0
5175,島崎 丈一朗,190,0.1801,0.006416,0
5176,石倉 拓美,138,0.1843,0.007851,0
5177,松井 貫太,314,0.1971,0.004977,0
5178,成貞 琳平,329,0.1928,0.006,0
5179,藤本 元輝,221,0.1712,0.008755,0
5180,藤本 紗弥香,150,0.19,0.008931,0
5181,森 智哉,270,0.1651,0.005058,0
5182,宮崎 安奈,267,0.1422,0.00545,0
5183,中野 孝二,287,0.1558,0.004452,0
5184,飯塚 響,120,0.1982,0.007944,0
5185,加藤 優弥,284,0.1384,0.004689,0
5186,遠藤 圭吾,244,0.1723,0.003937,0
5187,小坂 風太,212,0.1869,0.006252,0
5188,武井 莉里佳,347,0.1627,0.00588,0
5189,藤原 早菜,323,0.1937,0.005275,0
5190,大月 遊雅,260,0.1744,0.005936,0
5191,飛田 江己,381,0.1219,0.003346,0
5192,中尾 優香,232,0.1778,0.007907,0
5193,米丸 乃絵,343,0.1517,0.004305,0
5194,大久保 佑香,246,0.1626,0.005206,0
5195,北村 寧々,265,0.142,0.004681,0
5196,鰐部 太空海,308,0.1616,0.006058,0
5197,中野 仁照,213,0.1506,0.007336,0
5198,奥村 明日香,242,0.1983,0.007126,0
5199,垂水 悠,256,0.1202,0.003745,0
5200,筒井 美琴,132,0.1995,0.007301,0
5201,村上 宗太郎,177,0.1966,0.007792,0
5203,神里 琴音,275,0.1528,0.003142,0
5204,宇恵 有香,125,0.167,0.004296,0
5205,刑部 亜里紗,316,0.174,0.005281,0
5206,梅原 祥平,247,0.1421,0.005634,0
5207,高山 敬悟,255,0.1611,0.004297,0
5208,屋良 龍紀,268,0.1531,0.00514,0
5209,小野 京平,190,0.2009,0.007554,0
5210,藤井 公人,261,0.1456,0.003366,0
5211,高井 駿弥,260,0.166,0.006574,0
5212,西川 拓利,326,0.1313,0.003453,0
5213,湯淺 紀香,313,0.185,0.004392,0
5214,田中 宏典,293,0.1732,0.005563,0
5215,石丸 小槙,18,0.1644,0.00718,0
5216,長谷川 晴哉,391,0.1563,0.003706,0
5217,藤原 碧生,316,0.1594,0.005347,0
5218,山田 理央,311,0.149,0.006227,0
5219,森口 和紀,223,0.1718,0.006584,0
5220,青木 蓮,371,0.1246,0.004479,0
5221,竹間 隆晟,355,0.1482,0.003659,0
5222,津田 陸翔,353,0.1688,0.00395,0
5223,森清 友翔,328,0.1619,0.005501,0
5224,西岡 顕心,347,0.1461,0.003583,0
5226,藤田 俊祐,269,0.1525,0.004292,0
5227,川原 愛未,54,0.1857,0.00995,0
5228,若林 樹蘭,225,0.1607,0.004026,0
5229,吉川 晴人,351,0.1567,0.004607,0
5230,石原 凪紗,242,0.1838,0.006863,0
5231,寺田 空詩,248,0.1583,0.004431,0
5232,樅山 拓馬,274,0.148,0.004682,0
5234,塚越 海斗,353,0.1487,0.004805,0
5235,岩田 凌,172,0.1767,0.007145,0
5236,小宮 涼雅,319,0.1718,0.004835,0
5237,永松 良教,205,0.1508,0.0061,0
5238,笹木 香吾,325,0.1414,0.0042,0
5239,上野 俊樹,290,0.1598,0.00644,0
5240,高橋 龍治,259,0.1683,0.007437,0
5241,門田 栞,240,0.1641,0.006673,0
5242,高山 弘斗,251,0.1768,0.009189,0
5243,三馬 崇史,303,0.1535,0.00428,0
5244,黒田 剛,253,0.152,0.005909,0
5245,倉富 大誠,257,0.1695,0.005763,0
5246,楠 将太郎,279,0.1722,0.005713,0
5247,大森 翼,296,0.1666,0.005427,0
5248,本田 愛,253,0.1966,0.007368,0
5249,三木 晴斗,284,0.1552,0.006061,0
5250,嶋田 有里,249,0.1821,0.007669,0
5251,沼田 七華,144,0.1788,0.00672,0
5252,荒木 颯斗,318,0.1424,0.00366,0
5253,藤井 太雅,187,0.2027,0.010158,0
5254,羽田 妃希,213,0.2045,0.006888,0
5255,藤原 仙二,339,0.1766,0.005594,0
5256,中山 翔太,352,0.1294,0.00365,0
5257,西丸 侑太朗,397,0.1518,0.003913,0
5258,仲本 舜,252,0.163,0.006296,0
5259,野田 昇吾,213,0.1557,0.007232,0
5261,岡 暢祐,243,0.1732,0.005753,0
5262,鈴木 章司,244,0.1943,0.008679,0
5263,花田 凱成,267,0.1746,0.004463,0
5264,登 みひ果,303,0.1632,0.006215,0
5265,大廣 咲季,281,0.1615,0.00471,0
5266,石田 勇斗,272,0.1569,0.005954,0
5267,石本 裕武,360,0.1463,0.003513,0
5268,山本 幸也,227,0.2007,0.009831,0
5269,山口 晃朋,309,0.135,0.004429,0
5270,小玉 啓太,260,0.1646,0.006639,0
5271,杉山 太陽,235,0.1703,0.0063,0
5272,松田 真実,253,0.1838,0.006051,0
5273,山下 拓巳,299,0.1779,0.005379,0
5274,城間 盛渚,231,0.1794,0.006667,0
5275,松田 淳平,324,0.1348,0.005135,0
5276,大島 隆乃介,308,0.1601,0.003888,0
5277,井上 未都,291,0.1481,0.004179,0
5278,田中 駿兵,337,0.14,0.004118,0
5279,石渡 翔一郎,281,0.1536,0.005232,0
5280,廣瀬 凜,360,0.1598,0.00437,0
5281,井上 遥妃,285,0.1364,0.006479,0
5282,中本 大樹,308,0.1612,0.005946,0
5283,植木 美帆,172,0.188,0.008631,0
5284,嘉手苅 徹哉,213,0.1622,0.005245,0
5285,若林 麗,282,0.1769,0.005036,0
5286,坂井 滉哉,304,0.1512,0.003889,0
5287,滝沢 織寧,228,0.1628,0.007069,0
5288,尾道 佳諭,253,0.1468,0.005848,0
5289,佃 來紀,313,0.1503,0.005653,0
5290,坂本 一真,228,0.1749,0.005989,0
5291,三嶌 こころ,291,0.2072,0.006163,0
5292,佐藤 右京,286,0.199,0.011618,0
5293,眞崎 武蔵,193,0.2023,0.009616,0
5294,豊田 祥生,284,0.1625,0.005428,0
5295,田上 凜,229,0.18,0.008476,0
5296,永田 楽,270,0.1949,0.007148,0
5297,南 彩寧,268,0.2059,0.006557,0
5298,水谷 理人,357,0.1489,0.004746,0
5299,西丸 敦基,297,0.1483,0.005003,0
5300,横田 海人,232,0.1761,0.008168,0
5301,岩下 巧斗,307,0.1557,0.003731,0
5302,秋末 秦悟,226,0.1691,0.005877,0
5303,土井 歩夢,301,0.1628,0.005857,0
5304,井田 涼介,176,0.1899,0.010501,0
5305,伊藤 栞,202,0.1657,0.00825,0
5306,河内 悠利杏,236,0.1998,0.008465,0
5307,富永 夏哉人,284,0.1883,0.007517,0
5308,藤森 拓海,293,0.1737,0.006004,0
5309,森 雄利,224,0.1534,0.004572,0
5310,土屋 蘭,218,0.185,0.007624,0
5311,小林 京平,298,0.171,0.006319,0
5312,川辺 郭人,261,0.1708,0.006894,0
5313,鈴木 唯央,248,0.163,0.005899,0
5314,中曽 瑠華,221,0.177,0.008346,0
5315,浅井 翼,227,0.1839,0.00915,0
5316,村松 将平,285,0.1472,0.00462,0
5317,長尾 萌加,316,0.164,0.005482,0
5318,河内 一馬,256,0.1732,0.008201,0
5319,近藤 颯斗,224,0.1376,0.005825,0
5320,岩崎 麗子,241,0.1684,0.006009,0
5321,一色 颯輝,225,0.188,0.00766,0
5322,根岸 真優,239,0.1831,0.007017,0
5323,香川 陽太,221,0.1623,0.007808,0
5324,畑田 希咲,190,0.212,0.009009,0
5325,澁川 夏,299,0.1552,0.004852,0
5326,三嶌 さらら,331,0.1739,0.005178,0
5327,西田 和加,214,0.2006,0.009176,0
5328,井上 慧人,234,0.1728,0.005652,0
5329,金子 龍斗,244,0.1634,0.007146,0
5330,安河内 鈴之介,341,0.1481,0.004217,0
5331,佐藤 永梧,242,0.1482,0.005249,0
5332,村松 遥輝,289,0.1604,0.005421,0
5333,山下 智己,222,0.1844,0.006459,0
5334,樫葉 新心,261,0.1906,0.005725,0
5335,森 陽多,260,0.1757,0.007454,0
5336,瀬川 大地,222,0.1721,0.007343,0
5337,出畑 孝成,271,0.1866,0.005608,0
5338,香月 大輝,263,0.1586,0.009182,0
5339,石井 伸長,258,0.1634,0.005146,0
5340,樋江井 舞,300,0.1676,0.006101,0
5341,山道 諄也,211,0.1879,0.010172,0
5342,原村 百那,207,0.1759,0.005789,0
5343,小林 礼央,278,0.1661,0.007515,0
5344,谷口 丞,269,0.1448,0.005864,0
5345,牧村 俊輝,256,0.1903,0.007011,0
5346,中村 紋夕梨,227,0.1992,0.006578,0
5347,井澤 聖奈,203,0.2038,0.008618,0
5348,小林 甘寧,220,0.161,0.004994,0
5349,宮崎 奏磨,219,0.1939,0.007728,0
5350,網代 良芽,271,0.162,0.006107,0
5351,齊藤 廉,287,0.157,0.008035,0
5352,西岡 蒼志,289,0.1617,0.006468,0
5353,草川 壮良,220,0.1759,0.008055,0
5354,渡邊 雄斗,250,0.1911,0.008422,0
5355,萩原 丈太朗,216,0.1798,0.007262,0
5356,長谷川 暖,242,0.153,0.005963,0
5357,田中 瀬里奈,228,0.1845,0.010147,0
5358,増本 杏珠,186,0.1922,0.007873,0
5359,佐藤 世那,248,0.163,0.006561,0
5360,高木 茉白,224,0.1754,0.008583,0
5361,植竹 玲奈,203,0.2065,0.008671,0
5362,中嶋 世奈,215,0.1988,0.007771,0
5363,山本 凱立,139,0.1896,0.0132,0
5364,金子 怜央,244,0.1597,0.006718,0
5365,石村 日奈那,217,0.201,0.007917,0
5366,塩嶋 泰空,198,0.1835,0.009482,0
5367,赤松 咲香,188,0.1753,0.007675,0
5368,宮崎 心之介,234,0.1714,0.006833,0
5369,岡崎 凪汰,233,0.1657,0.00794,0
5370,日隈 茜,193,0.1806,0.009894,0
5371,早川 颯太,213,0.2003,0.010691,0
5372,上岡 巧汰,200,0.1666,0.008826,0
5373,諏訪 玲奈,166,0.2134,0.012684,0
5374,木山 大聖,228,0.1466,0.008562,0
5375,庄島 潤成,242,0.19,0.006649,0
5376,吉田 一心,273,0.1634,0.005356,0
5377,鳥居塚 嶺王,227,0.1578,0.005275,0
5378,鈴木 結平太,217,0.2132,0.012515,0
5379,廣部 大明,221,0.1836,0.00881,0
5380,野田 亜湖,208,0.2749,0.009787,0
5381,有山 望,221,0.1695,0.009335,0
5382,山下 心一,238,0.1736,0.006928,0
5383,中村 楓,237,0.1639,0.007243,0
5384,八戸 琉楓,220,0.2101,0.00884,0
5385,鈴木 柊介,221,0.15,0.005238,0
5386,米玉利 大悟,260,0.1702,0.005895,0
5387,戸田 海咲音,194,0.1957,0.007467,0
5388,佐野 優都,230,0.1572,0.007716,0
5389,恵良 琴美,263,0.1763,0.006857,0
5390,高橋 涼夏,193,0.1554,0.005478,0
5391,出穂 和鼓,193,0.184,0.008718,0
5392,安武 一也,224,0.1859,0.009313,0
5393,藤原 駿,207,0.2091,0.010863,0
5394,福西 広太郎,247,0.1889,0.006996,0
5395,日高 龍之介,195,0.1952,0.008569,0
5396,近藤 来希,209,0.2009,0.007783,0
5397,寺田 夢生,200,0.1872,0.008857,0
5398,鐘ヶ江 真司,275,0.178,0.007489,0
5399,長野 未来,184,0.2342,0.008365,0
5400,高村 諒,218,0.1788,0.0074,0
5401,谷 海夏人,136,0.2016,0.008861,0
5402,塚越 陸斗,168,0.1973,0.010991,0
5403,藤山 湧太,199,0.1851,0.006551,0
5404,内田 壮,231,0.2026,0.008562,0
5405,竹内 来,215,0.186,0.008857,0
5406,小畑 楓夏,215,0.1936,0.010511,0
5407,中岡 駿,204,0.1926,0.009377,0
5408,中山 鷹輔,105,0.205,0.007288,0
5409,宮本 琉正,199,0.1559,0.009948,0
5410,今泉 澪,169,0.1801,0.011599,0
5411,木下 虎之輔,200,0.1769,0.009341,0
5412,久保田 凪紗,210,0.1808,0.010577,0
5413,宮城 那菜,196,0.1472,0.007928,0
5414,中澤 英里,62,0.211,0.010502,0
5415,阿部 未侑,167,0.2407,0.014908,0
5416,龍田 真白,203,0.1556,0.006136,0
5417,小柳 勝希,201,0.1829,0.008243,0
5418,堀内 亜海,190,0.2016,0.010259,0
5419,櫻井 隼,214,0.2284,0.0091,0
5420,吉原 快誓,190,0.1709,0.007779,0
5421,原田 朱理,107,0.2278,0.008412,0
5422,真田 聖也,96,0.1477,0.007145,0
5423,高橋 嗣穏,101,0.2088,0.016173,0
5424,熊倉 幹太,105,0.2009,0.010499,0
5425,西山 育,118,0.2297,0.015096,0
5426,甲斐 貴大,134,0.1882,0.012406,0
5427,港 理樹,169,0.2141,0.005114,0
5428,古園井 綾南,110,0.1927,0.009543,0
5429,吉川 颯汰,114,0.2109,0.010259,0
5430,鳥本 智史,109,0.1714,0.008324,0
5431,得山 大輝,109,0.1632,0.008578,0
5432,安藤 瑠希,148,0.1569,0.005565,0
5433,米本 圭佑,129,0.2255,0.007761,0
5434,藤田 康生,153,0.1539,0.006015,0
5435,中西 月輝,111,0.2193,0.009122,0
5436,市川 瑚幸,136,0.21,0.0078,0
5437,中澤 里桜,90,0.2196,0.011491,0
5438,星田 夢結,124,0.1972,0.010891,0
5439,志賀 美優,134,0.2055,0.010408,0
5440,薗頭 心,120,0.1814,0.00969,0
5441,鈴木 雄登,144,0.1753,0.005996,0
5442,池田 美優,118,0.2042,0.011246,0
5443,西村 仁吾,115,0.2243,0.009545,0
5444,林 風音,120,0.202,0.007903,0
5445,一ノ木 匠,48,0.1529,0.005616,0
5446,長嶺 真李愛,43,0.227,0.009072,0
5447,岡本 亜子,53,0.1875,0.011124,0
5448,福田 柊人,55,0.2089,0.00949,0
5449,堀井 涼平,45,0.1624,0.008934,0
5450,藤本 遼磨,55,0.1995,0.006652,0
5451,知念 伶奈,36,0.2864,0.01654,0
5452,上馬場 風依,51,0.182,0.008035,0
5453,久保 翔耶,60,0.1655,0.007351,0
5454,谷島 咲希,59,0.2141,0.00639,0
5455,澁澤 周羽,65,0.1943,0.01544,0
5456,今村 天次朗,63,0.1371,0.006643,0
5457,山田 陽翔,62,0.2035,0.009291,0
5458,田中 大輝,57,0.2019,0.011416,0
5459,田中 きら,45,0.2091,0.011453,0
5460,早川 理稀,75,0.1827,0.0067,0
5461,板頭 里緒,47,0.1923,0.009575,0
5462,山浦 槙,48,0.2221,0.011612,0
5463,出口 飛龍,54,0.2046,0.006795,0
5464,宮田 栞,46,0.2126,0.012684,0
5465,直江 健成,41,0.22,0.01259,0
5466,成田 華音,48,0.1888,0.00794,0
5467,野村 羽玖,56,0.1921,0.007835,0
5468,山口 隼人,58,0.1967,0.007067,0
5469,今泉 博人,57,0.2193,0.013845,0
5470,坂口 諒宗,47,0.2162,0.012368,0
5471,田中 結,69,0.1743,0.00737,0
5472,中川 海虹,47,0.2443,0.008263,0
