racer_id,grade,races,wins,win_rate,low_sample
0,2,1,0,0.0,1
0,4,3,0,0.0,1
0,5,21,0,0.0,0
2538,4,9,0,0.0,1
2538,5,255,4,0.0157,0
2878,4,20,3,0.15,0
2878,5,276,36,0.1304,0
3024,2,8,1,0.125,1
3024,3,9,1,0.1111,1
3024,4,39,11,0.2821,0
3024,5,183,66,0.3607,0
3054,4,37,8,0.2162,0
3054,5,194,30,0.1546,0
3070,5,164,26,0.1585,0
3072,4,28,2,0.0714,0
3072,5,254,27,0.1063,0
3075,4,38,5,0.1316,0
3075,5,254,24,0.0945,0
3081,4,10,1,0.1,0
3081,5,154,22,0.1429,0
3105,4,19,4,0.2105,0
3105,5,255,31,0.1216,0
3107,5,214,13,0.0607,0
3156,4,19,3,0.1579,0
3156,5,238,12,0.0504,0
3158,4,19,3,0.1579,0
3158,5,321,73,0.2274,0
3159,1,9,2,0.2222,1
3159,2,18,3,0.1667,0
3159,5,198,61,0.3081,0
3161,4,29,2,0.069,0
3161,5,262,22,0.084,0
3175,4,101,8,0.0792,0
3175,5,154,5,0.0325,0
3176,4,29,2,0.069,0
3176,5,142,13,0.0915,0
3202,4,10,1,0.1,0
3202,5,272,23,0.0846,0
3207,4,76,3,0.0395,0
3207,5,120,5,0.0417,0
3211,5,275,11,0.04,0
3212,5,255,22,0.0863,0
3224,5,279,18,0.0645,0
3226,4,56,5,0.0893,0
3226,5,232,18,0.0776,0
3232,2,25,4,0.16,0
3232,3,15,2,0.1333,0
3232,4,99,16,0.1616,0
3232,5,116,24,0.2069,0
3233,4,10,2,0.2,0
3233,5,274,32,0.1168,0
3246,4,9,1,0.1111,1
3246,5,117,8,0.0684,0
3251,3,26,3,0.1154,0
3251,4,54,11,0.2037,0
3251,5,321,57,0.1776,0
3256,2,9,0,0.0,1
3256,4,51,14,0.2745,0
3256,5,285,73,0.2561,0
3257,4,50,25,0.5,0
3257,5,211,68,0.3223,0
3265,2,8,0,0.0,1
3265,4,10,0,0.0,0
3265,5,264,63,0.2386,0
3268,4,29,1,0.0345,0
3268,5,257,32,0.1245,0
3273,5,54,5,0.0926,0
3277,4,9,1,0.1111,1
3277,5,279,23,0.0824,0
3282,4,31,2,0.0645,0
3282,5,249,15,0.0602,0
3284,4,10,0,0.0,0
3284,5,263,37,0.1407,0
3286,5,202,23,0.1139,0
3289,4,43,3,0.0698,0
3289,5,113,8,0.0708,0
3293,5,266,5,0.0188,0
3294,4,32,3,0.0938,0
3294,5,213,18,0.0845,0
3297,4,37,0,0.0,0
3297,5,230,23,0.1,0
3300,2,9,2,0.2222,1
3300,4,17,2,0.1176,0
3300,5,308,68,0.2208,0
3302,3,9,1,0.1111,1
3302,4,73,15,0.2055,0
3302,5,125,19,0.152,0
3303,4,17,2,0.1176,0
3303,5,323,28,0.0867,0
3304,2,16,3,0.1875,0
3304,4,80,17,0.2125,0
3304,5,273,60,0.2198,0
3305,5,264,27,0.1023,0
3306,5,266,17,0.0639,0
3313,4,9,0,0.0,1
3313,5,272,25,0.0919,0
3315,4,30,0,0.0,0
3315,5,198,14,0.0707,0
3319,4,45,3,0.0667,0
3319,5,246,32,0.1301,0
3327,4,9,3,0.3333,1
3327,5,312,63,0.2019,0
3333,2,8,0,0.0,1
3333,4,31,9,0.2903,0
3333,5,333,75,0.2252,0
3334,2,10,1,0.1,0
3334,4,169,33,0.1953,0
3334,5,169,22,0.1302,0
3339,4,18,3,0.1667,0
3339,5,244,20,0.082,0
3340,4,40,4,0.1,0
3340,5,265,29,0.1094,0
3346,5,121,9,0.0744,0
3349,4,10,3,0.3,0
3349,5,307,70,0.228,0
3350,4,8,0,0.0,1
3350,5,283,50,0.1767,0
3352,4,38,0,0.0,0
3352,5,251,6,0.0239,0
3353,4,47,4,0.0851,0
3353,5,120,6,0.05,0
3355,4,88,1,0.0114,0
3355,5,24,1,0.0417,0
3357,4,111,6,0.0541,0
3357,5,156,7,0.0449,0
3361,5,254,18,0.0709,0
3362,4,17,0,0.0,0
3362,5,293,48,0.1638,0
3370,4,8,2,0.25,1
3370,5,236,14,0.0593,0
3372,5,199,6,0.0302,0
3377,4,8,0,0.0,1
3377,5,234,13,0.0556,0
3381,4,56,8,0.1429,0
3381,5,250,34,0.136,0
3385,4,28,6,0.2143,0
3385,5,278,43,0.1547,0
3388,1,34,3,0.0882,0
3388,2,86,17,0.1977,0
3388,3,20,3,0.15,0
3388,5,135,56,0.4148,0
3391,4,9,0,0.0,1
3391,5,18,0,0.0,0
3392,4,9,1,0.1111,1
3392,5,270,16,0.0593,0
3401,5,270,29,0.1074,0
3406,4,50,14,0.28,0
3406,5,292,36,0.1233,0
3411,4,7,0,0.0,1
3411,5,251,12,0.0478,0
3412,4,65,13,0.2,0
3412,5,306,76,0.2484,0
3414,5,80,9,0.1125,0
3415,1,83,11,0.1325,0
3415,2,143,27,0.1888,0
3415,3,17,6,0.3529,0
3415,5,103,34,0.3301,0
3419,5,86,2,0.0233,0
3422,1,8,0,0.0,1
3422,2,41,6,0.1463,0
3422,3,9,1,0.1111,1
3422,4,53,14,0.2642,0
3422,5,237,77,0.3249,0
3430,4,29,3,0.1034,0
3430,5,276,31,0.1123,0
3432,4,26,1,0.0385,0
3432,5,246,19,0.0772,0
3434,4,45,1,0.0222,0
3434,5,258,30,0.1163,0
3435,1,8,3,0.375,1
3435,2,35,2,0.0571,0
3435,3,16,2,0.125,0
3435,4,95,21,0.2211,0
3435,5,190,46,0.2421,0
3436,4,28,2,0.0714,0
3436,5,253,52,0.2055,0
3439,4,54,12,0.2222,0
3439,5,280,60,0.2143,0
3441,4,55,3,0.0545,0
3441,5,239,19,0.0795,0
3442,4,56,5,0.0893,0
3442,5,225,18,0.08,0
3444,4,19,0,0.0,0
3444,5,158,13,0.0823,0
3445,4,30,2,0.0667,0
3445,5,236,24,0.1017,0
3448,4,38,3,0.0789,0
3448,5,187,13,0.0695,0
3454,4,32,5,0.1562,0
3454,5,241,24,0.0996,0
3455,4,38,1,0.0263,0
3455,5,258,37,0.1434,0
3458,4,9,0,0.0,1
3458,5,244,20,0.082,0
3459,4,46,2,0.0435,0
3459,5,213,12,0.0563,0
3461,5,184,12,0.0652,0
3462,5,74,10,0.1351,0
3463,4,8,0,0.0,1
3463,5,276,22,0.0797,0
3467,4,9,0,0.0,1
3467,5,231,13,0.0563,0
3470,2,8,1,0.125,1
3470,4,79,10,0.1266,0
3470,5,163,26,0.1595,0
3471,4,19,3,0.1579,0
3471,5,239,14,0.0586,0
3473,2,9,0,0.0,1
3473,4,70,21,0.3,0
3473,5,296,88,0.2973,0
3474,4,110,13,0.1182,0
3474,5,197,12,0.0609,0
3475,4,17,2,0.1176,0
3475,5,262,46,0.1756,0
3477,5,273,12,0.044,0
3478,4,20,1,0.05,0
3478,5,289,41,0.1419,0
3482,3,3,0,0.0,1
3482,4,75,9,0.12,0
3482,5,294,38,0.1293,0
3484,5,302,63,0.2086,0
3489,4,89,13,0.1461,0
3489,5,318,62,0.195,0
3497,4,40,8,0.2,0
3497,5,221,34,0.1538,0
3499,3,17,1,0.0588,0
3499,4,31,7,0.2258,0
3499,5,289,71,0.2457,0
3502,4,19,4,0.2105,0
3502,5,304,42,0.1382,0
3503,4,39,3,0.0769,0
3503,5,251,18,0.0717,0
3505,4,30,5,0.1667,0
3505,5,304,46,0.1513,0
3507,5,232,15,0.0647,0
3508,4,28,3,0.1071,0
3508,5,277,38,0.1372,0
3509,4,92,2,0.0217,0
3509,5,131,5,0.0382,0
3514,4,79,20,0.2532,0
3514,5,245,54,0.2204,0
3516,4,38,5,0.1316,0
3516,5,229,18,0.0786,0
3517,4,68,11,0.1618,0
3517,5,239,43,0.1799,0
3518,4,75,4,0.0533,0
3518,5,155,8,0.0516,0
3519,4,28,2,0.0714,0
3519,5,245,18,0.0735,0
3523,4,9,0,0.0,1
3523,5,227,12,0.0529,0
3527,4,85,10,0.1176,0
3527,5,240,32,0.1333,0
3528,4,94,9,0.0957,0
3528,5,147,10,0.068,0
3532,1,8,2,0.25,1
3532,2,18,1,0.0556,0
3532,4,20,6,0.3,0
3532,5,194,55,0.2835,0
3535,4,22,2,0.0909,0
3535,5,244,23,0.0943,0
3538,5,183,12,0.0656,0
3539,5,313,25,0.0799,0
3541,2,16,3,0.1875,0
3541,4,49,9,0.1837,0
3541,5,280,59,0.2107,0
3542,4,9,1,0.1111,1
3542,5,270,22,0.0815,0
3543,4,15,2,0.1333,0
3543,5,218,33,0.1514,0
3544,4,44,2,0.0455,0
3544,5,165,9,0.0545,0
3546,4,21,2,0.0952,0
3546,5,253,18,0.0711,0
3548,4,31,5,0.1613,0
3548,5,339,61,0.1799,0
3550,4,14,1,0.0714,0
3550,5,329,70,0.2128,0
3551,4,46,2,0.0435,0
3551,5,171,11,0.0643,0
3553,5,10,2,0.2,0
3554,2,16,3,0.1875,0
3554,4,109,31,0.2844,0
3554,5,297,79,0.266,0
3556,2,43,7,0.1628,0
3556,4,57,14,0.2456,0
3556,5,264,89,0.3371,0
3557,2,80,9,0.1125,0
3557,3,26,4,0.1538,0
3557,4,64,21,0.3281,0
3557,5,274,65,0.2372,0
3558,4,25,3,0.12,0
3558,5,245,34,0.1388,0
3562,2,8,0,0.0,1
3562,4,51,16,0.3137,0
3562,5,308,62,0.2013,0
3563,4,71,10,0.1408,0
3563,5,256,40,0.1562,0
3564,4,42,6,0.1429,0
3564,5,261,30,0.1149,0
3566,4,27,1,0.037,0
3566,5,268,32,0.1194,0
3567,4,14,0,0.0,0
3567,5,195,15,0.0769,0
3568,4,43,6,0.1395,0
3568,5,235,24,0.1021,0
3569,4,17,2,0.1176,0
3569,5,281,17,0.0605,0
3572,4,39,5,0.1282,0
3572,5,297,42,0.1414,0
3574,4,9,3,0.3333,1
3574,5,313,79,0.2524,0
3576,5,328,65,0.1982,0
3577,4,10,1,0.1,0
3577,5,231,28,0.1212,0
3578,4,9,0,0.0,1
3578,5,191,14,0.0733,0
3579,4,98,14,0.1429,0
3579,5,119,13,0.1092,0
3580,4,106,6,0.0566,0
3580,5,173,13,0.0751,0
3581,5,301,31,0.103,0
3582,4,39,6,0.1538,0
3582,5,311,87,0.2797,0
3583,5,236,7,0.0297,0
3584,4,56,3,0.0536,0
3584,5,245,27,0.1102,0
3587,4,9,0,0.0,1
3587,5,276,19,0.0688,0
3589,5,242,25,0.1033,0
3590,1,25,4,0.16,0
3590,2,130,18,0.1385,0
3590,3,35,12,0.3429,0
3590,4,10,2,0.2,0
3590,5,171,66,0.386,0
3591,5,181,7,0.0387,0
3596,4,18,0,0.0,0
3596,5,219,17,0.0776,0
3600,4,18,1,0.0556,0
3600,5,31,3,0.0968,0
3602,4,17,2,0.1176,0
3602,5,245,22,0.0898,0
3604,4,84,13,0.1548,0
3604,5,172,10,0.0581,0
3605,5,261,20,0.0766,0
3606,3,8,0,0.0,1
3606,5,325,50,0.1538,0
3611,1,7,0,0.0,1
3611,2,43,3,0.0698,0
3611,3,26,5,0.1923,0
3611,4,70,15,0.2143,0
3611,5,153,24,0.1569,0
3612,4,74,15,0.2027,0
3612,5,336,82,0.244,0
3613,2,9,0,0.0,1
3613,3,7,0,0.0,1
3613,4,21,3,0.1429,0
3613,5,336,75,0.2232,0
3614,4,49,7,0.1429,0
3614,5,271,19,0.0701,0
3615,2,3,0,0.0,1
3615,4,18,3,0.1667,0
3615,5,289,26,0.09,0
3616,4,48,5,0.1042,0
3616,5,213,29,0.1362,0
3617,5,267,32,0.1199,0
3618,1,7,3,0.4286,1
3618,2,44,4,0.0909,0
3618,3,17,2,0.1176,0
3618,4,95,25,0.2632,0
3618,5,177,48,0.2712,0
3619,4,56,2,0.0357,0
3619,5,245,34,0.1388,0
3620,4,9,0,0.0,1
3620,5,256,24,0.0938,0
3621,4,39,6,0.1538,0
3621,5,197,21,0.1066,0
3623,2,18,5,0.2778,0
3623,3,8,6,0.75,1
3623,5,315,114,0.3619,0
3627,4,30,4,0.1333,0
3627,5,288,42,0.1458,0
3629,2,7,0,0.0,1
3629,4,28,7,0.25,0
3629,5,279,63,0.2258,0
3630,4,18,0,0.0,0
3630,5,169,8,0.0473,0
3631,5,147,4,0.0272,0
3635,4,29,5,0.1724,0
3635,5,269,33,0.1227,0
3637,4,8,0,0.0,1
3637,5,254,18,0.0709,0
3641,5,360,82,0.2278,0
3642,5,241,19,0.0788,0
3643,5,304,40,0.1316,0
3645,2,9,0,0.0,1
3645,4,16,4,0.25,0
3645,5,105,10,0.0952,0
3647,4,9,0,0.0,1
3647,5,275,12,0.0436,0
3652,5,245,16,0.0653,0
3653,4,8,0,0.0,1
3653,5,192,12,0.0625,0
3654,2,26,2,0.0769,0
3654,4,42,9,0.2143,0
3654,5,257,83,0.323,0
3655,5,342,45,0.1316,0
3656,4,36,3,0.0833,0
3656,5,221,19,0.086,0
3659,5,269,32,0.119,0
3660,4,9,0,0.0,1
3660,5,238,9,0.0378,0
3661,4,10,2,0.2,0
3661,5,327,41,0.1254,0
3662,4,44,6,0.1364,0
3662,5,291,54,0.1856,0
3663,4,59,9,0.1525,0
3663,5,288,42,0.1458,0
3664,4,50,8,0.16,0
3664,5,229,32,0.1397,0
3679,2,9,1,0.1111,1
3679,4,31,7,0.2258,0
3679,5,322,67,0.2081,0
3680,4,19,0,0.0,0
3680,5,277,22,0.0794,0
3681,5,239,37,0.1548,0
3684,4,15,1,0.0667,0
3684,5,287,50,0.1742,0
3685,3,16,0,0.0,0
3685,4,37,2,0.0541,0
3685,5,240,39,0.1625,0
3686,3,17,2,0.1176,0
3686,4,41,7,0.1707,0
3686,5,279,55,0.1971,0
3687,4,34,2,0.0588,0
3687,5,232,31,0.1336,0
3690,4,62,5,0.0806,0
3690,5,242,23,0.095,0
3692,4,10,2,0.2,0
3692,5,285,38,0.1333,0
3696,4,10,0,0.0,0
3696,5,287,27,0.0941,0
3699,4,17,1,0.0588,0
3699,5,236,23,0.0975,0
3701,4,15,1,0.0667,0
3701,5,250,16,0.064,0
3702,5,8,0,0.0,1
3703,4,35,5,0.1429,0
3703,5,269,57,0.2119,0
3704,4,83,4,0.0482,0
3704,5,125,6,0.048,0
3708,4,19,4,0.2105,0
3708,5,283,31,0.1095,0
3710,4,84,9,0.1071,0
3710,5,210,16,0.0762,0
3711,2,9,2,0.2222,1
3711,3,22,2,0.0909,0
3711,4,46,8,0.1739,0
3711,5,316,62,0.1962,0
3712,4,45,5,0.1111,0
3712,5,242,31,0.1281,0
3713,4,50,11,0.22,0
3713,5,258,54,0.2093,0
3714,4,37,5,0.1351,0
3714,5,250,25,0.1,0
3715,4,20,4,0.2,0
3715,5,233,26,0.1116,0
3716,1,74,4,0.0541,0
3716,2,104,13,0.125,0
3716,3,34,9,0.2647,0
3716,4,18,5,0.2778,0
3716,5,104,40,0.3846,0
3717,3,9,1,0.1111,1
3717,4,12,1,0.0833,0
3717,5,237,39,0.1646,0
3718,4,19,0,0.0,0
3718,5,277,37,0.1336,0
3719,1,33,3,0.0909,0
3719,2,119,14,0.1176,0
3719,3,34,5,0.1471,0
3719,4,12,4,0.3333,0
3719,5,150,46,0.3067,0
3721,1,41,7,0.1707,0
3721,2,95,14,0.1474,0
3721,3,16,7,0.4375,0
3721,5,187,78,0.4171,0
3722,5,262,11,0.042,0
3726,4,19,2,0.1053,0
3726,5,160,14,0.0875,0
3730,4,57,5,0.0877,0
3730,5,251,26,0.1036,0
3731,5,299,32,0.107,0
3736,4,19,1,0.0526,0
3736,5,61,8,0.1311,0
3737,1,8,3,0.375,1
3737,2,27,6,0.2222,0
3737,3,8,0,0.0,1
3737,4,35,7,0.2,0
3737,5,226,66,0.292,0
3740,2,18,1,0.0556,0
3740,4,67,17,0.2537,0
3740,5,266,73,0.2744,0
3741,4,13,1,0.0769,0
3741,5,248,13,0.0524,0
3742,4,11,1,0.0909,0
3742,5,237,22,0.0928,0
3743,2,25,3,0.12,0
3743,4,7,0,0.0,1
3743,5,311,81,0.2605,0
3744,2,79,13,0.1646,0
3744,3,26,5,0.1923,0
3744,4,51,17,0.3333,0
3744,5,242,87,0.3595,0
3745,5,254,31,0.122,0
3746,4,30,6,0.2,0
3746,5,360,62,0.1722,0
3747,4,47,9,0.1915,0
3747,5,233,32,0.1373,0
3748,4,18,1,0.0556,0
3748,5,262,15,0.0573,0
3752,5,273,19,0.0696,0
3757,5,279,38,0.1362,0
3761,4,17,1,0.0588,0
3761,5,233,41,0.176,0
3769,4,31,3,0.0968,0
3769,5,243,32,0.1317,0
3771,4,57,7,0.1228,0
3771,5,248,41,0.1653,0
3772,4,66,9,0.1364,0
3772,5,215,23,0.107,0
3773,4,46,5,0.1087,0
3773,5,224,22,0.0982,0
3775,4,46,4,0.087,0
3775,5,274,16,0.0584,0
3776,5,280,7,0.025,0
3777,3,8,0,0.0,1
3777,4,41,4,0.0976,0
3777,5,290,64,0.2207,0
3778,4,138,7,0.0507,0
3778,5,66,0,0.0,0
3779,1,84,13,0.1548,0
3779,2,133,33,0.2481,0
3779,3,17,3,0.1765,0
3779,4,17,7,0.4118,0
3779,5,86,40,0.4651,0
3783,1,84,7,0.0833,0
3783,2,151,26,0.1722,0
3783,3,17,6,0.3529,0
3783,5,104,40,0.3846,0
3784,4,20,0,0.0,0
3784,5,264,38,0.1439,0
3787,4,19,1,0.0526,0
3787,5,214,10,0.0467,0
3788,2,8,1,0.125,1
3788,4,20,5,0.25,0
3788,5,184,39,0.212,0
3790,4,8,1,0.125,1
3790,5,252,19,0.0754,0
3792,4,11,4,0.3636,0
3792,5,262,52,0.1985,0
3793,4,28,5,0.1786,0
3793,5,209,17,0.0813,0
3796,4,68,6,0.0882,0
3796,5,228,23,0.1009,0
3797,4,10,2,0.2,0
3797,5,299,11,0.0368,0
3800,4,25,2,0.08,0
3800,5,240,35,0.1458,0
3801,4,39,7,0.1795,0
3801,5,144,20,0.1389,0
3802,4,19,1,0.0526,0
3802,5,16,1,0.0625,0
3804,5,303,32,0.1056,0
3805,4,19,1,0.0526,0
3805,5,259,34,0.1313,0
3807,4,27,3,0.1111,0
3807,5,275,23,0.0836,0
3808,4,10,0,0.0,0
3808,5,246,17,0.0691,0
3809,4,48,1,0.0208,0
3809,5,185,13,0.0703,0
3811,5,369,88,0.2385,0
3812,4,11,1,0.0909,0
3812,5,275,18,0.0655,0
3813,2,8,0,0.0,1
3813,4,31,7,0.2258,0
3813,5,281,76,0.2705,0
3814,4,14,0,0.0,0
3814,5,300,27,0.09,0
3820,4,11,0,0.0,0
3820,5,163,2,0.0123,0
3822,2,50,5,0.1,0
3822,3,31,7,0.2258,0
3822,4,10,5,0.5,0
3822,5,262,81,0.3092,0
3825,4,28,5,0.1786,0
3825,5,235,23,0.0979,0
3826,3,16,1,0.0625,0
3826,5,287,48,0.1672,0
3827,5,286,12,0.042,0
3828,4,43,3,0.0698,0
3828,5,248,29,0.1169,0
3831,4,9,1,0.1111,1
3831,5,267,34,0.1273,0
3832,4,21,4,0.1905,0
3832,5,168,7,0.0417,0
3833,4,21,4,0.1905,0
3833,5,337,91,0.27,0
3834,5,261,21,0.0805,0
3837,2,8,3,0.375,1
3837,3,8,2,0.25,1
3837,4,19,8,0.4211,0
3837,5,291,68,0.2337,0
3838,4,20,4,0.2,0
3838,5,246,31,0.126,0
3839,3,3,0,0.0,1
3839,4,19,1,0.0526,0
3839,5,278,17,0.0612,0
3841,2,8,0,0.0,1
3841,5,352,74,0.2102,0
3842,4,8,0,0.0,1
3842,5,257,42,0.1634,0
3843,4,49,4,0.0816,0
3843,5,255,35,0.1373,0
3845,2,8,0,0.0,1
3845,4,97,27,0.2784,0
3845,5,112,15,0.1339,0
3848,3,3,0,0.0,1
3848,4,33,6,0.1818,0
3848,5,283,30,0.106,0
3849,1,8,0,0.0,1
3849,2,9,1,0.1111,1
3849,4,30,13,0.4333,0
3849,5,229,103,0.4498,0
3850,4,19,0,0.0,0
3850,5,314,40,0.1274,0
3851,5,125,5,0.04,0
3852,4,44,5,0.1136,0
3852,5,250,33,0.132,0
3853,4,70,10,0.1429,0
3853,5,275,53,0.1927,0
3854,1,31,0,0.0,0
3854,2,102,14,0.1373,0
3854,3,34,7,0.2059,0
3854,4,21,10,0.4762,0
3854,5,126,48,0.381,0
3855,4,8,0,0.0,1
3855,5,46,0,0.0,0
3857,4,28,3,0.1071,0
3857,5,232,34,0.1466,0
3859,5,238,20,0.084,0
3860,5,281,18,0.0641,0
3863,4,27,1,0.037,0
3863,5,246,20,0.0813,0
3866,4,8,0,0.0,1
3866,5,231,15,0.0649,0
3867,5,272,16,0.0588,0
3868,4,27,0,0.0,0
3868,5,252,24,0.0952,0
3869,4,17,1,0.0588,0
3869,5,253,18,0.0711,0
3870,4,8,0,0.0,1
3870,5,293,32,0.1092,0
3871,4,53,6,0.1132,0
3871,5,144,13,0.0903,0
3872,5,345,67,0.1942,0
3873,5,291,44,0.1512,0
3874,2,17,2,0.1176,0
3874,3,25,6,0.24,0
3874,4,38,9,0.2368,0
3874,5,262,70,0.2672,0
3875,4,37,3,0.0811,0
3875,5,255,31,0.1216,0
3876,1,7,0,0.0,1
3876,2,31,4,0.129,0
3876,3,20,6,0.3,0
3876,4,32,13,0.4062,0
3876,5,194,96,0.4948,0
3878,4,26,1,0.0385,0
3878,5,238,23,0.0966,0
3880,4,56,4,0.0714,0
3880,5,239,20,0.0837,0
3882,4,13,2,0.1538,0
3882,5,298,35,0.1174,0
3885,5,309,46,0.1489,0
3888,3,9,0,0.0,1
3888,4,70,12,0.1714,0
3888,5,281,51,0.1815,0
3889,5,274,19,0.0693,0
3891,4,9,0,0.0,1
3891,5,299,16,0.0535,0
3892,4,18,2,0.1111,0
3892,5,270,34,0.1259,0
3893,4,41,2,0.0488,0
3893,5,234,31,0.1325,0
3895,5,149,12,0.0805,0
3896,4,9,0,0.0,1
3896,5,233,26,0.1116,0
3897,1,94,14,0.1489,0
3897,2,140,30,0.2143,0
3897,3,9,3,0.3333,1
3897,4,10,3,0.3,0
3897,5,70,32,0.4571,0
3898,1,8,1,0.125,1
3898,2,13,3,0.2308,0
3898,4,41,12,0.2927,0
3898,5,284,93,0.3275,0
3900,2,24,4,0.1667,0
3900,4,64,19,0.2969,0
3900,5,229,44,0.1921,0
3901,4,9,0,0.0,1
3901,5,213,29,0.1362,0
3904,5,216,29,0.1343,0
3905,5,363,64,0.1763,0
3906,4,28,2,0.0714,0
3906,5,264,22,0.0833,0
3907,2,9,2,0.2222,1
3907,4,49,6,0.1224,0
3907,5,287,56,0.1951,0
3908,1,8,1,0.125,1
3908,2,70,14,0.2,0
3908,3,25,8,0.32,0
3908,4,22,5,0.2273,0
3908,5,240,75,0.3125,0
3909,2,30,3,0.1,0
3909,4,63,24,0.381,0
3909,5,268,91,0.3396,0
3910,4,10,1,0.1,0
3910,5,280,32,0.1143,0
3911,4,27,3,0.1111,0
3911,5,328,48,0.1463,0
3912,4,90,20,0.2222,0
3912,5,248,65,0.2621,0
3915,4,53,14,0.2642,0
3915,5,315,62,0.1968,0
3918,3,17,3,0.1765,0
3918,4,41,8,0.1951,0
3918,5,314,75,0.2389,0
3920,4,35,3,0.0857,0
3920,5,212,27,0.1274,0
3921,4,13,0,0.0,0
3921,5,125,13,0.104,0
3922,4,18,0,0.0,0
3922,5,300,20,0.0667,0
3928,4,18,0,0.0,0
3928,5,260,21,0.0808,0
3929,4,29,0,0.0,0
3929,5,266,30,0.1128,0
3930,4,37,8,0.2162,0
3930,5,284,51,0.1796,0
3931,3,9,2,0.2222,1
3931,4,53,10,0.1887,0
3931,5,221,35,0.1584,0
3932,4,84,12,0.1429,0
3932,5,143,22,0.1538,0
3933,4,29,2,0.069,0
3933,5,302,50,0.1656,0
3934,2,3,0,0.0,1
3934,4,27,1,0.037,0
3934,5,293,28,0.0956,0
3935,4,33,2,0.0606,0
3935,5,228,28,0.1228,0
3939,5,133,25,0.188,0
3940,2,19,3,0.1579,0
3940,3,34,3,0.0882,0
3940,4,39,11,0.2821,0
3940,5,309,83,0.2686,0
3941,1,100,22,0.22,0
3941,2,165,46,0.2788,0
3941,3,18,4,0.2222,0
3941,4,10,4,0.4,0
3941,5,75,43,0.5733,0
3942,1,34,3,0.0882,0
3942,2,86,10,0.1163,0
3942,3,22,1,0.0455,0
3942,5,170,62,0.3647,0
3943,4,18,0,0.0,0
3943,5,35,0,0.0,0
3944,2,8,0,0.0,1
3944,3,9,0,0.0,1
3944,4,19,5,0.2632,0
3944,5,264,53,0.2008,0
3945,4,41,2,0.0488,0
3945,5,180,11,0.0611,0
3946,1,31,5,0.1613,0
3946,2,69,5,0.0725,0
3946,3,17,4,0.2353,0
3946,4,44,14,0.3182,0
3946,5,257,92,0.358,0
3947,4,8,1,0.125,1
3947,5,296,31,0.1047,0
3948,5,245,12,0.049,0
3949,4,10,0,0.0,0
3949,5,229,5,0.0218,0
3950,5,232,9,0.0388,0
3951,5,340,53,0.1559,0
3952,2,46,12,0.2609,0
3952,3,9,1,0.1111,1
3952,4,28,2,0.0714,0
3952,5,283,97,0.3428,0
3953,4,18,1,0.0556,0
3953,5,172,12,0.0698,0
3955,4,9,0,0.0,1
3955,5,220,27,0.1227,0
3956,2,24,3,0.125,0
3956,4,49,11,0.2245,0
3956,5,252,62,0.246,0
3957,5,331,38,0.1148,0
3959,1,26,3,0.1154,0
3959,2,95,14,0.1474,0
3959,3,47,10,0.2128,0
3959,4,20,10,0.5,0
3959,5,153,60,0.3922,0
3960,1,17,1,0.0588,0
3960,2,123,29,0.2358,0
3960,3,18,3,0.1667,0
3960,4,65,20,0.3077,0
3960,5,152,56,0.3684,0
3961,3,17,1,0.0588,0
3961,4,39,4,0.1026,0
3961,5,243,67,0.2757,0
3963,4,47,7,0.1489,0
3963,5,281,50,0.1779,0
3964,4,37,0,0.0,0
3964,5,251,15,0.0598,0
3965,4,9,2,0.2222,1
3965,5,335,76,0.2269,0
3966,2,9,0,0.0,1
3966,4,75,18,0.24,0
3966,5,313,88,0.2812,0
3967,4,18,2,0.1111,0
3967,5,244,19,0.0779,0
3968,4,2,0,0.0,1
3968,5,311,53,0.1704,0
3973,2,3,0,0.0,1
3973,4,10,3,0.3,0
3973,5,320,22,0.0688,0
3974,5,247,20,0.081,0
3975,4,31,6,0.1935,0
3975,5,259,44,0.1699,0
3976,5,283,26,0.0919,0
3977,4,40,9,0.225,0
3977,5,271,22,0.0812,0
3978,1,25,1,0.04,0
3978,2,91,11,0.1209,0
3978,3,27,6,0.2222,0
3978,4,60,15,0.25,0
3978,5,137,41,0.2993,0
3981,4,31,7,0.2258,0
3981,5,303,37,0.1221,0
3982,4,9,0,0.0,1
3982,5,261,29,0.1111,0
3983,2,63,5,0.0794,0
3983,3,33,5,0.1515,0
3983,4,63,16,0.254,0
3983,5,222,56,0.2523,0
3984,2,3,0,0.0,1
3984,3,17,3,0.1765,0
3984,4,60,11,0.1833,0
3984,5,292,78,0.2671,0
3986,4,13,2,0.1538,0
3986,5,191,24,0.1257,0
3987,4,28,7,0.25,0
3987,5,268,51,0.1903,0
3988,4,48,15,0.3125,0
3988,5,324,59,0.1821,0
3989,5,254,18,0.0709,0
3990,4,27,1,0.037,0
3990,5,262,33,0.126,0
3992,4,10,2,0.2,0
3992,5,256,38,0.1484,0
3993,4,72,14,0.1944,0
3993,5,189,26,0.1376,0
3994,4,77,8,0.1039,0
3994,5,186,18,0.0968,0
3995,2,16,2,0.125,0
3995,3,8,0,0.0,1
3995,4,11,2,0.1818,0
3995,5,262,70,0.2672,0
3997,2,17,1,0.0588,0
3997,4,63,17,0.2698,0
3997,5,302,77,0.255,0
3998,4,13,1,0.0769,0
3998,5,283,17,0.0601,0
3999,1,7,0,0.0,1
3999,2,35,6,0.1714,0
3999,3,9,2,0.2222,1
3999,4,75,16,0.2133,0
3999,5,251,52,0.2072,0
4000,5,403,84,0.2084,0
4002,2,42,6,0.1429,0
4002,4,25,4,0.16,0
4002,5,270,86,0.3185,0
4003,4,19,2,0.1053,0
4003,5,270,30,0.1111,0
4004,4,28,2,0.0714,0
4004,5,250,32,0.128,0
4005,5,54,3,0.0556,0
4006,4,38,3,0.0789,0
4006,5,249,30,0.1205,0
4007,4,45,2,0.0444,0
4007,5,217,35,0.1613,0
4009,3,8,1,0.125,1
4009,5,297,59,0.1987,0
4010,4,26,0,0.0,0
4010,5,223,16,0.0717,0
4011,2,24,5,0.2083,0
4011,3,16,3,0.1875,0
4011,4,91,31,0.3407,0
4011,5,160,42,0.2625,0
4012,3,8,2,0.25,1
4012,4,39,9,0.2308,0
4012,5,277,71,0.2563,0
4013,1,58,10,0.1724,0
4013,2,129,23,0.1783,0
4013,3,25,8,0.32,0
4013,4,21,6,0.2857,0
4013,5,129,53,0.4109,0
4014,2,18,0,0.0,0
4014,4,126,29,0.2302,0
4014,5,168,31,0.1845,0
4015,4,35,7,0.2,0
4015,5,306,47,0.1536,0
4016,4,25,1,0.04,0
4016,5,262,30,0.1145,0
4017,2,24,5,0.2083,0
4017,4,11,3,0.2727,0
4017,5,259,46,0.1776,0
4019,1,16,1,0.0625,0
4019,2,80,13,0.1625,0
4019,3,28,5,0.1786,0
4019,4,21,4,0.1905,0
4019,5,191,67,0.3508,0
4020,5,268,22,0.0821,0
4022,4,35,2,0.0571,0
4022,5,224,27,0.1205,0
4023,4,10,1,0.1,0
4023,5,259,23,0.0888,0
4024,1,73,11,0.1507,0
4024,2,159,26,0.1635,0
4024,3,33,4,0.1212,0
4024,4,32,15,0.4688,0
4024,5,56,22,0.3929,0
4025,2,8,2,0.25,1
4025,3,8,0,0.0,1
4025,4,67,20,0.2985,0
4025,5,230,59,0.2565,0
4027,3,8,0,0.0,1
4027,4,8,0,0.0,1
4027,5,280,58,0.2071,0
4028,2,61,10,0.1639,0
4028,3,39,7,0.1795,0
4028,4,21,2,0.0952,0
4028,5,206,66,0.3204,0
4030,1,83,6,0.0723,0
4030,2,162,29,0.179,0
4030,3,27,4,0.1481,0
4030,5,74,15,0.2027,0
4031,5,304,33,0.1086,0
4033,2,25,2,0.08,0
4033,4,2,0,0.0,1
4033,5,333,91,0.2733,0
4034,4,17,0,0.0,0
4034,5,276,21,0.0761,0
4035,4,19,1,0.0526,0
4035,5,307,26,0.0847,0
4036,2,9,2,0.2222,1
4036,4,27,5,0.1852,0
4036,5,327,85,0.2599,0
4039,4,12,0,0.0,0
4039,5,315,44,0.1397,0
4040,3,25,2,0.08,0
4040,4,31,10,0.3226,0
4040,5,333,79,0.2372,0
4041,5,208,16,0.0769,0
4042,2,27,0,0.0,0
4042,3,56,10,0.1786,0
4042,4,25,5,0.2,0
4042,5,245,65,0.2653,0
4043,5,356,73,0.2051,0
4044,1,24,5,0.2083,0
4044,2,119,22,0.1849,0
4044,3,29,5,0.1724,0
4044,4,11,3,0.2727,0
4044,5,153,53,0.3464,0
4045,3,8,1,0.125,1
4045,4,104,21,0.2019,0
4045,5,171,18,0.1053,0
4047,4,19,3,0.1579,0
4047,5,236,21,0.089,0
4049,3,8,1,0.125,1
4049,4,19,3,0.1579,0
4049,5,332,73,0.2199,0
4050,1,8,0,0.0,1
4050,2,36,6,0.1667,0
4050,3,8,1,0.125,1
4050,4,71,33,0.4648,0
4050,5,200,81,0.405,0
4051,2,13,1,0.0769,0
4051,5,275,72,0.2618,0
4052,2,18,5,0.2778,0
4052,3,10,1,0.1,0
4052,4,20,5,0.25,0
4052,5,283,66,0.2332,0
4053,4,15,3,0.2,0
4053,5,313,64,0.2045,0
4054,5,287,30,0.1045,0
4055,2,18,1,0.0556,0
4055,3,19,1,0.0526,0
4055,4,32,8,0.25,0
4055,5,326,83,0.2546,0
4056,5,115,12,0.1043,0
4057,5,377,67,0.1777,0
4058,5,381,61,0.1601,0
4059,5,269,46,0.171,0
4060,4,19,2,0.1053,0
4060,5,280,44,0.1571,0
4061,1,41,7,0.1707,0
4061,2,81,12,0.1481,0
4061,3,18,2,0.1111,0
4061,4,75,30,0.4,0
4061,5,173,69,0.3988,0
4062,4,38,2,0.0526,0
4062,5,224,25,0.1116,0
4063,2,17,3,0.1765,0
4063,3,4,0,0.0,1
4063,5,371,96,0.2588,0
4064,2,29,4,0.1379,0
4064,3,9,2,0.2222,1
4064,4,38,12,0.3158,0
4064,5,306,89,0.2908,0
4065,2,8,1,0.125,1
4065,4,81,18,0.2222,0
4065,5,161,24,0.1491,0
4066,2,23,2,0.087,0
4066,4,32,7,0.2188,0
4066,5,285,60,0.2105,0
4067,2,8,1,0.125,1
4067,4,46,14,0.3043,0
4067,5,336,83,0.247,0
4068,5,315,29,0.0921,0
4069,2,9,1,0.1111,1
4069,4,41,8,0.1951,0
4069,5,282,50,0.1773,0
4071,4,101,11,0.1089,0
4071,5,110,11,0.1,0
4072,2,17,4,0.2353,0
4072,3,26,4,0.1538,0
4072,4,11,6,0.5455,0
4072,5,267,98,0.367,0
4073,4,31,5,0.1613,0
4073,5,317,74,0.2334,0
4074,2,62,4,0.0645,0
4074,3,18,4,0.2222,0
4074,4,11,3,0.2727,0
4074,5,293,89,0.3038,0
4075,1,17,2,0.1176,0
4075,2,112,17,0.1518,0
4075,3,34,7,0.2059,0
4075,4,23,4,0.1739,0
4075,5,178,56,0.3146,0
4076,4,69,7,0.1014,0
4076,5,299,48,0.1605,0
4077,4,27,3,0.1111,0
4077,5,301,49,0.1628,0
4078,5,55,5,0.0909,0
4079,4,30,4,0.1333,0
4079,5,314,71,0.2261,0
4080,5,132,45,0.3409,0
4081,4,21,4,0.1905,0
4081,5,289,31,0.1073,0
4082,4,67,13,0.194,0
4082,5,233,41,0.176,0
4083,2,27,7,0.2593,0
4083,3,9,3,0.3333,1
4083,4,11,3,0.2727,0
4083,5,299,101,0.3378,0
4084,2,99,14,0.1414,0
4084,3,17,5,0.2941,0
4084,4,42,13,0.3095,0
4084,5,239,71,0.2971,0
4085,4,28,1,0.0357,0
4085,5,191,27,0.1414,0
4086,3,9,0,0.0,1
4086,4,51,8,0.1569,0
4086,5,263,59,0.2243,0
4089,2,8,1,0.125,1
4089,3,17,2,0.1176,0
4089,5,357,74,0.2073,0
4090,2,9,0,0.0,1
4090,5,271,64,0.2362,0
4092,5,278,43,0.1547,0
4093,5,267,22,0.0824,0
4094,4,14,2,0.1429,0
4094,5,269,28,0.1041,0
4095,2,46,10,0.2174,0
4095,3,34,3,0.0882,0
4095,5,250,87,0.348,0
4096,2,37,6,0.1622,0
4096,4,20,7,0.35,0
4096,5,253,74,0.2925,0
4097,5,247,4,0.0162,0
4098,4,99,8,0.0808,0
4098,5,139,11,0.0791,0
4099,5,327,72,0.2202,0
4100,4,19,2,0.1053,0
4100,5,283,44,0.1555,0
4102,2,16,4,0.25,0
4102,3,8,0,0.0,1
4102,4,42,19,0.4524,0
4102,5,313,99,0.3163,0
4103,5,263,8,0.0304,0
4104,4,9,0,0.0,1
4104,5,256,33,0.1289,0
4105,4,9,1,0.1111,1
4105,5,342,41,0.1199,0
4106,5,245,14,0.0571,0
4108,4,19,3,0.1579,0
4108,5,285,65,0.2281,0
4109,2,9,3,0.3333,1
4109,3,16,1,0.0625,0
4109,4,10,1,0.1,0
4109,5,326,86,0.2638,0
4110,5,270,27,0.1,0
4111,4,9,1,0.1111,1
4111,5,305,47,0.1541,0
4112,4,9,1,0.1111,1
4112,5,270,43,0.1593,0
4113,4,32,7,0.2188,0
4113,5,266,39,0.1466,0
4114,4,38,3,0.0789,0
4114,5,215,22,0.1023,0
4116,5,303,33,0.1089,0
4117,2,25,3,0.12,0
4117,4,97,16,0.1649,0
4117,5,181,32,0.1768,0
4118,2,8,1,0.125,1
4118,4,63,16,0.254,0
4118,5,321,71,0.2212,0
4119,5,303,52,0.1716,0
4120,3,8,2,0.25,1
4120,5,365,65,0.1781,0
4121,2,8,1,0.125,1
4121,4,15,3,0.2,0
4121,5,309,65,0.2104,0
4122,3,8,1,0.125,1
4122,4,11,3,0.2727,0
4122,5,361,63,0.1745,0
4123,1,7,1,0.1429,1
4123,2,37,7,0.1892,0
4123,3,14,3,0.2143,0
4123,4,111,28,0.2523,0
4123,5,202,51,0.2525,0
4124,2,8,2,0.25,1
4124,4,10,3,0.3,0
4124,5,315,79,0.2508,0
4128,4,18,3,0.1667,0
4128,5,218,26,0.1193,0
4129,5,239,14,0.0586,0
4131,4,61,12,0.1967,0
4131,5,232,46,0.1983,0
4133,2,8,0,0.0,1
4133,4,31,6,0.1935,0
4133,5,316,69,0.2184,0
4134,4,20,3,0.15,0
4134,5,333,62,0.1862,0
4136,2,17,2,0.1176,0
4136,4,10,3,0.3,0
4136,5,274,66,0.2409,0
4137,2,25,1,0.04,0
4137,4,18,4,0.2222,0
4137,5,344,100,0.2907,0
4138,5,261,27,0.1034,0
4139,5,277,28,0.1011,0
4140,4,11,2,0.1818,0
4140,5,259,60,0.2317,0
4142,4,10,1,0.1,0
4142,5,312,44,0.141,0
4143,5,260,16,0.0615,0
4144,5,310,59,0.1903,0
4145,5,281,13,0.0463,0
4146,4,42,5,0.119,0
4146,5,283,37,0.1307,0
4148,3,25,2,0.08,0
4148,4,10,2,0.2,0
4148,5,304,54,0.1776,0
4150,4,10,4,0.4,0
4150,5,289,59,0.2042,0
4151,4,19,3,0.1579,0
4151,5,306,43,0.1405,0
4152,4,29,5,0.1724,0
4152,5,259,45,0.1737,0
4154,4,23,2,0.087,0
4154,5,295,42,0.1424,0
4155,2,8,1,0.125,1
4155,4,14,4,0.2857,0
4155,5,312,70,0.2244,0
4156,3,8,1,0.125,1
4156,4,30,7,0.2333,0
4156,5,296,52,0.1757,0
4158,5,290,41,0.1414,0
4159,3,23,5,0.2174,0
4159,4,39,8,0.2051,0
4159,5,313,65,0.2077,0
4161,3,9,0,0.0,1
4161,4,19,4,0.2105,0
4161,5,294,47,0.1599,0
4162,5,139,9,0.0647,0
4163,4,9,1,0.1111,1
4163,5,378,76,0.2011,0
4164,5,254,9,0.0354,0
4166,1,75,19,0.2533,0
4166,2,133,28,0.2105,0
4166,3,26,10,0.3846,0
4166,4,20,14,0.7,0
4166,5,119,43,0.3613,0
4167,4,27,1,0.037,0
4167,5,245,14,0.0571,0
4168,1,39,6,0.1538,0
4168,2,105,23,0.219,0
4168,3,13,3,0.2308,0
4168,4,32,14,0.4375,0
4168,5,150,53,0.3533,0
4169,3,16,0,0.0,0
4169,5,237,19,0.0802,0
4171,2,8,0,0.0,1
4171,3,8,0,0.0,1
4171,4,32,9,0.2812,0
4171,5,329,75,0.228,0
4172,4,41,5,0.122,0
4172,5,324,60,0.1852,0
4173,5,316,41,0.1297,0
4174,2,31,4,0.129,0
4174,3,9,1,0.1111,1
4174,4,9,2,0.2222,1
4174,5,311,81,0.2605,0
4175,4,19,4,0.2105,0
4175,5,252,47,0.1865,0
4176,5,208,12,0.0577,0
4177,3,9,0,0.0,1
4177,4,9,1,0.1111,1
4177,5,215,29,0.1349,0
4179,5,325,52,0.16,0
4180,4,15,3,0.2,0
4180,5,312,53,0.1699,0
4181,5,277,16,0.0578,0
4182,5,309,30,0.0971,0
4183,2,26,2,0.0769,0
4183,3,16,4,0.25,0
4183,4,110,29,0.2636,0
4183,5,138,34,0.2464,0
4184,4,10,5,0.5,0
4184,5,284,91,0.3204,0
4186,5,250,14,0.056,0
4188,1,26,7,0.2692,0
4188,2,84,21,0.25,0
4188,3,8,1,0.125,1
4188,4,21,11,0.5238,0
4188,5,203,94,0.4631,0
4189,3,9,0,0.0,1
4189,4,53,11,0.2075,0
4189,5,333,83,0.2492,0
4190,2,18,4,0.2222,0
4190,3,26,1,0.0385,0
4190,4,44,14,0.3182,0
4190,5,141,37,0.2624,0
4191,4,11,2,0.1818,0
4191,5,319,74,0.232,0
4193,2,8,2,0.25,1
4193,4,21,5,0.2381,0
4193,5,331,85,0.2568,0
4195,4,15,1,0.0667,0
4195,5,260,33,0.1269,0
4196,4,18,0,0.0,0
4196,5,286,33,0.1154,0
4197,5,284,22,0.0775,0
4199,4,21,4,0.1905,0
4199,5,394,98,0.2487,0
4200,4,10,1,0.1,0
4200,5,295,22,0.0746,0
4201,3,8,1,0.125,1
4201,5,259,28,0.1081,0
4202,4,18,1,0.0556,0
4202,5,281,27,0.0961,0
4203,5,243,26,0.107,0
4204,4,24,3,0.125,0
4204,5,263,39,0.1483,0
4205,1,89,21,0.236,0
4205,2,148,35,0.2365,0
4205,3,17,3,0.1765,0
4205,4,10,4,0.4,0
4205,5,64,33,0.5156,0
4207,5,329,89,0.2705,0
4208,1,23,1,0.0435,0
4208,2,35,12,0.3429,0
4208,3,17,5,0.2941,0
4208,4,101,35,0.3465,0
4208,5,184,51,0.2772,0
4209,5,325,49,0.1508,0
4210,5,348,52,0.1494,0
4211,5,276,20,0.0725,0
4213,4,9,0,0.0,1
4213,5,267,35,0.1311,0
4214,4,11,2,0.1818,0
4214,5,270,45,0.1667,0
4215,4,31,7,0.2258,0
4215,5,339,69,0.2035,0
4216,4,28,3,0.1071,0
4216,5,328,51,0.1555,0
4218,2,9,1,0.1111,1
4218,4,10,2,0.2,0
4218,5,372,96,0.2581,0
4219,5,288,11,0.0382,0
4220,4,19,1,0.0526,0
4220,5,257,55,0.214,0
4224,2,8,0,0.0,1
4224,4,116,20,0.1724,0
4224,5,181,26,0.1436,0
4225,2,17,1,0.0588,0
4225,4,48,8,0.1667,0
4225,5,188,38,0.2021,0
4226,4,10,2,0.2,0
4226,5,295,33,0.1119,0
4227,2,19,2,0.1053,0
4227,3,70,5,0.0714,0
4227,4,21,5,0.2381,0
4227,5,231,59,0.2554,0
4228,4,11,4,0.3636,0
4228,5,338,67,0.1982,0
4229,5,245,17,0.0694,0
4230,1,8,1,0.125,1
4230,2,17,3,0.1765,0
4230,5,253,82,0.3241,0
4231,4,38,6,0.1579,0
4231,5,303,56,0.1848,0
4232,5,269,39,0.145,0
4233,5,356,72,0.2022,0
4234,4,19,1,0.0526,0
4234,5,234,23,0.0983,0
4236,1,8,2,0.25,1
4236,2,9,0,0.0,1
4236,5,373,141,0.378,0
4237,1,40,8,0.2,0
4237,2,93,14,0.1505,0
4237,3,28,9,0.3214,0
4237,4,14,3,0.2143,0
4237,5,189,73,0.3862,0
4238,1,58,13,0.2241,0
4238,2,43,10,0.2326,0
4238,3,9,1,0.1111,1
4238,5,136,73,0.5368,0
4239,2,15,3,0.2,0
4239,4,9,2,0.2222,1
4239,5,320,90,0.2812,0
4240,2,24,3,0.125,0
4240,4,104,20,0.1923,0
4240,5,187,42,0.2246,0
4241,3,27,3,0.1111,0
4241,4,10,1,0.1,0
4241,5,300,46,0.1533,0
4243,2,18,1,0.0556,0
4243,4,127,28,0.2205,0
4243,5,160,25,0.1562,0
4244,4,59,10,0.1695,0
4244,5,149,10,0.0671,0
4245,3,16,0,0.0,0
4245,4,26,0,0.0,0
4245,5,245,31,0.1265,0
4246,4,93,9,0.0968,0
4246,5,185,7,0.0378,0
4247,4,19,1,0.0526,0
4247,5,289,39,0.1349,0
4248,5,276,20,0.0725,0
4251,4,19,1,0.0526,0
4251,5,312,33,0.1058,0
4252,5,288,30,0.1042,0
4253,4,10,3,0.3,0
4253,5,310,23,0.0742,0
4254,3,5,0,0.0,1
4254,4,11,3,0.2727,0
4254,5,277,61,0.2202,0
4256,1,15,2,0.1333,0
4256,2,86,12,0.1395,0
4256,3,9,1,0.1111,1
4256,4,22,6,0.2727,0
4256,5,223,69,0.3094,0
4257,5,256,37,0.1445,0
4258,4,47,4,0.0851,0
4258,5,250,33,0.132,0
4259,4,31,3,0.0968,0
4259,5,334,68,0.2036,0
4260,2,8,0,0.0,1
4260,4,11,1,0.0909,0
4260,5,312,65,0.2083,0
4261,2,18,1,0.0556,0
4261,3,15,4,0.2667,0
4261,5,343,75,0.2187,0
4262,1,99,27,0.2727,0
4262,2,160,42,0.2625,0
4262,3,17,5,0.2941,0
4262,4,5,0,0.0,1
4262,5,85,37,0.4353,0
4263,4,12,2,0.1667,0
4263,5,280,54,0.1929,0
4264,2,29,5,0.1724,0
4264,3,9,2,0.2222,1
4264,4,10,4,0.4,0
4264,5,341,92,0.2698,0
4266,1,49,9,0.1837,0
4266,2,108,21,0.1944,0
4266,3,42,11,0.2619,0
4266,5,148,60,0.4054,0
4268,5,175,6,0.0343,0
4269,2,33,4,0.1212,0
4269,3,8,3,0.375,1
4269,4,70,18,0.2571,0
4269,5,262,79,0.3015,0
4270,4,10,1,0.1,0
4270,5,263,31,0.1179,0
4271,5,267,21,0.0787,0
4272,4,16,0,0.0,0
4272,5,265,26,0.0981,0
4273,4,39,4,0.1026,0
4273,5,237,26,0.1097,0
4274,5,274,30,0.1095,0
4275,4,62,0,0.0,0
4275,5,120,5,0.0417,0
4276,3,8,1,0.125,1
4276,4,10,2,0.2,0
4276,5,314,94,0.2994,0
4277,5,284,52,0.1831,0
4278,2,27,4,0.1481,0
4278,3,9,2,0.2222,1
4278,4,10,3,0.3,0
4278,5,350,119,0.34,0
4281,5,270,39,0.1444,0
4283,4,82,4,0.0488,0
4283,5,161,10,0.0621,0
4286,2,26,1,0.0385,0
4286,4,81,15,0.1852,0
4286,5,303,49,0.1617,0
4287,2,25,0,0.0,0
4287,4,32,3,0.0938,0
4287,5,268,72,0.2687,0
4288,2,9,1,0.1111,1
4288,4,10,3,0.3,0
4288,5,365,127,0.3479,0
4289,2,25,4,0.16,0
4289,4,100,28,0.28,0
4289,5,199,43,0.2161,0
4290,1,24,2,0.0833,0
4290,2,112,14,0.125,0
4290,3,33,7,0.2121,0
4290,4,10,4,0.4,0
4290,5,154,55,0.3571,0
4292,2,17,1,0.0588,0
4292,3,9,1,0.1111,1
4292,5,324,89,0.2747,0
4293,4,10,2,0.2,0
4293,5,342,51,0.1491,0
4294,2,34,3,0.0882,0
4294,3,26,9,0.3462,0
4294,4,19,3,0.1579,0
4294,5,258,87,0.3372,0
4295,2,28,8,0.2857,0
4295,4,33,7,0.2121,0
4295,5,329,98,0.2979,0
4296,2,33,7,0.2121,0
4296,3,36,8,0.2222,0
4296,5,197,56,0.2843,0
4297,2,61,9,0.1475,0
4297,4,25,7,0.28,0
4297,5,254,76,0.2992,0
4298,3,9,1,0.1111,1
4298,4,3,0,0.0,1
4298,5,337,60,0.178,0
4299,4,18,0,0.0,0
4299,5,236,18,0.0763,0
4300,4,66,7,0.1061,0
4300,5,210,23,0.1095,0
4301,5,229,25,0.1092,0
4302,4,21,7,0.3333,0
4302,5,349,88,0.2521,0
4303,5,286,41,0.1434,0
4305,1,8,1,0.125,1
4305,2,29,4,0.1379,0
4305,3,8,4,0.5,1
4305,5,280,111,0.3964,0
4306,5,269,28,0.1041,0
4308,3,18,3,0.1667,0
4308,4,32,9,0.2812,0
4308,5,308,82,0.2662,0
4311,2,26,4,0.1538,0
4311,3,9,4,0.4444,1
4311,4,28,8,0.2857,0
4311,5,286,84,0.2937,0
4313,2,8,0,0.0,1
4313,4,27,5,0.1852,0
4313,5,157,35,0.2229,0
4314,4,10,0,0.0,0
4314,5,322,75,0.2329,0
4315,4,6,0,0.0,1
4315,5,271,43,0.1587,0
4317,4,57,6,0.1053,0
4317,5,216,30,0.1389,0
4318,4,40,4,0.1,0
4318,5,269,40,0.1487,0
4319,5,371,61,0.1644,0
4320,1,90,25,0.2778,0
4320,2,120,29,0.2417,0
4320,3,16,6,0.375,0
4320,5,60,35,0.5833,0
4323,5,292,42,0.1438,0
4324,1,41,5,0.122,0
4324,2,111,26,0.2342,0
4324,3,8,1,0.125,1
4324,4,10,3,0.3,0
4324,5,259,110,0.4247,0
4325,4,36,3,0.0833,0
4325,5,227,18,0.0793,0
4327,5,299,24,0.0803,0
4329,4,19,2,0.1053,0
4329,5,276,20,0.0725,0
4330,3,8,1,0.125,1
4330,4,17,4,0.2353,0
4330,5,297,77,0.2593,0
4331,4,25,4,0.16,0
4331,5,294,68,0.2313,0
4332,4,10,0,0.0,0
4332,5,229,15,0.0655,0
4335,2,55,8,0.1455,0
4335,3,18,3,0.1667,0
4335,4,27,11,0.4074,0
4335,5,242,79,0.3264,0
4336,3,17,1,0.0588,0
4336,4,10,2,0.2,0
4336,5,312,42,0.1346,0
4337,1,86,10,0.1163,0
4337,2,149,32,0.2148,0
4337,3,26,5,0.1923,0
4337,5,118,45,0.3814,0
4339,5,285,20,0.0702,0
4340,5,52,2,0.0385,0
4342,1,8,1,0.125,1
4342,2,34,3,0.0882,0
4342,3,9,1,0.1111,1
4342,4,20,8,0.4,0
4342,5,262,89,0.3397,0
4343,4,9,0,0.0,1
4343,5,278,15,0.054,0
4344,1,93,15,0.1613,0
4344,2,128,28,0.2188,0
4344,3,9,1,0.1111,1
4344,4,9,4,0.4444,1
4344,5,104,49,0.4712,0
4345,4,14,3,0.2143,0
4345,5,302,51,0.1689,0
4346,4,9,0,0.0,1
4346,5,293,45,0.1536,0
4347,2,16,3,0.1875,0
4347,3,16,0,0.0,0
4347,4,92,16,0.1739,0
4347,5,171,36,0.2105,0
4348,2,8,0,0.0,1
4348,3,9,1,0.1111,1
4348,4,33,3,0.0909,0
4348,5,302,49,0.1623,0
4349,4,98,12,0.1224,0
4349,5,146,12,0.0822,0
4350,1,75,10,0.1333,0
4350,2,97,19,0.1959,0
4350,3,12,2,0.1667,0
4350,4,19,7,0.3684,0
4350,5,159,76,0.478,0
4351,2,12,3,0.25,0
4351,4,22,5,0.2273,0
4351,5,350,119,0.34,0
4352,1,9,0,0.0,1
4352,2,54,6,0.1111,0
4352,3,27,6,0.2222,0
4352,4,29,10,0.3448,0
4352,5,175,57,0.3257,0
4355,5,196,7,0.0357,0
4356,2,7,0,0.0,1
4356,4,10,7,0.7,0
4356,5,305,64,0.2098,0
4357,1,8,0,0.0,1
4357,4,20,7,0.35,0
4357,5,330,103,0.3121,0
4358,5,276,24,0.087,0
4359,2,8,0,0.0,1
4359,4,10,2,0.2,0
4359,5,255,43,0.1686,0
4360,4,35,1,0.0286,0
4360,5,297,56,0.1886,0
4361,1,17,4,0.2353,0
4361,2,75,17,0.2267,0
4361,3,17,4,0.2353,0
4361,4,10,5,0.5,0
4361,5,212,90,0.4245,0
4362,1,55,8,0.1455,0
4362,2,103,13,0.1262,0
4362,4,21,7,0.3333,0
4362,5,142,43,0.3028,0
4363,4,24,2,0.0833,0
4363,5,357,64,0.1793,0
4364,2,53,8,0.1509,0
4364,3,26,5,0.1923,0
4364,4,11,3,0.2727,0
4364,5,253,89,0.3518,0
4365,5,322,61,0.1894,0
4366,1,8,0,0.0,1
4366,2,8,4,0.5,1
4366,3,17,3,0.1765,0
4366,4,22,4,0.1818,0
4366,5,327,83,0.2538,0
4367,4,14,0,0.0,0
4367,5,253,17,0.0672,0
4368,5,265,23,0.0868,0
4369,4,32,8,0.25,0
4369,5,335,71,0.2119,0
4370,1,8,0,0.0,1
4370,2,74,17,0.2297,0
4370,3,42,8,0.1905,0
4370,4,28,14,0.5,0
4370,5,195,81,0.4154,0
4371,1,100,15,0.15,0
4371,2,156,29,0.1859,0
4371,4,9,3,0.3333,1
4371,5,44,16,0.3636,0
4372,4,98,25,0.2551,0
4372,5,155,36,0.2323,0
4373,2,34,7,0.2059,0
4373,4,83,17,0.2048,0
4373,5,220,47,0.2136,0
4374,4,19,1,0.0526,0
4374,5,281,34,0.121,0
4375,4,21,5,0.2381,0
4375,5,337,76,0.2255,0
4376,4,29,3,0.1034,0
4376,5,348,76,0.2184,0
4377,4,31,8,0.2581,0
4377,5,343,84,0.2449,0
4379,2,18,2,0.1111,0
4379,3,8,1,0.125,1
4379,4,10,0,0.0,0
4379,5,326,64,0.1963,0
4380,5,313,44,0.1406,0
4381,5,331,71,0.2145,0
4382,4,19,0,0.0,0
4382,5,289,20,0.0692,0
4383,2,9,1,0.1111,1
4383,4,10,2,0.2,0
4383,5,292,44,0.1507,0
4384,2,8,2,0.25,1
4384,4,10,2,0.2,0
4384,5,340,75,0.2206,0
4385,4,45,5,0.1111,0
4385,5,125,5,0.04,0
4387,1,15,2,0.1333,0
4387,2,29,7,0.2414,0
4387,3,27,6,0.2222,0
4387,4,55,17,0.3091,0
4387,5,226,68,0.3009,0
4388,3,39,2,0.0513,0
4388,4,11,3,0.2727,0
4388,5,318,67,0.2107,0
4389,5,290,37,0.1276,0
4390,5,290,23,0.0793,0
4391,1,6,1,0.1667,1
4391,2,77,11,0.1429,0
4391,3,8,2,0.25,1
4391,4,3,1,0.3333,1
4391,5,275,92,0.3345,0
4393,5,270,25,0.0926,0
4394,4,20,2,0.1,0
4394,5,270,52,0.1926,0
4395,4,20,0,0.0,0
4395,5,292,39,0.1336,0
4396,5,312,32,0.1026,0
4397,1,15,2,0.1333,0
4397,2,104,13,0.125,0
4397,3,9,2,0.2222,1
4397,4,30,13,0.4333,0
4397,5,234,85,0.3632,0
4398,2,75,10,0.1333,0
4398,3,18,3,0.1667,0
4398,4,16,5,0.3125,0
4398,5,275,91,0.3309,0
4400,4,53,1,0.0189,0
4400,5,196,5,0.0255,0
4401,3,34,2,0.0588,0
4401,4,30,7,0.2333,0
4401,5,242,52,0.2149,0
4402,4,11,3,0.2727,0
4402,5,308,73,0.237,0
4403,4,29,3,0.1034,0
4403,5,294,65,0.2211,0
4404,4,9,2,0.2222,1
4404,5,263,19,0.0722,0
4405,5,282,18,0.0638,0
4406,5,309,37,0.1197,0
4407,3,20,0,0.0,0
4407,4,23,1,0.0435,0
4407,5,294,34,0.1156,0
4408,4,73,5,0.0685,0
4408,5,150,13,0.0867,0
4409,3,33,4,0.1212,0
4409,5,318,93,0.2925,0
4410,4,47,3,0.0638,0
4410,5,267,43,0.161,0
4411,4,11,2,0.1818,0
4411,5,355,66,0.1859,0
4413,4,16,4,0.25,0
4413,5,351,67,0.1909,0
4414,4,81,6,0.0741,0
4414,5,145,19,0.131,0
4415,2,50,6,0.12,0
4415,3,43,10,0.2326,0
4415,5,284,85,0.2993,0
4416,4,41,7,0.1707,0
4416,5,266,37,0.1391,0
4417,5,259,24,0.0927,0
4418,1,99,19,0.1919,0
4418,2,115,37,0.3217,0
4418,4,10,4,0.4,0
4418,5,123,52,0.4228,0
4419,4,70,12,0.1714,0
4419,5,182,23,0.1264,0
4420,3,35,3,0.0857,0
4420,4,11,2,0.1818,0
4420,5,345,64,0.1855,0
4421,5,216,11,0.0509,0
4422,4,10,0,0.0,0
4422,5,272,34,0.125,0
4423,4,28,3,0.1071,0
4423,5,290,46,0.1586,0
4424,3,8,0,0.0,1
4424,5,387,85,0.2196,0
4425,4,8,0,0.0,1
4425,5,241,22,0.0913,0
4427,1,16,2,0.125,0
4427,2,71,11,0.1549,0
4427,3,17,3,0.1765,0
4427,5,231,95,0.4113,0
4428,2,26,5,0.1923,0
4428,3,9,1,0.1111,1
4428,4,22,5,0.2273,0
4428,5,289,70,0.2422,0
4429,5,295,21,0.0712,0
4430,3,25,3,0.12,0
4430,4,10,0,0.0,0
4430,5,329,69,0.2097,0
4431,4,18,2,0.1111,0
4431,5,224,39,0.1741,0
4432,4,20,1,0.05,0
4432,5,320,42,0.1313,0
4433,1,8,0,0.0,1
4433,2,39,12,0.3077,0
4433,3,16,5,0.3125,0
4433,4,94,38,0.4043,0
4433,5,231,69,0.2987,0
4434,2,9,2,0.2222,1
4434,5,334,86,0.2575,0
4435,4,30,6,0.2,0
4435,5,258,44,0.1705,0
4436,4,20,4,0.2,0
4436,5,335,79,0.2358,0
4437,2,9,1,0.1111,1
4437,3,8,0,0.0,1
4437,4,20,3,0.15,0
4437,5,308,76,0.2468,0
4438,3,8,1,0.125,1
4438,5,321,70,0.2181,0
4439,5,231,13,0.0563,0
4440,4,10,1,0.1,0
4440,5,269,23,0.0855,0
4441,3,49,3,0.0612,0
4441,4,8,1,0.125,1
4441,5,309,81,0.2621,0
4442,3,8,2,0.25,1
4442,4,21,7,0.3333,0
4442,5,283,59,0.2085,0
4443,2,18,1,0.0556,0
4443,4,64,8,0.125,0
4443,5,247,42,0.17,0
4444,1,89,16,0.1798,0
4444,2,158,35,0.2215,0
4444,3,3,1,0.3333,1
4444,4,10,4,0.4,0
4444,5,53,18,0.3396,0
4445,1,95,19,0.2,0
4445,2,170,36,0.2118,0
4445,5,69,24,0.3478,0
4446,1,8,2,0.25,1
4446,2,49,7,0.1429,0
4446,3,18,3,0.1667,0
4446,4,10,1,0.1,0
4446,5,282,87,0.3085,0
4447,2,27,2,0.0741,0
4447,3,16,2,0.125,0
4447,4,42,11,0.2619,0
4447,5,241,52,0.2158,0
4448,2,76,9,0.1184,0
4448,3,9,3,0.3333,1
4448,4,21,8,0.381,0
4448,5,239,77,0.3222,0
4449,5,279,27,0.0968,0
4450,1,33,3,0.0909,0
4450,2,27,2,0.0741,0
4450,3,36,4,0.1111,0
4450,4,29,14,0.4828,0
4450,5,177,41,0.2316,0
4451,4,42,6,0.1429,0
4451,5,324,76,0.2346,0
4452,2,8,1,0.125,1
4452,3,33,1,0.0303,0
4452,5,324,56,0.1728,0
4456,1,28,3,0.1071,0
4456,2,61,18,0.2951,0
4456,3,18,7,0.3889,0
4456,4,90,21,0.2333,0
4456,5,81,29,0.358,0
4457,4,20,1,0.05,0
4457,5,227,24,0.1057,0
4458,5,316,44,0.1392,0
4459,1,66,8,0.1212,0
4459,2,117,14,0.1197,0
4459,3,40,6,0.15,0
4459,5,113,40,0.354,0
4460,3,15,1,0.0667,0
4460,5,355,71,0.2,0
4461,5,260,21,0.0808,0
4462,4,37,3,0.0811,0
4462,5,221,36,0.1629,0
4463,4,21,4,0.1905,0
4463,5,299,51,0.1706,0
4464,4,108,24,0.2222,0
4464,5,178,26,0.1461,0
4465,5,232,19,0.0819,0
4466,3,8,1,0.125,1
4466,4,2,0,0.0,1
4466,5,300,54,0.18,0
4467,3,8,0,0.0,1
4467,4,20,5,0.25,0
4467,5,329,68,0.2067,0
4468,1,16,4,0.25,0
4468,2,69,9,0.1304,0
4468,3,24,4,0.1667,0
4468,4,11,4,0.3636,0
4468,5,210,80,0.381,0
4469,5,318,72,0.2264,0
4470,2,8,3,0.375,1
4470,3,8,3,0.375,1
4470,4,11,1,0.0909,0
4470,5,321,76,0.2368,0
4471,2,27,5,0.1852,0
4471,4,31,12,0.3871,0
4471,5,338,107,0.3166,0
4472,2,61,7,0.1148,0
4472,4,28,7,0.25,0
4472,5,288,75,0.2604,0
4473,2,17,2,0.1176,0
4473,4,70,12,0.1714,0
4473,5,151,26,0.1722,0
4474,4,47,3,0.0638,0
4474,5,230,37,0.1609,0
4475,4,14,0,0.0,0
4475,5,365,71,0.1945,0
4477,1,31,5,0.1613,0
4477,2,132,15,0.1136,0
4477,3,34,7,0.2059,0
4477,4,10,3,0.3,0
4477,5,137,55,0.4015,0
4478,2,25,5,0.2,0
4478,3,8,0,0.0,1
4478,4,105,27,0.2571,0
4478,5,194,44,0.2268,0
4479,4,54,5,0.0926,0
4479,5,147,8,0.0544,0
4482,1,32,6,0.1875,0
4482,2,81,19,0.2346,0
4482,3,9,1,0.1111,1
4482,4,53,13,0.2453,0
4482,5,165,58,0.3515,0
4483,2,97,12,0.1237,0
4483,3,3,0,0.0,1
4483,4,43,13,0.3023,0
4483,5,218,91,0.4174,0
4484,4,117,18,0.1538,0
4484,5,155,10,0.0645,0
4485,2,8,0,0.0,1
4485,4,29,4,0.1379,0
4485,5,285,44,0.1544,0
4486,2,3,0,0.0,1
4486,4,10,0,0.0,0
4486,5,288,52,0.1806,0
4487,4,19,2,0.1053,0
4487,5,283,29,0.1025,0
4488,2,8,1,0.125,1
4488,4,21,6,0.2857,0
4488,5,279,75,0.2688,0
4489,4,29,5,0.1724,0
4489,5,272,42,0.1544,0
4491,4,19,3,0.1579,0
4491,5,264,19,0.072,0
4492,5,102,30,0.2941,0
4494,1,64,11,0.1719,0
4494,2,113,17,0.1504,0
4494,3,9,0,0.0,1
4494,4,10,3,0.3,0
4494,5,116,40,0.3448,0
4495,4,9,1,0.1111,1
4495,5,233,52,0.2232,0
4496,5,341,93,0.2727,0
4497,1,16,2,0.125,0
4497,2,93,14,0.1505,0
4497,3,15,7,0.4667,0
4497,4,21,5,0.2381,0
4497,5,155,65,0.4194,0
4498,4,21,1,0.0476,0
4498,5,177,27,0.1525,0
4499,4,36,8,0.2222,0
4499,5,179,29,0.162,0
4500,1,83,19,0.2289,0
4500,2,114,35,0.307,0
4500,3,16,5,0.3125,0
4500,4,21,8,0.381,0
4500,5,118,60,0.5085,0
4501,2,18,1,0.0556,0
4501,4,98,22,0.2245,0
4501,5,240,43,0.1792,0
4502,1,74,19,0.2568,0
4502,2,89,18,0.2022,0
4502,3,44,8,0.1818,0
4502,4,51,23,0.451,0
4502,5,94,40,0.4255,0
4503,1,75,16,0.2133,0
4503,2,110,27,0.2455,0
4503,3,18,5,0.2778,0
4503,4,20,9,0.45,0
4503,5,160,69,0.4313,0
4504,1,59,7,0.1186,0
4504,2,71,6,0.0845,0
4504,3,9,1,0.1111,1
4504,4,33,6,0.1818,0
4504,5,196,64,0.3265,0
4505,3,18,2,0.1111,0
4505,4,5,0,0.0,1
4505,5,310,81,0.2613,0
4506,4,29,6,0.2069,0
4506,5,307,76,0.2476,0
4508,4,18,0,0.0,0
4508,5,219,33,0.1507,0
4509,4,31,5,0.1613,0
4509,5,283,51,0.1802,0
4510,4,70,2,0.0286,0
4510,5,68,1,0.0147,0
4511,5,286,23,0.0804,0
4512,2,61,14,0.2295,0
4512,4,20,5,0.25,0
4512,5,338,112,0.3314,0
4513,5,316,65,0.2057,0
4514,4,18,3,0.1667,0
4514,5,363,111,0.3058,0
4515,3,9,0,0.0,1
4515,4,10,1,0.1,0
4515,5,365,81,0.2219,0
4516,4,11,2,0.1818,0
4516,5,341,82,0.2405,0
4518,4,22,5,0.2273,0
4518,5,293,88,0.3003,0
4519,2,17,1,0.0588,0
4519,3,8,0,0.0,1
4519,4,52,18,0.3462,0
4519,5,116,23,0.1983,0
4520,4,29,2,0.069,0
4520,5,269,55,0.2045,0
4521,4,5,1,0.2,1
4521,5,297,54,0.1818,0
4522,2,8,0,0.0,1
4522,5,318,82,0.2579,0
4523,4,9,1,0.1111,1
4523,5,279,43,0.1541,0
4524,1,66,12,0.1818,0
4524,2,169,33,0.1953,0
4524,3,9,3,0.3333,1
4524,4,11,2,0.1818,0
4524,5,83,33,0.3976,0
4525,4,82,5,0.061,0
4525,5,147,19,0.1293,0
4526,3,8,1,0.125,1
4526,4,28,3,0.1071,0
4526,5,247,53,0.2146,0
4527,5,252,22,0.0873,0
4528,1,8,3,0.375,1
4528,2,78,11,0.141,0
4528,5,239,84,0.3515,0
4529,4,9,1,0.1111,1
4529,5,303,61,0.2013,0
4530,1,8,2,0.25,1
4530,2,45,8,0.1778,0
4530,3,18,2,0.1111,0
4530,4,122,46,0.377,0
4530,5,141,55,0.3901,0
4531,2,8,1,0.125,1
4531,3,34,5,0.1471,0
4531,4,21,5,0.2381,0
4531,5,302,67,0.2219,0
4532,1,8,0,0.0,1
4532,2,64,10,0.1562,0
4532,3,8,4,0.5,1
4532,4,31,6,0.1935,0
4532,5,215,77,0.3581,0
4533,3,9,0,0.0,1
4533,4,20,5,0.25,0
4533,5,186,21,0.1129,0
4534,4,80,4,0.05,0
4534,5,110,7,0.0636,0
4535,1,8,1,0.125,1
4535,4,10,2,0.2,0
4535,5,238,69,0.2899,0
4536,2,26,3,0.1154,0
4536,4,135,30,0.2222,0
4536,5,176,34,0.1932,0
4537,1,33,7,0.2121,0
4537,2,61,7,0.1148,0
4537,3,17,5,0.2941,0
4537,4,33,14,0.4242,0
4537,5,223,75,0.3363,0
4538,5,286,88,0.3077,0
4539,2,61,10,0.1639,0
4539,3,18,2,0.1111,0
4539,4,10,3,0.3,0
4539,5,268,72,0.2687,0
4540,4,18,2,0.1111,0
4540,5,282,48,0.1702,0
4543,2,45,8,0.1778,0
4543,5,314,86,0.2739,0
4544,1,8,1,0.125,1
4544,2,54,11,0.2037,0
4544,3,9,4,0.4444,1
4544,5,320,147,0.4594,0
4545,2,9,0,0.0,1
4545,4,21,5,0.2381,0
4545,5,312,108,0.3462,0
4546,1,11,2,0.1818,0
4546,2,63,10,0.1587,0
4546,3,17,5,0.2941,0
4546,4,44,13,0.2955,0
4546,5,136,34,0.25,0
4547,1,39,9,0.2308,0
4547,2,131,17,0.1298,0
4547,3,27,4,0.1481,0
4547,5,153,48,0.3137,0
4548,4,36,3,0.0833,0
4548,5,114,3,0.0263,0
4549,4,10,1,0.1,0
4549,5,284,47,0.1655,0
4550,4,11,1,0.0909,0
4550,5,293,40,0.1365,0
4551,5,350,60,0.1714,0
4552,5,296,51,0.1723,0
4553,3,14,0,0.0,0
4553,4,21,4,0.1905,0
4553,5,271,58,0.214,0
4555,5,301,40,0.1329,0
4556,2,27,7,0.2593,0
4556,4,73,26,0.3562,0
4556,5,185,55,0.2973,0
4557,4,10,0,0.0,0
4557,5,259,23,0.0888,0
4558,4,9,1,0.1111,1
4558,5,226,16,0.0708,0
4560,4,10,1,0.1,0
4560,5,278,56,0.2014,0
4561,2,7,2,0.2857,1
4561,3,7,1,0.1429,1
4561,5,298,87,0.2919,0
4562,5,331,19,0.0574,0
4563,5,265,30,0.1132,0
4564,2,3,0,0.0,1
4564,4,10,1,0.1,0
4564,5,274,17,0.062,0
4565,4,28,3,0.1071,0
4565,5,266,20,0.0752,0
4566,1,38,6,0.1579,0
4566,2,133,19,0.1429,0
4566,4,9,2,0.2222,1
4566,5,150,50,0.3333,0
4567,5,222,12,0.0541,0
4568,4,6,0,0.0,1
4568,5,300,60,0.2,0
4569,4,37,6,0.1622,0
4569,5,134,17,0.1269,0
4570,2,9,1,0.1111,1
4570,4,20,5,0.25,0
4570,5,325,76,0.2338,0
4571,1,65,13,0.2,0
4571,2,112,29,0.2589,0
4571,3,4,0,0.0,1
4571,5,122,64,0.5246,0
4572,4,19,2,0.1053,0
4572,5,270,45,0.1667,0
4573,1,87,13,0.1494,0
4573,2,144,31,0.2153,0
4573,3,17,7,0.4118,0
4573,5,68,28,0.4118,0
4574,4,29,1,0.0345,0
4574,5,301,41,0.1362,0
4575,2,9,0,0.0,1
4575,4,31,6,0.1935,0
4575,5,250,59,0.236,0
4578,4,33,7,0.2121,0
4578,5,294,68,0.2313,0
4579,2,51,3,0.0588,0
4579,3,8,1,0.125,1
4579,5,287,76,0.2648,0
4580,4,18,3,0.1667,0
4580,5,274,54,0.1971,0
4581,2,15,1,0.0667,0
4581,4,21,4,0.1905,0
4581,5,340,88,0.2588,0
4583,2,8,0,0.0,1
4583,3,9,1,0.1111,1
4583,4,59,5,0.0847,0
4583,5,288,48,0.1667,0
4584,2,45,8,0.1778,0
4584,3,27,6,0.2222,0
4584,4,11,4,0.3636,0
4584,5,249,71,0.2851,0
4586,1,91,19,0.2088,0
4586,2,148,23,0.1554,0
4586,3,27,5,0.1852,0
4586,5,78,37,0.4744,0
4587,4,21,4,0.1905,0
4587,5,293,72,0.2457,0
4588,4,13,1,0.0769,0
4588,5,367,78,0.2125,0
4589,2,8,1,0.125,1
4589,4,60,11,0.1833,0
4589,5,176,34,0.1932,0
4590,1,24,0,0.0,0
4590,2,62,5,0.0806,0
4590,3,36,9,0.25,0
4590,4,32,7,0.2188,0
4590,5,188,66,0.3511,0
4592,4,9,1,0.1111,1
4592,5,275,24,0.0873,0
4593,4,30,5,0.1667,0
4593,5,310,56,0.1806,0
4594,4,41,6,0.1463,0
4594,5,267,56,0.2097,0
4596,2,24,1,0.0417,0
4596,4,10,2,0.2,0
4596,5,322,68,0.2112,0
4598,2,18,0,0.0,0
4598,4,20,4,0.2,0
4598,5,277,66,0.2383,0
4600,3,8,1,0.125,1
4600,4,11,2,0.1818,0
4600,5,298,79,0.2651,0
4601,2,18,2,0.1111,0
4601,3,16,5,0.3125,0
4601,4,35,3,0.0857,0
4601,5,292,87,0.2979,0
4603,4,9,1,0.1111,1
4603,5,283,49,0.1731,0
4604,1,31,2,0.0645,0
4604,2,125,25,0.2,0
4604,3,34,8,0.2353,0
4604,5,208,77,0.3702,0
4607,4,10,1,0.1,0
4607,5,350,54,0.1543,0
4608,3,26,1,0.0385,0
4608,4,10,1,0.1,0
4608,5,311,60,0.1929,0
4610,3,25,6,0.24,0
4610,4,31,6,0.1935,0
4610,5,292,83,0.2842,0
4611,2,26,6,0.2308,0
4611,3,40,4,0.1,0
4611,4,116,35,0.3017,0
4611,5,164,43,0.2622,0
4614,2,17,2,0.1176,0
4614,3,9,0,0.0,1
4614,4,30,5,0.1667,0
4614,5,268,95,0.3545,0
4615,4,10,0,0.0,0
4615,5,251,19,0.0757,0
4618,4,17,0,0.0,0
4618,5,237,26,0.1097,0
4619,4,20,4,0.2,0
4619,5,279,51,0.1828,0
4623,4,20,3,0.15,0
4623,5,298,36,0.1208,0
4624,2,9,1,0.1111,1
4624,3,15,4,0.2667,0
4624,4,32,6,0.1875,0
4624,5,302,89,0.2947,0
4625,4,19,2,0.1053,0
4625,5,257,40,0.1556,0
4626,5,249,30,0.1205,0
4627,2,26,6,0.2308,0
4627,4,60,20,0.3333,0
4627,5,192,46,0.2396,0
4630,4,20,1,0.05,0
4630,5,286,56,0.1958,0
4631,4,24,0,0.0,0
4631,5,246,38,0.1545,0
4632,5,243,20,0.0823,0
4633,4,20,3,0.15,0
4633,5,293,46,0.157,0
4635,4,9,2,0.2222,1
4635,5,227,40,0.1762,0
4636,5,246,24,0.0976,0
4637,4,31,6,0.1935,0
4637,5,238,41,0.1723,0
4638,4,40,6,0.15,0
4638,5,268,34,0.1269,0
4639,4,24,2,0.0833,0
4639,5,274,27,0.0985,0
4640,4,21,3,0.1429,0
4640,5,376,74,0.1968,0
4641,4,11,2,0.1818,0
4641,5,223,25,0.1121,0
4642,1,7,1,0.1429,1
4642,2,36,5,0.1389,0
4642,3,9,2,0.2222,1
4642,4,53,21,0.3962,0
4642,5,229,78,0.3406,0
4643,2,19,3,0.1579,0
4643,3,17,2,0.1176,0
4643,4,11,2,0.1818,0
4643,5,281,85,0.3025,0
4644,3,9,1,0.1111,1
4644,4,39,5,0.1282,0
4644,5,287,72,0.2509,0
4645,2,44,5,0.1136,0
4645,3,46,5,0.1087,0
4645,4,9,0,0.0,1
4645,5,253,81,0.3202,0
4648,5,253,28,0.1107,0
4649,3,43,3,0.0698,0
4649,4,10,3,0.3,0
4649,5,320,67,0.2094,0
4650,5,206,43,0.2087,0
4651,4,19,2,0.1053,0
4651,5,236,21,0.089,0
4652,3,17,1,0.0588,0
4652,4,11,1,0.0909,0
4652,5,262,35,0.1336,0
4653,4,19,4,0.2105,0
4653,5,271,80,0.2952,0
4654,4,13,2,0.1538,0
4654,5,294,65,0.2211,0
4656,4,6,0,0.0,1
4656,5,281,35,0.1246,0
4659,1,8,1,0.125,1
4659,2,100,18,0.18,0
4659,3,24,7,0.2917,0
4659,5,247,88,0.3563,0
4660,5,161,11,0.0683,0
4661,4,21,3,0.1429,0
4661,5,253,28,0.1107,0
4663,5,84,20,0.2381,0
4664,5,228,18,0.0789,0
4665,4,10,0,0.0,0
4665,5,261,12,0.046,0
4666,5,196,15,0.0765,0
4669,4,18,1,0.0556,0
4669,5,256,20,0.0781,0
4672,4,11,0,0.0,0
4672,5,286,19,0.0664,0
4674,5,344,55,0.1599,0
4675,5,238,41,0.1723,0
4676,4,37,4,0.1081,0
4676,5,252,32,0.127,0
4677,2,8,1,0.125,1
4677,5,265,63,0.2377,0
4678,4,30,8,0.2667,0
4678,5,207,27,0.1304,0
4679,2,8,1,0.125,1
4679,4,10,3,0.3,0
4679,5,346,89,0.2572,0
4680,4,59,7,0.1186,0
4680,5,241,22,0.0913,0
4681,5,175,12,0.0686,0
4682,1,49,9,0.1837,0
4682,2,139,22,0.1583,0
4682,3,18,1,0.0556,0
4682,5,167,69,0.4132,0
4683,5,164,18,0.1098,0
4684,4,30,3,0.1,0
4684,5,283,53,0.1873,0
4685,1,15,3,0.2,0
4685,2,8,1,0.125,1
4685,3,36,7,0.1944,0
4685,4,42,19,0.4524,0
4685,5,205,73,0.3561,0
4686,1,99,23,0.2323,0
4686,2,137,30,0.219,0
4686,3,17,8,0.4706,0
4686,4,11,2,0.1818,0
4686,5,74,34,0.4595,0
4688,1,8,1,0.125,1
4688,2,109,9,0.0826,0
4688,3,27,6,0.2222,0
4688,4,42,13,0.3095,0
4688,5,173,68,0.3931,0
4689,4,77,16,0.2078,0
4689,5,189,25,0.1323,0
4690,4,9,1,0.1111,1
4690,5,45,9,0.2,0
4691,4,20,4,0.2,0
4691,5,202,23,0.1139,0
4692,4,6,1,0.1667,1
4692,5,271,41,0.1513,0
4693,5,301,21,0.0698,0
4694,4,27,2,0.0741,0
4694,5,231,26,0.1126,0
4695,4,36,2,0.0556,0
4695,5,266,45,0.1692,0
4697,5,297,19,0.064,0
4700,3,20,2,0.1,0
4700,4,10,3,0.3,0
4700,5,282,61,0.2163,0
4702,4,20,7,0.35,0
4702,5,304,91,0.2993,0
4703,2,7,0,0.0,1
4703,4,20,7,0.35,0
4703,5,309,71,0.2298,0
4704,2,30,1,0.0333,0
4704,3,44,10,0.2273,0
4704,5,326,94,0.2883,0
4705,5,273,30,0.1099,0
4706,3,14,0,0.0,0
4706,5,325,66,0.2031,0
4708,4,9,0,0.0,1
4708,5,245,13,0.0531,0
4709,4,10,1,0.1,0
4709,5,309,51,0.165,0
4710,4,43,8,0.186,0
4710,5,340,75,0.2206,0
4711,4,47,9,0.1915,0
4711,5,258,41,0.1589,0
4713,2,94,11,0.117,0
4713,3,9,3,0.3333,1
4713,4,21,6,0.2857,0
4713,5,280,84,0.3,0
4714,2,9,0,0.0,1
4714,3,17,0,0.0,0
4714,4,79,9,0.1139,0
4714,5,169,14,0.0828,0
4715,2,40,7,0.175,0
4715,3,26,6,0.2308,0
4715,4,21,10,0.4762,0
4715,5,211,71,0.3365,0
4718,3,10,2,0.2,0
4718,4,28,3,0.1071,0
4718,5,263,65,0.2471,0
4719,1,100,21,0.21,0
4719,2,157,40,0.2548,0
4719,3,18,2,0.1111,0
4719,4,10,6,0.6,0
4719,5,81,43,0.5309,0
4720,4,32,2,0.0625,0
4720,5,206,16,0.0777,0
4723,4,47,3,0.0638,0
4723,5,208,27,0.1298,0
4724,5,191,6,0.0314,0
4725,4,27,2,0.0741,0
4725,5,264,33,0.125,0
4726,4,27,3,0.1111,0
4726,5,69,6,0.087,0
4727,4,9,1,0.1111,1
4727,5,254,25,0.0984,0
4728,4,29,2,0.069,0
4728,5,245,31,0.1265,0
4729,5,202,19,0.0941,0
4730,4,19,5,0.2632,0
4730,5,241,42,0.1743,0
4731,5,260,32,0.1231,0
4732,1,8,1,0.125,1
4732,2,60,7,0.1167,0
4732,4,21,1,0.0476,0
4732,5,279,81,0.2903,0
4733,2,17,0,0.0,0
4733,4,68,14,0.2059,0
4733,5,150,25,0.1667,0
4734,2,68,11,0.1618,0
4734,3,2,0,0.0,1
4734,4,10,1,0.1,0
4734,5,261,95,0.364,0
4735,4,28,5,0.1786,0
4735,5,256,36,0.1406,0
4736,2,27,5,0.1852,0
4736,3,18,5,0.2778,0
4736,4,10,3,0.3,0
4736,5,290,87,0.3,0
4737,3,8,2,0.25,1
4737,5,288,92,0.3194,0
4738,1,7,1,0.1429,1
4738,2,26,6,0.2308,0
4738,4,90,25,0.2778,0
4738,5,256,54,0.2109,0
4739,1,8,0,0.0,1
4739,2,102,11,0.1078,0
4739,3,9,4,0.4444,1
4739,4,19,5,0.2632,0
4739,5,239,77,0.3222,0
4740,4,27,1,0.037,0
4740,5,257,28,0.1089,0
4743,2,54,5,0.0926,0
4743,3,18,3,0.1667,0
4743,5,330,88,0.2667,0
4744,4,36,6,0.1667,0
4744,5,190,15,0.0789,0
4746,2,16,0,0.0,0
4746,3,9,1,0.1111,1
4746,4,40,10,0.25,0
4746,5,171,34,0.1988,0
4747,5,251,17,0.0677,0
4748,2,27,4,0.1481,0
4748,3,17,3,0.1765,0
4748,4,21,5,0.2381,0
4748,5,271,70,0.2583,0
4750,4,9,1,0.1111,1
4750,5,256,33,0.1289,0
4752,5,295,16,0.0542,0
4753,4,20,0,0.0,0
4753,5,166,19,0.1145,0
4754,2,43,5,0.1163,0
4754,3,8,1,0.125,1
4754,4,11,2,0.1818,0
4754,5,279,77,0.276,0
4756,5,4,0,0.0,1
4757,1,26,4,0.1538,0
4757,2,84,19,0.2262,0
4757,3,30,7,0.2333,0
4757,4,35,13,0.3714,0
4757,5,192,62,0.3229,0
4758,2,18,3,0.1667,0
4758,3,9,1,0.1111,1
4758,4,18,3,0.1667,0
4758,5,84,18,0.2143,0
4759,2,104,16,0.1538,0
4759,3,9,1,0.1111,1
4759,4,12,3,0.25,0
4759,5,203,57,0.2808,0
4760,1,57,11,0.193,0
4760,2,155,34,0.2194,0
4760,5,184,87,0.4728,0
4761,2,9,1,0.1111,1
4761,3,8,1,0.125,1
4761,4,9,0,0.0,1
4761,5,343,77,0.2245,0
4762,1,24,3,0.125,0
4762,2,60,7,0.1167,0
4762,3,23,6,0.2609,0
4762,5,231,99,0.4286,0
4764,2,9,0,0.0,1
4764,4,30,9,0.3,0
4764,5,226,40,0.177,0
4765,4,10,1,0.1,0
4765,5,240,37,0.1542,0
4766,4,9,0,0.0,1
4766,5,217,24,0.1106,0
4769,3,25,3,0.12,0
4769,4,28,6,0.2143,0
4769,5,311,85,0.2733,0
4771,2,23,2,0.087,0
4771,4,14,2,0.1429,0
4771,5,324,113,0.3488,0
4772,2,76,10,0.1316,0
4772,3,9,2,0.2222,1
4772,5,249,81,0.3253,0
4773,2,18,0,0.0,0
4773,4,81,20,0.2469,0
4773,5,279,55,0.1971,0
4775,2,7,5,0.7143,1
4775,4,28,7,0.25,0
4775,5,208,43,0.2067,0
4776,2,65,8,0.1231,0
4776,4,11,2,0.1818,0
4776,5,320,106,0.3312,0
4778,5,242,43,0.1777,0
4779,4,19,2,0.1053,0
4779,5,261,29,0.1111,0
4781,4,18,1,0.0556,0
4781,5,104,9,0.0865,0
4782,5,216,21,0.0972,0
4784,4,36,4,0.1111,0
4784,5,155,15,0.0968,0
4785,4,9,0,0.0,1
4785,5,255,16,0.0627,0
4786,2,16,1,0.0625,0
4786,4,33,11,0.3333,0
4786,5,328,99,0.3018,0
4787,1,26,5,0.1923,0
4787,2,78,15,0.1923,0
4787,3,17,1,0.0588,0
4787,4,10,3,0.3,0
4787,5,226,97,0.4292,0
4788,2,8,0,0.0,1
4788,3,17,0,0.0,0
4788,4,31,4,0.129,0
4788,5,318,61,0.1918,0
4789,3,9,1,0.1111,1
4789,4,10,2,0.2,0
4789,5,275,48,0.1745,0
4790,5,338,81,0.2396,0
4791,2,17,2,0.1176,0
4791,4,50,4,0.08,0
4791,5,234,46,0.1966,0
4792,4,16,2,0.125,0
4792,5,198,28,0.1414,0
4793,3,24,4,0.1667,0
4793,4,10,4,0.4,0
4793,5,319,83,0.2602,0
4794,2,26,4,0.1538,0
4794,3,9,2,0.2222,1
4794,5,268,85,0.3172,0
4796,2,16,3,0.1875,0
4796,4,19,6,0.3158,0
4796,5,322,90,0.2795,0
4797,2,3,1,0.3333,1
4797,3,8,1,0.125,1
4797,4,11,4,0.3636,0
4797,5,278,69,0.2482,0
4798,2,60,4,0.0667,0
4798,3,8,2,0.25,1
4798,4,10,0,0.0,0
4798,5,296,96,0.3243,0
4803,5,244,12,0.0492,0
4804,2,42,5,0.119,0
4804,3,36,6,0.1667,0
4804,4,20,3,0.15,0
4804,5,236,80,0.339,0
4808,2,17,2,0.1176,0
4808,4,31,5,0.1613,0
4808,5,308,77,0.25,0
4809,3,19,1,0.0526,0
4809,4,9,0,0.0,1
4809,5,235,45,0.1915,0
4811,4,28,3,0.1071,0
4811,5,313,39,0.1246,0
4812,2,9,0,0.0,1
4812,3,9,2,0.2222,1
4812,5,271,99,0.3653,0
4813,4,10,1,0.1,0
4813,5,248,20,0.0806,0
4815,5,226,30,0.1327,0
4816,3,42,4,0.0952,0
4816,5,260,58,0.2231,0
4817,4,19,2,0.1053,0
4817,5,262,67,0.2557,0
4818,5,84,8,0.0952,0
4819,2,8,0,0.0,1
4819,4,40,5,0.125,0
4819,5,226,45,0.1991,0
4821,4,48,12,0.25,0
4821,5,255,32,0.1255,0
4822,4,32,11,0.3438,0
4822,5,329,62,0.1884,0
4823,2,26,7,0.2692,0
4823,3,9,3,0.3333,1
4823,4,11,4,0.3636,0
4823,5,247,68,0.2753,0
4824,2,41,2,0.0488,0
4824,3,28,6,0.2143,0
4824,4,22,7,0.3182,0
4824,5,281,89,0.3167,0
4825,2,35,8,0.2286,0
4825,3,19,5,0.2632,0
4825,4,60,24,0.4,0
4825,5,199,55,0.2764,0
4826,1,16,2,0.125,0
4826,2,60,12,0.2,0
4826,3,16,5,0.3125,0
4826,4,11,4,0.3636,0
4826,5,291,109,0.3746,0
4828,2,23,0,0.0,0
4828,3,17,3,0.1765,0
4828,4,21,7,0.3333,0
4828,5,269,74,0.2751,0
4831,1,44,10,0.2273,0
4831,2,99,15,0.1515,0
4831,3,17,2,0.1176,0
4831,4,9,3,0.3333,1
4831,5,116,41,0.3534,0
4832,1,17,1,0.0588,0
4832,2,42,11,0.2619,0
4832,3,31,6,0.1935,0
4832,4,28,9,0.3214,0
4832,5,246,87,0.3537,0
4834,4,29,10,0.3448,0
4834,5,342,68,0.1988,0
4835,4,31,2,0.0645,0
4835,5,295,25,0.0847,0
4836,5,233,37,0.1588,0
4837,4,18,1,0.0556,0
4837,5,248,21,0.0847,0
4839,2,13,0,0.0,0
4839,4,10,6,0.6,0
4839,5,295,57,0.1932,0
4840,4,39,1,0.0256,0
4840,5,269,33,0.1227,0
4842,3,2,0,0.0,1
4842,4,20,2,0.1,0
4842,5,286,54,0.1888,0
4843,3,9,4,0.4444,1
4843,4,57,13,0.2281,0
4843,5,122,14,0.1148,0
4844,3,8,0,0.0,1
4844,4,38,1,0.0263,0
4844,5,270,22,0.0815,0
4845,2,36,7,0.1944,0
4845,3,18,4,0.2222,0
4845,4,87,29,0.3333,0
4845,5,148,43,0.2905,0
4846,5,266,19,0.0714,0
4847,1,60,8,0.1333,0
4847,2,80,20,0.25,0
4847,3,41,8,0.1951,0
4847,5,123,45,0.3659,0
4848,1,84,18,0.2143,0
4848,2,109,19,0.1743,0
4848,3,9,2,0.2222,1
4848,5,131,45,0.3435,0
4850,2,34,2,0.0588,0
4850,3,27,6,0.2222,0
4850,5,267,81,0.3034,0
4851,1,103,16,0.1553,0
4851,2,136,31,0.2279,0
4851,3,17,8,0.4706,0
4851,5,80,42,0.525,0
4852,2,24,5,0.2083,0
4852,3,8,0,0.0,1
4852,4,30,7,0.2333,0
4852,5,314,117,0.3726,0
4853,4,28,2,0.0714,0
4853,5,205,20,0.0976,0
4854,4,22,2,0.0909,0
4854,5,113,6,0.0531,0
4856,1,7,0,0.0,1
4856,2,113,14,0.1239,0
4856,3,53,16,0.3019,0
4856,4,49,24,0.4898,0
4856,5,194,62,0.3196,0
4857,2,33,5,0.1515,0
4857,4,29,9,0.3103,0
4857,5,246,76,0.3089,0
4861,3,4,0,0.0,1
4861,4,19,2,0.1053,0
4861,5,289,39,0.1349,0
4863,4,37,2,0.0541,0
4863,5,172,18,0.1047,0
4864,4,5,0,0.0,1
4864,5,251,28,0.1116,0
4865,3,9,0,0.0,1
4865,4,10,2,0.2,0
4865,5,154,15,0.0974,0
4866,5,246,22,0.0894,0
4871,4,37,5,0.1351,0
4871,5,223,24,0.1076,0
4872,4,27,1,0.037,0
4872,5,280,33,0.1179,0
4873,3,9,1,0.1111,1
4873,5,346,62,0.1792,0
4874,4,37,3,0.0811,0
4874,5,196,23,0.1173,0
4875,5,284,37,0.1303,0
4876,4,19,2,0.1053,0
4876,5,298,40,0.1342,0
4877,2,17,1,0.0588,0
4877,5,315,94,0.2984,0
4878,3,9,2,0.2222,1
4878,4,59,8,0.1356,0
4878,5,161,14,0.087,0
4879,5,288,32,0.1111,0
4880,4,56,1,0.0179,0
4880,5,196,23,0.1173,0
4882,4,11,3,0.2727,0
4882,5,179,12,0.067,0
4883,4,14,3,0.2143,0
4883,5,262,63,0.2405,0
4884,1,8,2,0.25,1
4884,2,25,5,0.2,0
4884,3,8,0,0.0,1
4884,4,60,9,0.15,0
4884,5,74,16,0.2162,0
4885,4,20,11,0.55,0
4885,5,158,41,0.2595,0
4886,1,24,4,0.1667,0
4886,2,106,11,0.1038,0
4886,3,18,4,0.2222,0
4886,4,10,5,0.5,0
4886,5,160,53,0.3312,0
4887,5,288,44,0.1528,0
4888,4,9,1,0.1111,1
4888,5,286,45,0.1573,0
4889,4,20,4,0.2,0
4889,5,185,32,0.173,0
4890,4,29,2,0.069,0
4890,5,289,51,0.1765,0
4891,2,18,3,0.1667,0
4891,4,58,10,0.1724,0
4891,5,207,24,0.1159,0
4892,4,19,3,0.1579,0
4892,5,253,36,0.1423,0
4893,2,8,1,0.125,1
4893,4,44,11,0.25,0
4893,5,204,26,0.1275,0
4894,4,36,6,0.1667,0
4894,5,267,24,0.0899,0
4895,3,8,0,0.0,1
4895,4,48,4,0.0833,0
4895,5,246,38,0.1545,0
4896,5,286,29,0.1014,0
4897,4,35,3,0.0857,0
4897,5,177,9,0.0508,0
4898,4,16,1,0.0625,0
4898,5,236,22,0.0932,0
4899,4,5,0,0.0,1
4899,5,259,30,0.1158,0
4900,2,16,2,0.125,0
4900,3,16,1,0.0625,0
4900,4,73,13,0.1781,0
4900,5,198,36,0.1818,0
4901,4,46,9,0.1957,0
4901,5,177,28,0.1582,0
4902,4,18,0,0.0,0
4902,5,296,41,0.1385,0
4903,2,23,3,0.1304,0
4903,3,9,2,0.2222,1
4903,4,10,4,0.4,0
4903,5,315,105,0.3333,0
4904,4,19,0,0.0,0
4904,5,324,49,0.1512,0
4905,4,17,1,0.0588,0
4905,5,248,22,0.0887,0
4906,4,39,3,0.0769,0
4906,5,281,44,0.1566,0
4907,1,16,1,0.0625,0
4907,2,105,19,0.181,0
4907,3,7,5,0.7143,1
4907,4,26,9,0.3462,0
4907,5,209,82,0.3923,0
4908,1,8,3,0.375,1
4908,2,79,14,0.1772,0
4908,3,35,11,0.3143,0
4908,5,228,86,0.3772,0
4909,4,49,10,0.2041,0
4909,5,225,32,0.1422,0
4910,2,42,5,0.119,0
4910,4,30,6,0.2,0
4910,5,276,99,0.3587,0
4911,4,10,0,0.0,0
4911,5,236,25,0.1059,0
4914,1,76,13,0.1711,0
4914,2,129,28,0.2171,0
4914,3,9,3,0.3333,1
4914,4,26,12,0.4615,0
4914,5,84,37,0.4405,0
4917,4,12,0,0.0,0
4917,5,268,26,0.097,0
4918,4,26,2,0.0769,0
4918,5,275,36,0.1309,0
4919,4,9,0,0.0,1
4919,5,211,24,0.1137,0
4924,4,56,4,0.0714,0
4924,5,244,14,0.0574,0
4925,3,33,1,0.0303,0
4925,4,19,5,0.2632,0
4925,5,294,58,0.1973,0
4926,4,30,8,0.2667,0
4926,5,240,99,0.4125,0
4927,2,17,0,0.0,0
4927,3,7,3,0.4286,1
4927,4,99,25,0.2525,0
4927,5,233,41,0.176,0
4928,2,58,10,0.1724,0
4928,3,16,3,0.1875,0
4928,5,261,92,0.3525,0
4930,2,8,0,0.0,1
4930,3,26,2,0.0769,0
4930,4,40,8,0.2,0
4930,5,274,59,0.2153,0
4931,2,17,3,0.1765,0
4931,3,10,2,0.2,0
4931,4,40,9,0.225,0
4931,5,329,92,0.2796,0
4932,1,40,6,0.15,0
4932,2,125,20,0.16,0
4932,3,25,7,0.28,0
4932,5,159,78,0.4906,0
4933,1,8,0,0.0,1
4933,2,89,13,0.1461,0
4933,3,27,4,0.1481,0
4933,4,8,0,0.0,1
4933,5,186,65,0.3495,0
4934,2,8,2,0.25,1
4934,3,9,0,0.0,1
4934,4,20,3,0.15,0
4934,5,302,56,0.1854,0
4936,2,9,1,0.1111,1
4936,4,78,21,0.2692,0
4936,5,182,40,0.2198,0
4938,2,36,6,0.1667,0
4938,3,26,2,0.0769,0
4938,4,114,39,0.3421,0
4938,5,190,62,0.3263,0
4939,1,25,4,0.16,0
4939,2,59,14,0.2373,0
4939,3,24,6,0.25,0
4939,4,18,9,0.5,0
4939,5,201,84,0.4179,0
4940,4,27,2,0.0741,0
4940,5,112,3,0.0268,0
4941,4,18,3,0.1667,0
4941,5,244,28,0.1148,0
4942,4,4,0,0.0,1
4942,5,277,48,0.1733,0
4943,4,18,1,0.0556,0
4943,5,237,28,0.1181,0
4944,5,271,24,0.0886,0
4945,4,9,0,0.0,1
4945,5,263,20,0.076,0
4947,2,8,0,0.0,1
4947,4,67,6,0.0896,0
4947,5,194,14,0.0722,0
4948,4,41,5,0.122,0
4948,5,262,43,0.1641,0
4949,2,9,0,0.0,1
4949,3,9,0,0.0,1
4949,5,334,82,0.2455,0
4950,4,11,2,0.1818,0
4950,5,327,84,0.2569,0
4951,4,14,0,0.0,0
4951,5,258,38,0.1473,0
4952,5,248,19,0.0766,0
4953,2,52,6,0.1154,0
4953,3,9,0,0.0,1
4953,4,22,6,0.2727,0
4953,5,280,99,0.3536,0
4954,5,124,9,0.0726,0
4956,5,136,11,0.0809,0
4957,4,40,8,0.2,0
4957,5,269,40,0.1487,0
4958,3,25,4,0.16,0
4958,4,19,5,0.2632,0
4958,5,330,78,0.2364,0
4959,1,16,1,0.0625,0
4959,2,120,21,0.175,0
4959,3,9,2,0.2222,1
4959,4,39,13,0.3333,0
4959,5,175,76,0.4343,0
4960,2,43,7,0.1628,0
4960,4,61,17,0.2787,0
4960,5,277,107,0.3863,0
4961,1,25,4,0.16,0
4961,2,80,10,0.125,0
4961,3,50,10,0.2,0
4961,4,57,23,0.4035,0
4961,5,135,48,0.3556,0
4962,3,8,1,0.125,1
4962,4,45,11,0.2444,0
4962,5,283,59,0.2085,0
4963,1,25,2,0.08,0
4963,2,58,9,0.1552,0
4963,3,27,4,0.1481,0
4963,4,49,12,0.2449,0
4963,5,163,57,0.3497,0
4964,2,16,1,0.0625,0
4964,4,20,4,0.2,0
4964,5,164,38,0.2317,0
4965,4,50,9,0.18,0
4965,5,181,12,0.0663,0
4966,3,11,0,0.0,0
4966,4,38,5,0.1316,0
4966,5,276,55,0.1993,0
4967,2,16,4,0.25,0
4967,3,7,1,0.1429,1
4967,4,26,2,0.0769,0
4967,5,304,80,0.2632,0
4969,4,19,2,0.1053,0
4969,5,238,25,0.105,0
4973,4,22,1,0.0455,0
4973,5,281,45,0.1601,0
4974,2,17,3,0.1765,0
4974,4,71,20,0.2817,0
4974,5,224,49,0.2188,0
4976,4,18,1,0.0556,0
4976,5,225,25,0.1111,0
4977,3,25,5,0.2,0
4977,4,31,8,0.2581,0
4977,5,255,50,0.1961,0
4978,2,3,0,0.0,1
4978,4,15,1,0.0667,0
4978,5,318,37,0.1164,0
4979,4,10,3,0.3,0
4979,5,296,45,0.152,0
4980,1,17,8,0.4706,0
4980,2,140,34,0.2429,0
4980,3,23,5,0.2174,0
4980,4,20,4,0.2,0
4980,5,157,54,0.3439,0
4981,4,42,5,0.119,0
4981,5,255,35,0.1373,0
4982,4,27,4,0.1481,0
4982,5,219,23,0.105,0
4983,2,25,3,0.12,0
4983,3,9,2,0.2222,1
4983,4,38,10,0.2632,0
4983,5,309,109,0.3528,0
4984,3,9,1,0.1111,1
4984,4,36,4,0.1111,0
4984,5,211,28,0.1327,0
4985,2,53,11,0.2075,0
4985,3,18,6,0.3333,0
4985,4,19,2,0.1053,0
4985,5,275,87,0.3164,0
4987,4,45,5,0.1111,0
4987,5,208,13,0.0625,0
4988,5,281,37,0.1317,0
4989,2,8,0,0.0,1
4989,3,34,5,0.1471,0
4989,4,18,3,0.1667,0
4989,5,249,61,0.245,0
4990,4,52,2,0.0385,0
4990,5,84,3,0.0357,0
4991,2,8,1,0.125,1
4991,3,28,4,0.1429,0
4991,4,19,3,0.1579,0
4991,5,263,58,0.2205,0
4992,4,19,0,0.0,0
4992,5,273,44,0.1612,0
4994,2,16,1,0.0625,0
4994,4,125,20,0.16,0
4994,5,200,49,0.245,0
4995,5,292,32,0.1096,0
4997,4,18,0,0.0,0
4997,5,131,9,0.0687,0
4998,4,9,2,0.2222,1
4998,5,91,10,0.1099,0
5000,4,35,2,0.0571,0
5000,5,249,32,0.1285,0
5002,2,8,0,0.0,1
5002,3,8,0,0.0,1
5002,4,30,4,0.1333,0
5002,5,291,70,0.2405,0
5003,4,54,11,0.2037,0
5003,5,253,32,0.1265,0
5004,4,25,4,0.16,0
5004,5,290,45,0.1552,0
5005,4,38,3,0.0789,0
5005,5,264,54,0.2045,0
5006,5,268,20,0.0746,0
5007,4,6,0,0.0,1
5007,5,265,29,0.1094,0
5008,4,20,1,0.05,0
5008,5,251,28,0.1116,0
5009,4,23,4,0.1739,0
5009,5,259,45,0.1737,0
5010,4,29,3,0.1034,0
5010,5,314,59,0.1879,0
5011,5,262,18,0.0687,0
5012,4,33,0,0.0,0
5012,5,276,46,0.1667,0
5013,2,10,1,0.1,0
5013,3,8,0,0.0,1
5013,4,47,9,0.1915,0
5013,5,232,58,0.25,0
5014,4,18,1,0.0556,0
5014,5,234,23,0.0983,0
5015,2,57,14,0.2456,0
5015,4,19,6,0.3158,0
5015,5,276,85,0.308,0
5016,2,52,9,0.1731,0
5016,4,29,6,0.2069,0
5016,5,252,88,0.3492,0
5017,2,104,19,0.1827,0
5017,3,35,9,0.2571,0
5017,4,16,6,0.375,0
5017,5,197,73,0.3706,0
5018,2,36,10,0.2778,0
5018,4,41,7,0.1707,0
5018,5,352,109,0.3097,0
5019,3,8,0,0.0,1
5019,4,38,2,0.0526,0
5019,5,172,22,0.1279,0
5020,4,20,6,0.3,0
5020,5,235,31,0.1319,0
5022,5,251,18,0.0717,0
5023,4,36,1,0.0278,0
5023,5,261,48,0.1839,0
5026,2,37,1,0.027,0
5026,3,9,1,0.1111,1
5026,4,7,0,0.0,1
5026,5,293,95,0.3242,0
5027,2,3,0,0.0,1
5027,4,35,3,0.0857,0
5027,5,222,22,0.0991,0
5028,2,42,6,0.1429,0
5028,4,20,6,0.3,0
5028,5,299,104,0.3478,0
5029,2,8,1,0.125,1
5029,3,44,9,0.2045,0
5029,4,54,15,0.2778,0
5029,5,246,72,0.2927,0
5031,4,9,0,0.0,1
5031,5,237,24,0.1013,0
5032,4,38,4,0.1053,0
5032,5,274,47,0.1715,0
5033,4,10,1,0.1,0
5033,5,245,20,0.0816,0
5034,2,59,13,0.2203,0
5034,3,9,2,0.2222,1
5034,4,17,4,0.2353,0
5034,5,333,107,0.3213,0
5035,4,20,4,0.2,0
5035,5,301,49,0.1628,0
5036,4,57,3,0.0526,0
5036,5,257,37,0.144,0
5037,4,10,2,0.2,0
5037,5,237,40,0.1688,0
5038,3,34,4,0.1176,0
5038,4,28,5,0.1786,0
5038,5,265,72,0.2717,0
5039,4,42,4,0.0952,0
5039,5,230,29,0.1261,0
5041,4,21,7,0.3333,0
5041,5,240,33,0.1375,0
5042,2,82,15,0.1829,0
5042,3,17,2,0.1176,0
5042,4,19,3,0.1579,0
5042,5,229,81,0.3537,0
5043,1,23,5,0.2174,0
5043,2,97,10,0.1031,0
5043,3,25,8,0.32,0
5043,4,26,8,0.3077,0
5043,5,203,79,0.3892,0
5044,4,19,3,0.1579,0
5044,5,269,43,0.1599,0
5045,2,17,3,0.1765,0
5045,3,8,2,0.25,1
5045,4,51,9,0.1765,0
5045,5,255,47,0.1843,0
5046,5,271,18,0.0664,0
5047,4,37,7,0.1892,0
5047,5,235,35,0.1489,0
5048,4,16,0,0.0,0
5048,5,252,30,0.119,0
5049,4,11,2,0.1818,0
5049,5,264,57,0.2159,0
5050,3,8,0,0.0,1
5050,4,15,3,0.2,0
5050,5,268,66,0.2463,0
5051,2,59,8,0.1356,0
5051,3,9,0,0.0,1
5051,4,19,6,0.3158,0
5051,5,246,74,0.3008,0
5052,4,26,3,0.1154,0
5052,5,108,11,0.1019,0
5053,4,36,3,0.0833,0
5053,5,234,28,0.1197,0
5054,3,9,0,0.0,1
5054,4,8,2,0.25,1
5054,5,258,61,0.2364,0
5055,3,19,2,0.1053,0
5055,4,19,0,0.0,0
5055,5,303,73,0.2409,0
5056,4,10,3,0.3,0
5056,5,24,2,0.0833,0
5057,2,8,0,0.0,1
5057,4,15,3,0.2,0
5057,5,251,52,0.2072,0
5058,2,54,8,0.1481,0
5058,3,25,4,0.16,0
5058,4,18,6,0.3333,0
5058,5,289,105,0.3633,0
5059,5,9,0,0.0,1
5060,3,18,1,0.0556,0
5060,4,17,2,0.1176,0
5060,5,276,51,0.1848,0
5061,5,207,15,0.0725,0
5063,4,9,0,0.0,1
5063,5,249,28,0.1124,0
5064,3,42,6,0.1429,0
5064,4,10,2,0.2,0
5064,5,271,56,0.2066,0
5065,4,27,6,0.2222,0
5065,5,235,38,0.1617,0
5066,4,39,11,0.2821,0
5066,5,293,71,0.2423,0
5067,4,10,1,0.1,0
5067,5,269,38,0.1413,0
5068,1,17,6,0.3529,0
5068,2,56,11,0.1964,0
5068,4,18,4,0.2222,0
5068,5,261,113,0.433,0
5069,4,78,16,0.2051,0
5069,5,166,20,0.1205,0
5070,4,18,2,0.1111,0
5070,5,230,21,0.0913,0
5071,4,24,1,0.0417,0
5071,5,230,28,0.1217,0
5072,4,9,1,0.1111,1
5072,5,64,2,0.0312,0
5073,3,8,0,0.0,1
5073,4,20,1,0.05,0
5073,5,287,46,0.1603,0
5074,4,2,0,0.0,1
5074,5,270,29,0.1074,0
5075,2,9,1,0.1111,1
5075,3,27,4,0.1481,0
5075,4,38,8,0.2105,0
5075,5,304,67,0.2204,0
5076,4,29,1,0.0345,0
5076,5,258,46,0.1783,0
5077,5,169,10,0.0592,0
5078,4,29,3,0.1034,0
5078,5,234,21,0.0897,0
5079,4,29,7,0.2414,0
5079,5,244,28,0.1148,0
5081,4,10,0,0.0,0
5081,5,294,58,0.1973,0
5082,4,38,0,0.0,0
5082,5,291,39,0.134,0
5083,4,45,4,0.0889,0
5083,5,187,27,0.1444,0
5084,1,46,11,0.2391,0
5084,2,154,33,0.2143,0
5084,5,89,40,0.4494,0
5085,4,10,2,0.2,0
5085,5,308,39,0.1266,0
5086,5,256,36,0.1406,0
5087,2,9,3,0.3333,1
5087,3,33,9,0.2727,0
5087,4,29,5,0.1724,0
5087,5,270,73,0.2704,0
5088,1,15,1,0.0667,0
5088,2,66,11,0.1667,0
5088,3,17,3,0.1765,0
5088,4,85,32,0.3765,0
5088,5,218,85,0.3899,0
5089,2,17,3,0.1765,0
5089,4,18,7,0.3889,0
5089,5,296,83,0.2804,0
5090,4,18,0,0.0,0
5090,5,260,50,0.1923,0
5091,4,40,9,0.225,0
5091,5,187,44,0.2353,0
5092,3,16,1,0.0625,0
5092,4,47,10,0.2128,0
5092,5,238,65,0.2731,0
5093,4,9,2,0.2222,1
5093,5,295,41,0.139,0
5095,3,9,0,0.0,1
5095,4,20,4,0.2,0
5095,5,247,56,0.2267,0
5096,3,59,5,0.0847,0
5096,4,40,8,0.2,0
5096,5,247,58,0.2348,0
5098,4,19,4,0.2105,0
5098,5,274,35,0.1277,0
5100,5,229,23,0.1004,0
5101,5,191,4,0.0209,0
5102,4,8,0,0.0,1
5102,5,284,39,0.1373,0
5103,5,214,15,0.0701,0
5104,3,9,1,0.1111,1
5104,4,9,3,0.3333,1
5104,5,251,67,0.2669,0
5105,4,18,1,0.0556,0
5105,5,267,22,0.0824,0
5106,4,17,2,0.1176,0
5106,5,277,41,0.148,0
5107,4,19,1,0.0526,0
5107,5,209,27,0.1292,0
5108,4,26,1,0.0385,0
5108,5,82,2,0.0244,0
5109,4,45,4,0.0889,0
5109,5,275,29,0.1055,0
5110,3,10,0,0.0,0
5110,4,35,3,0.0857,0
5110,5,257,39,0.1518,0
5111,3,9,0,0.0,1
5111,4,17,0,0.0,0
5111,5,231,46,0.1991,0
5112,1,9,1,0.1111,1
5112,2,49,10,0.2041,0
5112,3,8,4,0.5,1
5112,4,13,3,0.2308,0
5112,5,284,83,0.2923,0
5113,4,7,2,0.2857,1
5113,5,125,5,0.04,0
5114,4,27,3,0.1111,0
5114,5,359,74,0.2061,0
5115,4,21,3,0.1429,0
5115,5,238,48,0.2017,0
5117,4,45,6,0.1333,0
5117,5,141,13,0.0922,0
5118,3,9,2,0.2222,1
5118,4,50,6,0.12,0
5118,5,149,17,0.1141,0
5120,4,39,6,0.1538,0
5120,5,209,23,0.11,0
5121,1,58,16,0.2759,0
5121,2,127,26,0.2047,0
5121,3,8,4,0.5,1
5121,4,28,9,0.3214,0
5121,5,105,39,0.3714,0
5122,5,164,18,0.1098,0
5123,4,72,11,0.1528,0
5123,5,206,14,0.068,0
5124,5,189,12,0.0635,0
5125,2,8,2,0.25,1
5125,4,16,0,0.0,0
5125,5,291,65,0.2234,0
5126,2,26,2,0.0769,0
5126,4,28,8,0.2857,0
5126,5,302,96,0.3179,0
5127,5,285,22,0.0772,0
5128,5,198,16,0.0808,0
5129,2,25,5,0.2,0
5129,3,16,2,0.125,0
5129,4,47,13,0.2766,0
5129,5,205,35,0.1707,0
5130,5,308,23,0.0747,0
5131,5,267,12,0.0449,0
5132,2,25,3,0.12,0
5132,4,30,9,0.3,0
5132,5,346,104,0.3006,0
5133,4,23,3,0.1304,0
5133,5,244,35,0.1434,0
5134,3,9,2,0.2222,1
5134,4,19,3,0.1579,0
5134,5,302,57,0.1887,0
5135,4,28,3,0.1071,0
5135,5,258,51,0.1977,0
5136,2,33,2,0.0606,0
5136,3,17,2,0.1176,0
5136,4,26,4,0.1538,0
5136,5,302,84,0.2781,0
5137,4,9,1,0.1111,1
5137,5,258,39,0.1512,0
5138,5,185,9,0.0486,0
5139,3,9,0,0.0,1
5139,4,16,7,0.4375,0
5139,5,299,74,0.2475,0
5140,4,49,6,0.1224,0
5140,5,188,13,0.0691,0
5141,2,9,1,0.1111,1
5141,3,18,2,0.1111,0
5141,4,8,2,0.25,1
5141,5,290,82,0.2828,0
5142,1,16,1,0.0625,0
5142,2,66,11,0.1667,0
5142,3,26,8,0.3077,0
5142,4,17,8,0.4706,0
5142,5,259,98,0.3784,0
5143,5,301,16,0.0532,0
5144,4,39,5,0.1282,0
5144,5,244,24,0.0984,0
5145,3,27,6,0.2222,0
5145,4,29,5,0.1724,0
5145,5,314,83,0.2643,0
5146,3,16,0,0.0,0
5146,4,72,13,0.1806,0
5146,5,169,26,0.1538,0
5147,4,9,0,0.0,1
5147,5,176,14,0.0795,0
5148,4,19,2,0.1053,0
5148,5,187,23,0.123,0
5150,4,21,4,0.1905,0
5150,5,279,71,0.2545,0
5151,4,107,7,0.0654,0
5151,5,170,9,0.0529,0
5152,5,227,7,0.0308,0
5153,4,52,0,0.0,0
5153,5,240,13,0.0542,0
5154,5,294,33,0.1122,0
5155,2,8,2,0.25,1
5155,3,8,1,0.125,1
5155,4,41,6,0.1463,0
5155,5,250,52,0.208,0
5156,4,55,7,0.1273,0
5156,5,184,28,0.1522,0
5157,4,19,2,0.1053,0
5157,5,279,39,0.1398,0
5158,3,8,0,0.0,1
5158,4,27,6,0.2222,0
5158,5,297,92,0.3098,0
5160,2,3,0,0.0,1
5160,4,9,0,0.0,1
5160,5,336,68,0.2024,0
5161,2,8,2,0.25,1
5161,3,9,0,0.0,1
5161,4,28,4,0.1429,0
5161,5,263,56,0.2129,0
5162,4,9,0,0.0,1
5162,5,96,3,0.0312,0
5163,1,18,3,0.1667,0
5163,2,28,5,0.1786,0
5163,3,17,2,0.1176,0
5163,4,73,23,0.3151,0
5163,5,159,44,0.2767,0
5164,4,35,0,0.0,0
5164,5,103,3,0.0291,0
5165,4,39,6,0.1538,0
5165,5,243,23,0.0947,0
5166,3,9,2,0.2222,1
5166,4,19,3,0.1579,0
5166,5,291,65,0.2234,0
5167,4,5,0,0.0,1
5167,5,249,30,0.1205,0
5169,5,173,10,0.0578,0
5170,4,19,2,0.1053,0
5170,5,235,30,0.1277,0
5171,4,18,0,0.0,0
5171,5,55,6,0.1091,0
5172,4,30,2,0.0667,0
5172,5,259,37,0.1429,0
5173,3,8,1,0.125,1
5173,4,37,6,0.1622,0
5173,5,225,36,0.16,0
5174,1,9,1,0.1111,1
5174,2,8,0,0.0,1
5174,3,8,3,0.375,1
5174,4,6,0,0.0,1
5174,5,128,24,0.1875,0
5175,5,190,20,0.1053,0
5176,5,138,7,0.0507,0
5177,2,3,0,0.0,1
5177,5,311,18,0.0579,0
5178,4,10,0,0.0,0
5178,5,319,24,0.0752,0
5179,5,221,31,0.1403,0
5180,4,36,7,0.1944,0
5180,5,114,8,0.0702,0
5181,4,17,2,0.1176,0
5181,5,253,32,0.1265,0
5182,3,8,0,0.0,1
5182,4,39,5,0.1282,0
5182,5,221,32,0.1448,0
5183,5,290,26,0.0897,0
5184,4,30,1,0.0333,0
5184,5,91,8,0.0879,0
5185,4,9,0,0.0,1
5185,5,275,46,0.1673,0
5186,5,245,22,0.0898,0
5187,4,9,0,0.0,1
5187,5,205,9,0.0439,0
5188,2,26,2,0.0769,0
5188,3,18,3,0.1667,0
5188,4,95,23,0.2421,0
5188,5,209,49,0.2344,0
5189,2,16,3,0.1875,0
5189,4,76,11,0.1447,0
5189,5,232,33,0.1422,0
5190,5,260,26,0.1,0
5191,2,68,12,0.1765,0
5191,3,19,4,0.2105,0
5191,4,14,3,0.2143,0
5191,5,281,94,0.3345,0
5192,4,26,5,0.1923,0
5192,5,206,35,0.1699,0
5193,1,9,1,0.1111,1
5193,2,36,11,0.3056,0
5193,3,25,3,0.12,0
5193,4,78,21,0.2692,0
5193,5,195,58,0.2974,0
5194,3,7,0,0.0,1
5194,4,47,7,0.1489,0
5194,5,193,23,0.1192,0
5195,3,9,0,0.0,1
5195,4,55,6,0.1091,0
5195,5,201,42,0.209,0
5196,1,8,0,0.0,1
5196,2,25,6,0.24,0
5196,4,8,0,0.0,1
5196,5,269,83,0.3086,0
5197,2,16,0,0.0,0
5197,4,22,4,0.1818,0
5197,5,175,47,0.2686,0
5198,4,47,2,0.0426,0
5198,5,195,25,0.1282,0
5199,2,9,1,0.1111,1
5199,4,27,3,0.1111,0
5199,5,220,38,0.1727,0
5200,4,26,0,0.0,0
5200,5,108,1,0.0093,0
5201,3,7,0,0.0,1
5201,5,170,17,0.1,0
5203,3,17,1,0.0588,0
5203,4,26,4,0.1538,0
5203,5,232,29,0.125,0
5204,4,18,3,0.1667,0
5204,5,107,8,0.0748,0
5205,2,33,5,0.1515,0
5205,3,17,1,0.0588,0
5205,4,37,8,0.2162,0
5205,5,229,43,0.1878,0
5206,3,8,0,0.0,1
5206,4,9,0,0.0,1
5206,5,230,21,0.0913,0
5207,4,19,1,0.0526,0
5207,5,236,34,0.1441,0
5208,5,268,24,0.0896,0
5209,5,190,4,0.0211,0
5210,4,9,1,0.1111,1
5210,5,253,38,0.1502,0
5211,5,260,7,0.0269,0
5212,4,31,4,0.129,0
5212,5,295,58,0.1966,0
5213,2,9,0,0.0,1
5213,3,8,0,0.0,1
5213,4,67,12,0.1791,0
5213,5,230,39,0.1696,0
5214,4,16,4,0.25,0
5214,5,277,33,0.1191,0
5215,5,18,2,0.1111,0
5216,4,38,5,0.1316,0
5216,5,353,90,0.255,0
5217,1,7,0,0.0,1
5217,2,74,11,0.1486,0
5217,3,8,0,0.0,1
5217,4,24,4,0.1667,0
5217,5,204,59,0.2892,0
5218,2,18,4,0.2222,0
5218,3,16,6,0.375,0
5218,4,48,12,0.25,0
5218,5,230,52,0.2261,0
5219,4,9,0,0.0,1
5219,5,214,39,0.1822,0
5220,2,17,2,0.1176,0
5220,3,9,0,0.0,1
5220,4,24,6,0.25,0
5220,5,321,95,0.296,0
5221,2,36,8,0.2222,0
5221,4,9,1,0.1111,1
5221,5,312,92,0.2949,0
5222,3,11,2,0.1818,0
5222,4,28,3,0.1071,0
5222,5,317,74,0.2334,0
5223,3,3,0,0.0,1
5223,4,10,2,0.2,0
5223,5,315,35,0.1111,0
5224,1,24,2,0.0833,0
5224,2,93,19,0.2043,0
5224,3,35,8,0.2286,0
5224,4,22,7,0.3182,0
5224,5,174,56,0.3218,0
5226,2,8,0,0.0,1
5226,3,9,0,0.0,1
5226,4,19,3,0.1579,0
5226,5,233,62,0.2661,0
5227,5,54,3,0.0556,0
5228,5,225,52,0.2311,0
5229,3,8,1,0.125,1
5229,4,28,8,0.2857,0
5229,5,315,60,0.1905,0
5230,4,40,8,0.2,0
5230,5,202,19,0.0941,0
5231,4,20,5,0.25,0
5231,5,230,40,0.1739,0
5232,4,20,2,0.1,0
5232,5,255,33,0.1294,0
5234,4,28,5,0.1786,0
5234,5,325,89,0.2738,0
5235,5,173,10,0.0578,0
5236,4,9,1,0.1111,1
5236,5,310,16,0.0516,0
5237,5,205,20,0.0976,0
5238,3,9,0,0.0,1
5238,4,31,8,0.2581,0
5238,5,285,73,0.2561,0
5239,3,3,0,0.0,1
5239,4,29,2,0.069,0
5239,5,260,41,0.1577,0
5240,4,6,0,0.0,1
5240,5,254,24,0.0945,0
5241,3,16,1,0.0625,0
5241,4,36,2,0.0556,0
5241,5,190,20,0.1053,0
5242,5,251,15,0.0598,0
5243,3,9,0,0.0,1
5243,4,17,5,0.2941,0
5243,5,277,54,0.1949,0
5244,5,253,17,0.0672,0
5245,5,258,35,0.1357,0
5246,4,17,4,0.2353,0
5246,5,262,37,0.1412,0
5247,5,298,16,0.0537,0
5248,4,29,5,0.1724,0
5248,5,224,16,0.0714,0
5249,4,12,1,0.0833,0
5249,5,272,33,0.1213,0
5250,4,57,8,0.1404,0
5250,5,192,12,0.0625,0
5251,4,40,0,0.0,0
5251,5,104,1,0.0096,0
5252,4,15,2,0.1333,0
5252,5,306,65,0.2124,0
5253,5,187,20,0.107,0
5254,4,27,2,0.0741,0
5254,5,186,9,0.0484,0
5255,3,17,4,0.2353,0
5255,4,30,9,0.3,0
5255,5,293,74,0.2526,0
5256,2,31,5,0.1613,0
5256,3,9,1,0.1111,1
5256,4,22,9,0.4091,0
5256,5,291,85,0.2921,0
5257,2,26,4,0.1538,0
5257,3,9,1,0.1111,1
5257,4,28,7,0.25,0
5257,5,334,95,0.2844,0
5258,5,253,29,0.1146,0
5259,5,213,10,0.0469,0
5261,5,243,25,0.1029,0
5262,5,244,12,0.0492,0
5263,5,268,17,0.0634,0
5264,2,9,0,0.0,1
5264,3,16,2,0.125,0
5264,4,81,8,0.0988,0
5264,5,197,21,0.1066,0
5265,4,44,3,0.0682,0
5265,5,237,18,0.0759,0
5266,4,9,0,0.0,1
5266,5,263,24,0.0913,0
5267,1,8,2,0.25,1
5267,2,79,21,0.2658,0
5267,3,19,3,0.1579,0
5267,4,9,3,0.3333,1
5267,5,245,92,0.3755,0
5268,5,227,11,0.0485,0
5269,4,9,2,0.2222,1
5269,5,300,82,0.2733,0
5270,5,260,23,0.0885,0
5271,5,236,16,0.0678,0
5272,4,67,11,0.1642,0
5272,5,186,19,0.1022,0
5273,5,299,34,0.1137,0
5274,5,233,42,0.1803,0
5275,4,18,8,0.4444,0
5275,5,308,82,0.2662,0
5276,4,37,5,0.1351,0
5276,5,272,32,0.1176,0
5277,2,8,1,0.125,1
5277,4,57,11,0.193,0
5277,5,226,28,0.1239,0
5278,2,17,2,0.1176,0
5278,4,9,2,0.2222,1
5278,5,311,116,0.373,0
5279,4,18,0,0.0,0
5279,5,265,57,0.2151,0
5280,3,16,3,0.1875,0
5280,4,38,6,0.1579,0
5280,5,308,88,0.2857,0
5281,1,8,0,0.0,1
5281,2,42,6,0.1429,0
5281,3,17,4,0.2353,0
5281,4,42,13,0.3095,0
5281,5,176,52,0.2955,0
5282,5,308,41,0.1331,0
5283,4,35,1,0.0286,0
5283,5,137,7,0.0511,0
5284,5,214,12,0.0561,0
5285,5,282,13,0.0461,0
5286,4,8,0,0.0,1
5286,5,296,33,0.1115,0
5287,4,40,3,0.075,0
5287,5,189,7,0.037,0
5288,5,254,18,0.0709,0
5289,4,48,10,0.2083,0
5289,5,266,37,0.1391,0
5290,5,229,12,0.0524,0
5291,4,55,0,0.0,0
5291,5,236,11,0.0466,0
5292,5,286,19,0.0664,0
5293,5,195,5,0.0256,0
5294,5,284,24,0.0845,0
5295,3,15,3,0.2,0
5295,4,27,2,0.0741,0
5295,5,187,19,0.1016,0
5296,4,49,10,0.2041,0
5296,5,222,20,0.0901,0
5297,4,37,4,0.1081,0
5297,5,231,8,0.0346,0
5298,2,9,2,0.2222,1
5298,4,40,8,0.2,0
5298,5,308,93,0.3019,0
5299,4,18,5,0.2778,0
5299,5,279,48,0.172,0
5300,5,233,6,0.0258,0
5301,4,10,2,0.2,0
5301,5,298,42,0.1409,0
5302,5,226,12,0.0531,0
5303,3,5,0,0.0,1
5303,4,19,2,0.1053,0
5303,5,277,42,0.1516,0
5304,5,177,3,0.0169,0
5305,4,36,2,0.0556,0
5305,5,166,2,0.012,0
5306,4,43,3,0.0698,0
5306,5,194,2,0.0103,0
5307,4,10,1,0.1,0
5307,5,274,32,0.1168,0
5308,5,293,19,0.0648,0
5309,5,224,8,0.0357,0
5310,3,3,0,0.0,1
5310,5,216,13,0.0602,0
5311,4,10,2,0.2,0
5311,5,288,44,0.1528,0
5312,5,261,16,0.0613,0
5313,5,248,17,0.0685,0
5314,4,27,0,0.0,0
5314,5,194,7,0.0361,0
5315,4,2,0,0.0,1
5315,5,226,8,0.0354,0
5316,5,285,29,0.1018,0
5317,4,19,4,0.2105,0
5317,5,299,21,0.0702,0
5318,5,256,10,0.0391,0
5319,5,225,38,0.1689,0
5320,4,51,1,0.0196,0
5320,5,190,8,0.0421,0
5321,5,225,31,0.1378,0
5322,4,43,0,0.0,0
5322,5,196,11,0.0561,0
5323,5,221,22,0.0995,0
5324,4,34,1,0.0294,0
5324,5,156,4,0.0256,0
5325,5,299,29,0.097,0
5326,4,27,6,0.2222,0
5326,5,304,24,0.0789,0
5327,4,54,0,0.0,0
5327,5,160,0,0.0,0
5328,5,235,16,0.0681,0
5329,5,246,27,0.1098,0
5330,2,3,0,0.0,1
5330,3,9,1,0.1111,1
5330,4,11,1,0.0909,0
5330,5,318,89,0.2799,0
5331,5,243,37,0.1523,0
5332,4,9,0,0.0,1
5332,5,280,20,0.0714,0
5333,5,222,23,0.1036,0
5334,4,56,0,0.0,0
5334,5,206,9,0.0437,0
5335,4,54,2,0.037,0
5335,5,207,9,0.0435,0
5336,5,222,7,0.0315,0
5337,5,271,12,0.0443,0
5338,5,263,17,0.0646,0
5339,5,258,34,0.1318,0
5340,4,72,3,0.0417,0
5340,5,232,12,0.0517,0
5341,5,212,5,0.0236,0
5342,4,35,0,0.0,0
5342,5,173,2,0.0116,0
5343,5,278,6,0.0216,0
5344,4,2,0,0.0,1
5344,5,268,28,0.1045,0
5345,5,256,8,0.0312,0
5346,4,54,2,0.037,0
5346,5,173,1,0.0058,0
5347,4,34,0,0.0,0
5347,5,170,0,0.0,0
5348,5,221,19,0.086,0
5349,5,219,1,0.0046,0
5350,5,272,25,0.0919,0
5351,5,288,24,0.0833,0
5352,5,289,32,0.1107,0
5353,5,220,7,0.0318,0
5354,5,250,12,0.048,0
5355,5,216,5,0.0231,0
5356,5,243,32,0.1317,0
5357,4,30,0,0.0,0
5357,5,199,0,0.0,0
5358,4,9,0,0.0,1
5358,5,178,1,0.0056,0
5359,5,250,28,0.112,0
5360,4,71,3,0.0423,0
5360,5,155,3,0.0194,0
5361,4,15,0,0.0,0
5361,5,191,2,0.0105,0
5362,4,34,2,0.0588,0
5362,5,182,2,0.011,0
5363,5,139,1,0.0072,0
5364,5,244,2,0.0082,0
5365,4,27,0,0.0,0
5365,5,190,4,0.0211,0
5366,5,198,1,0.0051,0
5367,4,27,2,0.0741,0
5367,5,161,0,0.0,0
5368,4,9,3,0.3333,1
5368,5,225,33,0.1467,0
5369,5,234,11,0.047,0
5370,4,15,0,0.0,0
5370,5,178,0,0.0,0
5371,5,213,2,0.0094,0
5372,5,201,2,0.01,0
5373,4,9,0,0.0,1
5373,5,158,1,0.0063,0
5374,5,228,2,0.0088,0
5375,4,4,0,0.0,1
5375,5,238,1,0.0042,0
5376,4,10,2,0.2,0
5376,5,264,32,0.1212,0
5377,5,227,17,0.0749,0
5378,4,2,0,0.0,1
5378,5,215,1,0.0047,0
5379,5,221,4,0.0181,0
5380,4,42,0,0.0,0
5380,5,166,0,0.0,0
5381,5,221,9,0.0407,0
5382,4,11,0,0.0,0
5382,5,229,3,0.0131,0
5383,5,237,2,0.0084,0
5384,5,220,4,0.0182,0
5385,5,221,2,0.009,0
5386,5,260,10,0.0385,0
5387,4,14,0,0.0,0
5387,5,180,0,0.0,0
5388,4,4,0,0.0,1
5388,5,227,12,0.0529,0
5389,4,18,0,0.0,0
5389,5,245,2,0.0082,0
5390,4,9,0,0.0,1
5390,5,184,2,0.0109,0
5391,4,35,0,0.0,0
5391,5,158,0,0.0,0
5392,5,225,0,0.0,0
5393,5,207,0,0.0,0
5394,5,249,5,0.0201,0
5395,5,195,6,0.0308,0
5396,5,209,1,0.0048,0
5397,4,47,0,0.0,0
5397,5,153,0,0.0,0
5398,3,3,0,0.0,1
5398,5,272,10,0.0368,0
5399,4,9,0,0.0,1
5399,5,175,0,0.0,0
5400,5,219,2,0.0091,0
5401,5,136,2,0.0147,0
5402,5,168,0,0.0,0
5403,5,199,1,0.005,0
5404,4,4,0,0.0,1
5404,5,227,2,0.0088,0
5405,5,215,3,0.014,0
5406,4,18,0,0.0,0
5406,5,197,0,0.0,0
5407,4,2,0,0.0,1
5407,5,202,2,0.0099,0
5408,5,105,0,0.0,0
5409,5,199,4,0.0201,0
5410,4,9,0,0.0,1
5410,5,160,1,0.0063,0
5411,5,201,1,0.005,0
5412,4,34,0,0.0,0
5412,5,176,1,0.0057,0
5413,4,18,0,0.0,0
5413,5,179,1,0.0056,0
5414,5,62,0,0.0,0
5415,4,9,0,0.0,1
5415,5,158,0,0.0,0
5416,4,18,1,0.0556,0
5416,5,185,5,0.027,0
5417,5,203,5,0.0246,0
5418,4,17,0,0.0,0
5418,5,173,0,0.0,0
5419,5,214,0,0.0,0
5420,5,190,0,0.0,0
5421,5,107,0,0.0,0
5422,5,96,0,0.0,0
5423,5,101,0,0.0,0
5424,5,105,2,0.019,0
5425,5,118,0,0.0,0
5426,5,134,0,0.0,0
5427,4,2,0,0.0,1
5427,5,167,1,0.006,0
5428,4,16,0,0.0,0
5428,5,94,0,0.0,0
5429,5,114,0,0.0,0
5430,5,109,0,0.0,0
5431,5,109,0,0.0,0
5432,5,148,3,0.0203,0
5433,5,129,0,0.0,0
5434,5,153,3,0.0196,0
5435,5,111,0,0.0,0
5436,4,18,0,0.0,0
5436,5,118,0,0.0,0
5437,4,8,0,0.0,1
5437,5,82,0,0.0,0
5438,5,124,0,0.0,0
5439,4,9,0,0.0,1
5439,5,125,1,0.008,0
5440,4,8,0,0.0,1
5440,5,112,0,0.0,0
5441,5,144,6,0.0417,0
5442,4,25,0,0.0,0
5442,5,93,0,0.0,0
5443,5,115,0,0.0,0
5444,4,8,0,0.0,1
5444,5,113,0,0.0,0
5445,5,48,0,0.0,0
5446,5,43,0,0.0,0
5447,5,53,0,0.0,0
5448,5,55,0,0.0,0
5449,5,45,1,0.0222,0
5450,5,55,1,0.0182,0
5451,5,36,0,0.0,0
5452,5,51,0,0.0,0
5453,5,60,1,0.0167,0
5454,5,59,0,0.0,0
5455,5,65,0,0.0,0
5456,5,64,0,0.0,0
5457,5,63,0,0.0,0
5458,5,57,1,0.0175,0
5459,5,45,0,0.0,0
5460,5,75,1,0.0133,0
5461,5,47,0,0.0,0
5462,5,48,0,0.0,0
5463,5,54,0,0.0,0
5464,5,46,0,0.0,0
5465,5,41,0,0.0,0
5466,5,48,0,0.0,0
5467,5,56,1,0.0179,0
5468,5,58,0,0.0,0
5469,5,57,0,0.0,0
5470,5,48,0,0.0,0
5471,5,69,0,0.0,0
5472,5,47,0,0.0,0
