racer_number,racer_name,races,wins,win_rate
3557,太田 和美,442,99,0.224
4324,海野 康志郎,429,145,0.338
5018,竹下 大樹,427,126,0.2951
3554,仲口 博崇,420,113,0.269
5034,若林 義人,418,126,0.3014
4512,高野 哲史,417,131,0.3141
3946,赤岩 善生,416,119,0.2861
4199,北川 潤二,415,102,0.2458
4856,豊田 健士郎,414,115,0.2778
4286,平田 さやか,410,65,0.1585
3489,大場 敏,407,75,0.1843
3612,馬袋 義則,406,96,0.2365
4713,白神 優,403,104,0.2581
4000,松本 博昭,403,84,0.2084
3251,平石 和男,401,71,0.1771
3940,飯山 泰,401,100,0.2494
5088,高憧 四季,401,132,0.3292
4743,木村 仁紀,400,95,0.2375
4704,河野 大,398,104,0.2613
5132,中野 希一,397,115,0.2897
4604,岩瀬 裕亮,397,111,0.2796
5257,西丸 侑太朗,397,107,0.2695
3744,徳増 秀樹,396,122,0.3081
3966,作間 章,396,106,0.2677
4424,松尾 昂明,395,85,0.2152
4189,川上 剛,395,94,0.238
4776,竹田 和哉,395,116,0.2937
4931,木谷 賢太,395,106,0.2684
4471,新田 泰章,394,123,0.3122
4640,山ノ内 雅人,394,77,0.1954
4084,杉山 正樹,394,103,0.2614
4055,吉田 俊彦,394,93,0.236
4760,山崎 郡,394,131,0.3325
3711,江本 真治,393,74,0.1883
4278,藤岡 俊介,393,127,0.3232
4826,井上 一輝,392,131,0.3342
4118,宇佐見 淳,392,88,0.2245
4063,市橋 卓士,392,99,0.2526
4218,吉川 喜継,391,99,0.2532
5216,長谷川 晴哉,390,95,0.2436
4420,津久井 拓也,390,69,0.1769
4236,松村 敏,390,143,0.3667
4397,西村 拓也,390,115,0.2949
3746,岡瀬 正人,390,68,0.1744
4295,小坂 尚哉,390,113,0.2897
4544,松田 大志郎,390,163,0.4179
4067,永井 源,389,98,0.2519
4040,廣瀬 将亨,389,91,0.2339
4264,長尾 章平,388,103,0.2655
4163,山崎 裕司,387,77,0.199
4137,君島 秀三,387,105,0.2713
4061,萩原 秀人,386,119,0.3083
5114,小林 孝彰,386,77,0.1995
4433,川野 芽唯,385,123,0.3195
5058,前原 大道,385,123,0.3195
4351,里岡 右貴,383,127,0.3316
4288,永田 啓二,383,131,0.342
5142,常住 蓮,383,126,0.329
4503,上野 真之介,383,126,0.329
4710,福田 宗平,383,83,0.2167
4074,柳沢 一,382,100,0.2618
4515,藤田 浩人,382,81,0.212
5191,飛田 江己,381,113,0.2966
4960,黒野 元基,380,131,0.3447
4058,野末 智一,380,61,0.1605
4398,船岡 洋一郎,380,109,0.2868
4588,田中 京介,380,79,0.2079
3997,北村 征嗣,380,95,0.25
4089,妹尾 忠幸,380,76,0.2
4064,原田 篤志,380,107,0.2816
4366,前沢 丈史,380,94,0.2474
3983,須藤 博倫,379,81,0.2137
4337,平本 真之,379,92,0.2427
4514,上條 嘉嗣,379,114,0.3008
4122,安東 幸治,379,67,0.1768
4983,前田 篤哉,379,124,0.3272
4738,清埜 翔子,379,86,0.2269
4363,大野 芳顕,378,66,0.1746
4773,中川 りな,378,75,0.1984
5136,濱野 斗馬,378,92,0.2434
5075,中島 秀治,378,80,0.2116
4475,末永 祐輝,377,71,0.1883
4102,益田 啓司,377,121,0.321
4659,木下 翔太,377,113,0.2997
4472,尾嶋 一広,377,89,0.2361
4376,藤田 靖弘,377,79,0.2095
3999,大瀧 明日香,376,76,0.2021
4786,佐藤 博亮,375,111,0.296
4171,榎 幸司,375,84,0.224
3473,石川 真二,375,109,0.2907
4739,中村 晃朋,375,97,0.2587
4852,川原 祐明,375,129,0.344
4261,岡 祐臣,374,80,0.2139
4798,浜先 真範,374,102,0.2727
4581,吉村 誠,374,92,0.246
4415,下出 卓矢,374,101,0.2701
5043,中村 日向,374,110,0.2941
4057,松井 賢治,374,67,0.1791
4269,杉山 裕也,373,104,0.2788
3960,菊地 孝平,373,109,0.2922
4377,濱本 優一,373,92,0.2466
4159,向後 龍一,373,78,0.2091
4649,和田 操拓,373,73,0.1957
4120,柘植 政浩,373,67,0.1796
3988,古川 誠之,372,74,0.1989
4682,大上 卓人,372,100,0.2688
4166,吉田 拡郎,372,114,0.3065
3613,角谷 健吾,372,78,0.2097
3482,金子 猛志,372,47,0.1263
4958,溝口 海義也,372,85,0.2285
3333,丸尾 義孝,372,84,0.2258
5220,青木 蓮,371,103,0.2776
4824,松井 洪弥,371,104,0.2803
4834,浜本 裕己,371,78,0.2102
3984,坂口 周,370,92,0.2486
4123,細川 裕子,370,90,0.2432
4302,西野 翔太,370,95,0.2568
3548,室田 泰史,370,66,0.1784
4319,三宅 潤,370,61,0.1649
4788,小池 哲也,370,65,0.1757
3918,深井 利寿,370,85,0.2297
4215,吉島 祥之,370,76,0.2054
3590,濱野谷 憲吾,369,101,0.2737
3811,石田 章央,369,88,0.2385
4460,後藤 翔之,369,72,0.1951
3412,鈴木 博,369,89,0.2412
4732,堀本 和也,368,90,0.2446
4076,杉田 篤光,368,55,0.1495
3304,烏野 賢太,368,80,0.2174
4388,是澤 孝宏,368,72,0.1957
4391,松田 祐季,367,107,0.2916
3915,繁野谷 圭介,367,76,0.2071
4761,山田 晃大,367,79,0.2153
4369,丹下 将,367,79,0.2153
4537,渡邉 和将,366,108,0.2951
4441,末永 由楽,366,85,0.2322
3941,池田 浩二,366,118,0.3224
3562,山下 和彦,366,78,0.2131
4504,前田 将太,366,84,0.2295
3952,中澤 和志,365,112,0.3068
5145,島川 海輝,365,93,0.2548
4719,上條 暢嵩,365,112,0.3068
4172,森定 晃史,365,65,0.1781
4446,和田 兼輔,365,100,0.274
4413,水摩 敦,365,71,0.1945
4262,馬場 貴也,365,111,0.3041
4430,永田 秀二,364,72,0.1978
4938,小芦 るり華,364,108,0.2967
4757,山田 祐也,364,105,0.2885
4531,武富 智亮,364,78,0.2143
3908,重成 一人,364,102,0.2802
4583,古田 祐貴,364,54,0.1484
4985,井本 昌也,363,105,0.2893
4259,真庭 明志,363,70,0.1928
4953,尾上 雅也,363,111,0.3058
4679,植田 太一,363,93,0.2562
4451,松崎 祐太郎,363,82,0.2259
4036,金田 諭,362,92,0.2541
5112,砂長 知輝,362,101,0.279
4075,中野 次郎,362,85,0.2348
4411,沢田 昭宏,362,68,0.1878
3556,田中 信一郎,362,110,0.3039
4452,松尾 祭,362,58,0.1602
4771,下寺 秀和,361,117,0.3241
4237,大峯 豊,361,107,0.2964
3909,佐々木 康幸,361,118,0.3269
4013,中島 孝平,361,100,0.277
3679,飯島 昌弘,361,75,0.2078
4483,北野 輝季,361,116,0.3213
4832,権藤 俊光,361,114,0.3158
3905,天野 友和,361,63,0.1745
4033,伊藤 将吉,360,93,0.2583
4907,小池 修平,360,116,0.3222
4769,馬場 剛,360,93,0.2583
4601,森野 正弘,360,97,0.2694
4109,谷津 幸宏,360,91,0.2528
3888,山本 英志,360,63,0.175
4350,篠崎 元志,360,112,0.3111
5028,原田 才一郎,360,116,0.3222
4379,桑島 和宏,360,67,0.1861
4607,鶴田 勇雄,359,55,0.1532
3641,一瀬 明,359,82,0.2284
4543,重木 輝彦,359,94,0.2618
4174,赤坂 俊輔,359,88,0.2451
4822,百武 翔,359,72,0.2006
4049,荒川 健太,359,77,0.2145
4959,井上 忠政,359,113,0.3148
3841,佐々木 和伸,358,74,0.2067
4357,田中 和也,358,110,0.3073
4624,高田 明,358,100,0.2793
5267,石本 裕武,358,120,0.3352
4375,照屋 厚仁,358,81,0.2263
5280,廣瀬 凜,358,97,0.2709
4539,金子 賢志,357,87,0.2437
4688,永井 彪也,357,97,0.2717
4208,三浦 永理,357,104,0.2913
3833,中辻 博訓,357,95,0.2661
4384,鶴本 崇文,357,79,0.2213
5298,水谷 理人,357,103,0.2885
4787,椎名 豊,356,121,0.3399
4467,渡邉 俊介,356,73,0.2051
4043,桐本 康臣,356,73,0.2051
4808,松尾 拓,356,84,0.236
4501,樋口 由加里,356,66,0.1854
4927,関野 文,356,69,0.1938
4233,亀山 雅幸,356,72,0.2022
4980,佐々木 完太,356,105,0.2949
4903,吉田 凌太朗,355,114,0.3211
4796,春園 功太,355,99,0.2789
4193,郷原 章平,355,92,0.2592
4308,河村 了,355,94,0.2648
5126,山下 大輝,355,106,0.2986
4436,渋谷 明憲,355,83,0.2338
3783,瓜生 正義,354,79,0.2232
4216,星 栄爾,354,54,0.1525
4596,葛原 大陽,354,71,0.2006
4256,渡辺 浩司,354,90,0.2542
4873,蒲原 健太,354,63,0.178
4134,杉山 貴博,353,65,0.1841
4042,丸岡 正典,353,80,0.2266
5221,竹間 隆晟,353,101,0.2861
4967,中村 魁生,353,87,0.2465
3911,鈴木 猛,353,51,0.1445
4645,上村 純一,352,91,0.2585
4387,平山 智加,352,100,0.2841
5029,中 亮太,352,97,0.2756
3822,平尾 崇典,352,98,0.2784
4570,前田 聖文,352,82,0.233
3740,大澤 普司,351,91,0.2593
4516,野口 勝弘,351,84,0.2393
4502,遠藤 エミ,351,108,0.3077
5229,吉川 晴人,351,69,0.1966
5222,津田 陸翔,351,79,0.2251
4949,横田 貴満,351,81,0.2308
4500,山田 康二,351,126,0.359
4793,金子 萌,351,91,0.2593
4133,高橋 正男,351,75,0.2137
5234,塚越 海斗,351,93,0.265
5068,前田 滉,350,133,0.38
4293,鈴木 智啓,350,53,0.1514
4024,井口 佳典,350,78,0.2229
5256,中山 翔太,350,100,0.2857
3582,吉川 昭男,350,93,0.2657
4551,三川 昂暁,350,60,0.1714
5017,澤田 尚也,350,107,0.3057
4409,坂元 浩仁,349,97,0.2779
5015,高橋 竜矢,349,104,0.298
4311,岡村 仁,349,100,0.2865
4908,上田 龍星,349,114,0.3266
4105,松下 直也,349,41,0.1175
4348,宮崎 奨,349,53,0.1519
4298,宮下 元胤,349,61,0.1748
4228,吉田 慎二郎,349,71,0.2034
3334,角 ひとみ,348,56,0.1609
5160,藤森 陸斗,348,68,0.1954
4910,中村 泰平,348,110,0.3161
4547,中田 竜太,347,78,0.2248
5042,畑田 汰一,347,101,0.2911
3663,木山 和幸,347,51,0.147
4292,麻生 慎介,347,89,0.2565
4073,大橋 純一郎,347,79,0.2277
4210,松村 康太,347,52,0.1499
4930,佐藤 悠,347,69,0.1988
4370,山口 達也,347,120,0.3458
4418,茅原 悠紀,347,112,0.3228
5224,西岡 顕心,347,92,0.2651
4428,有賀 達也,346,81,0.2341
4579,中嶋 健一郎,346,80,0.2312
4932,新開 航,346,110,0.3179
3422,服部 幸男,346,98,0.2832
3415,松井 繁,346,78,0.2254
5188,武井 莉里佳,346,77,0.2225
4961,西橋 奈未,345,95,0.2754
4608,荒井 翔伍,345,62,0.1797
5096,上原 崚,345,71,0.2058
3898,平田 忠則,345,108,0.313
3541,三嶌 誠司,345,71,0.2058
4610,佐藤 大佑,345,93,0.2696
3853,岩崎 正哉,345,63,0.1826
4437,中田 元泰,345,80,0.2319
4266,長田 頼宗,344,101,0.2936
4674,池田 剛規,344,55,0.1599
4736,高倉 和士,344,100,0.2907
5026,安河内 健,344,97,0.282
3872,岡田 憲行,344,67,0.1948
4477,篠崎 仁志,344,85,0.2471
3719,辻 栄蔵,344,72,0.2093
3965,北中 元樹,344,78,0.2267
4030,森高 一真,344,54,0.157
4083,福島 勇樹,344,114,0.3314
4470,平田 健之佑,343,83,0.242
4611,今井 美亜,343,88,0.2566
5193,米丸 乃絵,343,94,0.2741
4586,磯部 誠,342,84,0.2456
4344,新田 雄史,342,97,0.2836
3435,寺田 千恵,342,74,0.2164
4434,田中 辰彦,342,88,0.2573
4239,竹田 辰也,342,95,0.2778
4448,青木 玄太,342,97,0.2836
4079,出畑 孝典,342,75,0.2193
3907,村越 篤,342,63,0.1842
4496,内堀 学,341,93,0.2727
3655,本橋 克洋,341,45,0.132
5087,佐藤 航,341,90,0.2639
3550,都築 正治,341,70,0.2053
4227,安達 裕樹,341,71,0.2082
4811,向井田 佑紀,341,42,0.1232
3623,深川 真二,341,125,0.3666
5055,眞鳥 章太,341,75,0.2199
4904,松本 一毅,341,49,0.1437
3256,三角 哲男,341,86,0.2522
4231,鈴木 裕隆,341,62,0.1818
4925,森 悠稀,341,64,0.1877
4335,若林 将,341,101,0.2962
4432,黄金井 力良,340,43,0.1265
3959,坪井 康晴,340,97,0.2853
4482,守屋 美穂,340,97,0.2853
4364,池永 太,340,105,0.3088
3743,林 美憲,340,83,0.2441
3406,中里 英夫,340,50,0.1471
3303,渡辺 豊,340,30,0.0882
3618,海野 ゆかり,340,82,0.2412
4706,三浦 洋次朗,339,66,0.1947
4754,松尾 充,339,85,0.2507
5010,宇留田 翔平,339,62,0.1829
4066,東本 勝利,339,69,0.2035
4994,山本 梨菜,339,69,0.2035
4015,前野 竜一,339,54,0.1593
4336,松田 竜馬,339,45,0.1327
4590,渡邉 優美,339,87,0.2566
5330,安河内 鈴之介,339,90,0.2655
4734,安河内 将,339,107,0.3156
4593,小坂 宗司,339,61,0.1799
3874,山本 寛久,339,86,0.2537
3721,守田 俊介,339,106,0.3127
4545,岡村 慶太,339,111,0.3274
4188,久田 敏之,338,132,0.3905
4950,高岡 竜也,338,86,0.2544
4148,枝尾 賢,338,58,0.1716
3951,石川 吉鎬,338,53,0.1568
4168,石野 貴之,338,99,0.2929
4762,藤原 啓史朗,338,115,0.3402
3978,齊藤 仁,338,74,0.2189
3158,島川 光男,338,76,0.2249
4407,鹿島 敏弘,337,35,0.1039
3686,鳥居塚 孝博,337,64,0.1899
4297,山田 哲也,337,92,0.273
4686,丸野 一樹,337,97,0.2878
4241,大串 重幸,337,50,0.1484
3777,樋口 亮,337,68,0.2018
4524,深谷 知博,337,83,0.2463
3912,川原 正明,337,85,0.2522
4536,喜井 つかさ,337,67,0.1988
5255,藤原 仙二,337,87,0.2582
4790,柳内 敬太,337,81,0.2404
4294,古賀 繁輝,337,102,0.3027
4373,若狭 奈美子,337,71,0.2107
4962,畑 竜生,336,71,0.2113
4002,古結 宏,336,96,0.2857
4459,片岡 雅裕,336,68,0.2024
4934,佐々木 翔斗,336,61,0.1815
4851,関 浩哉,335,97,0.2896
5278,田中 駿兵,335,118,0.3522
3499,市川 哲也,335,79,0.2358
3661,柳瀬 興志,335,43,0.1284
3572,安田 政彦,335,47,0.1403
3662,大庭 元明,335,60,0.1791
3779,原田 幸哉,335,96,0.2866
5002,上田 健太,334,74,0.2216
4506,稗田 聖也,334,81,0.2425
4530,小野 生奈,334,113,0.3383
4044,湯川 浩司,334,88,0.2635
3300,川崎 智幸,334,72,0.2156
4642,松尾 夏海,334,107,0.3204
4748,渡邉 雄朗,334,82,0.2455
4804,高田 ひかる,334,94,0.2814
4772,石丸 海渡,334,93,0.2784
4019,笠原 亮,334,89,0.2665
3850,小川 知行,333,40,0.1201
5051,松本 純平,333,88,0.2643
4644,山田 亮太,333,78,0.2342
3981,今坂 晃広,333,44,0.1321
4978,山田 和佐,333,37,0.1111
4445,宮地 元輝,333,79,0.2372
4427,秦 英悟,333,111,0.3333
3716,石渡 鉄兵,333,71,0.2132
4156,浜野 孝志,333,60,0.1802
4155,長野 壮志郎,333,75,0.2252
4848,仲谷 颯仁,333,84,0.2523
3973,崎 利仁,332,25,0.0753
4928,栗城 匠,332,105,0.3163
4360,庄司 孝輔,332,57,0.1717
5016,宮田 龍馬,332,103,0.3102
3505,山田 竜一,332,51,0.1536
5158,宮脇 遼太,332,98,0.2952
4703,森永 隆,332,78,0.2349
5066,鈴木 孝明,332,82,0.247
4314,青木 幸太郎,332,75,0.2259
5045,平川 香織,331,61,0.1843
4276,鈴木 勝博,331,97,0.2931
4478,櫻本 あゆみ,331,76,0.2296
4251,川崎 誠志,331,34,0.1027
4342,谷野 錬志,331,102,0.3082
4584,村岡 賢人,331,89,0.2689
4562,阪本 勇介,331,19,0.0574
3957,大谷 直弘,331,38,0.1148
4381,田路 朋史,331,71,0.2145
4121,富永 修一,331,69,0.2085
5326,三嶌 さらら,331,30,0.0906
4260,中越 博紀,331,66,0.1994
4505,島田 賢人,330,83,0.2515
5089,前田 翔,330,93,0.2818
3439,大平 誉史明,330,72,0.2182
4574,東 潤樹,330,42,0.1273
4052,興津 藍,330,77,0.2333
3606,川北 浩貴,330,50,0.1515
3933,山地 正樹,329,51,0.155
4877,鈴谷 一平,329,95,0.2888
4069,山本 修一,329,59,0.1793
4361,柳生 泰二,329,120,0.3647
4438,森作 雄大,329,71,0.2158
4124,池田 雄一,329,84,0.2553
4191,赤羽 克也,329,76,0.231
4095,福来 剛,329,100,0.304
4828,松山 将吾,328,84,0.2561
4850,野中 一平,328,89,0.2713
4290,稲田 浩二,328,81,0.247
3576,白水 勝也,328,65,0.1982
5223,森清 友翔,328,37,0.1128
5082,一色 凌雅,328,39,0.1189
4468,大池 佑来,328,100,0.3049
4039,村上 功祐,327,44,0.1346
5134,大原 祥昌,327,61,0.1865
4207,松下 一也,327,89,0.2722
3563,堤 昇,327,50,0.1529
4643,近江 翔吾,327,92,0.2813
4443,津田 裕絵,327,51,0.156
5178,成貞 琳平,327,23,0.0703
4077,品田 直樹,326,51,0.1564
4035,杉江 浩明,326,27,0.0828
4205,山口 剛,326,95,0.2914
4566,塩田 北斗,326,77,0.2362
4578,藤山 雅弘,326,75,0.2301
3837,秋山 広一,326,81,0.2485
3963,原田 秀弥,326,57,0.1748
5038,金田 智博,326,81,0.2485
4532,秋元 哲,325,97,0.2985
4759,今泉 友吾,325,76,0.2338
4028,田村 隆信,325,85,0.2615
5238,笹木 香吾,325,81,0.2492
5121,定松 勇樹,325,94,0.2892
4966,田川 大貴,325,60,0.1846
4287,今井 貴士,325,75,0.2308
4099,吉永 則雄,325,72,0.2215
5141,大澤 風葵,325,87,0.2677
4305,金子 拓矢,324,120,0.3704
4835,橋本 明,324,27,0.0833
4179,広次 修,324,52,0.1605
5212,西川 拓利,324,62,0.1914
3527,中嶋 誠一郎,324,42,0.1296
3654,武田 光史,324,94,0.2901
4180,上野 秀和,324,56,0.1728
4146,柳橋 宏紀,324,42,0.1296
3514,山一 鉄也,324,74,0.2284
3956,横澤 剛治,324,76,0.2346
5139,大場 恒季,324,81,0.25
4528,黒井 達矢,323,98,0.3034
4939,宮之原 輝紀,323,116,0.3591
3934,鋤柄 貴俊,323,29,0.0898
4447,深川 麻奈美,323,66,0.2043
4151,下河 誉史,323,46,0.1424
5189,藤原 早菜,323,47,0.1455
4050,田口 節子,323,121,0.3746
4053,芦澤 望,323,66,0.2043
4289,落合 直子,323,75,0.2322
5275,松田 淳平,322,90,0.2795
4330,奈須 啓太,322,82,0.2547
4914,吉田 裕平,322,93,0.2888
4365,盛本 真輔,322,61,0.1894
4485,楠原 正剛,322,48,0.1491
4522,古澤 光紀,322,81,0.2516
4614,石倉 洋行,322,101,0.3137
4209,藤田 竜弘,322,49,0.1522
4012,中村 有裕,322,81,0.2516
4963,實森 美祐,322,84,0.2609
4362,土屋 智則,321,71,0.2212
5035,櫻井 優,320,53,0.1656
4253,西川 真人,320,26,0.0813
5109,川崎 智稔,320,33,0.1031
3813,佐藤 大介,320,83,0.2594
5064,品川 二千翔,320,64,0.2
3897,白井 英治,320,81,0.2531
4403,木下 大將,320,67,0.2094
3502,渡邉 英児,320,46,0.1437
3775,泉 啓文,320,20,0.0625
4702,三浦 敬太,320,97,0.3031
3574,大神 康司,320,82,0.2562
4086,寺本 重宣,320,66,0.2062
4906,鈴木 雅希,319,47,0.1473
4142,平野 和明,319,44,0.1379
4356,長岡 良也,319,70,0.2194
4463,三苫 晃幸,319,55,0.1724
3848,川上 聡介,319,36,0.1129
4161,黒柳 浩孝,319,51,0.1599
5236,小宮 涼雅,319,17,0.0533
3614,谷 勝幸,318,26,0.0818
4886,入海 馨,318,77,0.2421
5085,中村 栄治,318,41,0.1289
3627,井上 恵一,318,46,0.1447
4331,三好 勇人,318,71,0.2233
4839,四宮 与寛,318,63,0.1981
4890,石川 諒,318,53,0.1667
3930,岸本 隆,318,59,0.1855
4933,板橋 侑我,317,81,0.2555
4876,梅木 敬太,317,42,0.1325
4623,中北 将史,317,39,0.123
3327,野長瀬 正孝,317,66,0.2082
4600,井内 将太郎,316,82,0.2595
4991,宗行 治哉,316,66,0.2089
4072,森永 淳,316,111,0.3513
5205,刑部 亜里紗,316,57,0.1804
4423,坂口 貴彦,316,49,0.1551
5217,藤原 碧生,316,74,0.2342
4154,森安 弘雅,316,43,0.1361
4469,土山 卓也,316,72,0.2278
4173,岡谷 健吾,316,41,0.1297
5317,長尾 萌加,316,25,0.0791
4844,村上 奈穂,316,23,0.0728
5252,荒木 颯斗,316,65,0.2057
5166,仲道 大輔,316,69,0.2184
4573,佐藤 翼,315,79,0.2508
3922,菅沼 佳昭,315,20,0.0635
4709,岡村 将也,315,52,0.1651
3349,吉田 一郎,315,73,0.2317
4068,幸田 智裕,315,29,0.0921
4240,今井 裕梨,315,65,0.2063
4345,西舘 健,315,54,0.1714
4598,加藤 政彦,315,70,0.2222
3900,香川 素子,315,67,0.2127
5004,河野 主樹,314,49,0.1561
4902,山川 雄大,314,41,0.1306
4458,抹香 雄三,314,44,0.1401
4513,河野 真也,314,65,0.207
5036,福田 翔吾,314,40,0.1274
4509,平見 真彦,314,56,0.1783
3854,吉川 元浩,314,79,0.2516
5177,松井 貫太,314,18,0.0573
4402,乙藤 智史,314,76,0.242
4518,大須賀 友,314,93,0.2962
5125,高井 雄基,314,66,0.2102
4684,楠原 翔太,313,56,0.1789
3814,金子 貴志,313,27,0.0863
3539,金子 順一,313,25,0.0799
4410,井上 大輔,313,46,0.147
5213,湯淺 紀香,313,51,0.1629
4111,奥田 誠,313,47,0.1502
5073,上原 健次郎,313,46,0.147
4494,河合 佑樹,312,71,0.2276
4587,木田 峰由季,312,74,0.2372
5289,佃 來紀,312,47,0.1506
4442,松竹 大輔,312,68,0.2179
4014,片岡 恵里,312,60,0.1923
4529,嶋 義信,312,62,0.1987
4395,下河 雅史,312,39,0.125
4825,倉持 莉々,311,91,0.2926
4561,藤山 翔大,311,90,0.2894
3629,浅見 昌克,311,69,0.2219
5218,山田 理央,311,74,0.2379
3968,茶谷 信次,311,53,0.1704
4383,竹田 吉行,311,47,0.1511
4444,桐生 順平,310,74,0.2387
4700,金子 和之,310,66,0.2129
4396,大田 直弥,310,32,0.1032
4380,鈴木 峻佑,310,44,0.1419
4633,森 智也,310,49,0.1581
3977,山本 兼士,310,31,0.1
4081,樋口 範政,310,35,0.1129
4861,田中 宏樹,310,41,0.1323
4974,安井 瑞紀,310,72,0.2323
4406,幸野 史明,309,37,0.1197
5032,谷口 知優,309,51,0.165
4989,石原 翼,309,69,0.2233
5012,加倉 侑征,309,46,0.1489
5276,大島 隆乃介,309,37,0.1197
4977,馬野 耀,309,63,0.2039
3362,間嶋 仁志,309,48,0.1553
3942,寺田 祥,309,75,0.2427
5130,上野 拓馬,308,23,0.0747
4840,鈴木 秀茉,308,34,0.1104
4466,南 佑典,308,55,0.1786
4957,竹之内 極,308,47,0.1526
3713,伊藤 誠二,308,65,0.211
5060,数原 魁,308,53,0.1721
4247,齊藤 優,308,40,0.1299
4638,小林 遼太,308,40,0.1299
3478,嶋田 貴支,308,42,0.1364
4842,山下 昂大,308,56,0.1818
4488,小山 勉,308,82,0.2662
3882,新田 智彰,308,37,0.1201
4382,高山 智至,308,20,0.0649
5282,中本 大樹,308,41,0.1331
3797,岩井 繁,307,13,0.0423
3615,横田 茂,307,29,0.0945
4416,三宅 健太,307,44,0.1433
4096,石橋 道友,307,86,0.2801
5269,山口 晃朋,307,84,0.2736
3474,松瀬 弘美,307,25,0.0814
3730,塩崎 優司,307,31,0.101
4025,山本 隆幸,307,80,0.2606
4318,桑原 将光,307,44,0.1433
4182,吉田 和仁,307,30,0.0977
5003,来田 衣織,307,43,0.1401
4594,谷川 祐一,306,62,0.2026
5196,鰐部 太空海,306,89,0.2908
5161,登玉 隼百,306,62,0.2026
4654,篠田 優也,306,67,0.219
4568,廣瀬 真也,306,60,0.1961
3885,久田 武,306,46,0.1503
4872,山下 流心,306,34,0.1111
4371,西山 貴浩,306,63,0.2059
5301,岩下 巧斗,305,44,0.1443
3381,滝沢 芳行,305,42,0.1377
3517,高橋 勲,305,54,0.177
4630,岩永 雅人,305,57,0.1869
4979,中野 夢斗,305,48,0.1574
5155,内山 七海,305,61,0.2
3891,谷口 健一,305,16,0.0525
3340,池田 雷太,305,33,0.1082
4711,前出 達吉,305,50,0.1639
4401,小林 泰,305,61,0.2
4009,小林 一樹,305,60,0.1967
3947,寺本 昇平,304,32,0.1053
4031,飯島 誠,304,33,0.1086
5286,坂井 滉哉,304,33,0.1086
4224,大橋 栄里佳,304,46,0.1513
4243,西村 歩,304,54,0.1776
4196,田中 太一郎,304,33,0.1086
3843,上之 晃弘,304,39,0.1283
4857,加藤 翔馬,304,89,0.2928
3508,久富 政弘,304,41,0.1349
3737,上平 真二,304,82,0.2697
4144,石塚 久也,303,58,0.1914
4200,早川 尚人,303,22,0.0726
3643,米田 隆弘,303,40,0.132
3430,角浜 修,303,34,0.1122
4553,坪口 竜也,303,62,0.2046
3771,折下 寛法,303,48,0.1584
5081,篠原 飛翔,303,57,0.1881
4973,栗原 直也,303,46,0.1518
4117,廣中 智紗衣,303,51,0.1683
3804,中渡 修作,303,32,0.1056
4847,佐藤 隆太郎,302,80,0.2649
4794,和田 拓也,302,91,0.3013
5243,三馬 崇史,302,58,0.1921
3684,清水 攻二,302,51,0.1689
4108,吉村 正明,302,67,0.2219
4521,小池 公生,302,55,0.1821
5093,浦野 海,302,43,0.1424
5110,杉山 喜一,302,42,0.1391
4550,石岡 将太,302,41,0.1358
5264,登 みひ果,302,31,0.1026
3690,河合 三弘,302,28,0.0927
4116,川田 正人,302,33,0.1093
4816,村松 修二,302,62,0.2053
4226,村田 浩司,302,35,0.1159
4685,島村 隆幸,302,102,0.3377
4900,中田 夕貴,301,52,0.1728
4791,黒澤 めぐみ,301,52,0.1728
3826,村田 修次,301,49,0.1628
4100,松田 隆司,301,46,0.1528
3581,加木 郁,301,31,0.103
4948,木場 悠介,301,47,0.1561
4555,富永 大一,301,40,0.1329
4489,岩川 仁士,301,47,0.1561
5092,篠原 晟弥,301,76,0.2525
4821,妻鳥 晋也,301,44,0.1462
5143,常盤 海心,301,16,0.0532
4571,菅 章哉,301,105,0.3488
4918,川島 拓郎,301,38,0.1262
4894,原村 拓也,301,29,0.0963
3564,桑原 啓,301,36,0.1196
3584,佐々木 英樹,301,30,0.0997
5005,石田 貴洋,300,57,0.19
3807,岡部 哲,300,26,0.0867
4487,三原 司,300,31,0.1033
4924,中北 涼,300,18,0.06
4695,尾崎 雄二,300,47,0.1567
4497,桑原 悠,300,93,0.31
3703,鳥飼 眞,300,62,0.2067
4450,平高 奈菜,300,64,0.2133
3434,松尾 宣邦,300,30,0.1
3708,岡部 貴司,300,35,0.1167
4680,後藤 美翼,300,29,0.0967
5340,樋江井 舞,300,15,0.05
3839,川合 理司,300,18,0.06
3385,渡邉 睦広,300,49,0.1633
4346,前田 健太郎,300,45,0.15
4119,泥谷 一毅,300,52,0.1733
3484,芝田 浩治,300,63,0.21
5150,坂本 雄紀,299,75,0.2508
3619,長谷川 充,299,36,0.1204
4327,加藤 翔,299,24,0.0803
4797,中山 将,299,74,0.2475
4374,永田 義紘,299,35,0.1171
4150,山田 雄太,299,63,0.2107
3870,寺嶋 雄,299,31,0.1037
4895,門間 雄大,299,42,0.1405
4060,島田 一生,299,46,0.1538
5273,山下 拓巳,299,34,0.1137
4693,松下 誉士,299,21,0.0702
5303,土井 歩夢,299,44,0.1472
3731,高濱 芳久,299,32,0.107
4486,野村 誠,299,52,0.1739
4540,相原 利章,298,50,0.1678
3569,増田 進,298,19,0.0638
4136,江夏 満,298,71,0.2383
4718,北川 太一,298,70,0.2349
3944,山口 裕二,298,58,0.1946
3635,石田 政吾,298,38,0.1275
4639,雑賀 勇貴,298,29,0.0973
4082,濱崎 誠,298,54,0.1812
5325,澁川 夏,298,29,0.0973
4619,伏田 裕隆,298,55,0.1846
4672,守屋 大地,297,19,0.064
4520,高倉 孝太,297,57,0.1919
4202,浮田 圭浩,297,27,0.0909
5299,西丸 敦基,297,53,0.1785
4258,関根 彰人,297,37,0.1246
5157,市川 健太,297,40,0.1347
3611,岩崎 芳美,297,47,0.1582
3718,伊達 正利,296,37,0.125
4981,牧山 敦也,296,40,0.1351
3998,冨成 謙児,296,18,0.0608
4715,村上 遼,296,94,0.3176
3796,長野 道臣,296,29,0.098
3995,重野 哲之,296,74,0.25
3961,谷村 一哉,296,72,0.2432
5311,小林 京平,296,46,0.1554
4552,杉山 勝匡,296,51,0.1723
5247,大森 翼,296,16,0.0541
4113,木村 浩士,296,46,0.1554
2878,富山 弘幸,296,39,0.1318
3880,浅見 宗孝,295,24,0.0814
3696,白井 友晴,295,26,0.0881
4027,松江 秀徳,295,58,0.1966
4888,金児 隆太,295,46,0.1559
4329,小松 卓司,295,22,0.0746
5013,山下 夏鈴,295,67,0.2271
4429,豊田 泰洋,295,21,0.0712
4697,國弘 翔平,295,19,0.0644
4347,魚谷 香織,295,55,0.1864
4737,竹井 貴史,295,94,0.3186
3852,澤 大介,294,38,0.1293
3566,川添 英正,294,33,0.1122
5163,清水 愛海,294,77,0.2619
3987,後藤 正宗,294,56,0.1905
3929,杢野 誓良,294,30,0.102
4565,西村 豪洋,294,23,0.0782
5106,山崎 祥,294,43,0.1463
3680,森林 太,294,22,0.0748
4352,下條 雄太郎,294,79,0.2687
3441,土屋 太朗,293,22,0.0751
4752,西尾 亮輔,293,16,0.0546
3455,谷本 幸司,293,38,0.1297
4034,西原 明生,293,21,0.0717
5023,久永 祥平,293,49,0.1672
3692,竹腰 正樹,293,40,0.1365
5098,大江 純,293,39,0.1331
4017,向井 美鈴,293,54,0.1843
4789,古賀 智之,292,51,0.1747
5153,佐藤 ほのか,292,13,0.0445
5154,村松 栄太,292,32,0.1096
4603,谷川 将太,292,50,0.1712
4184,渡邊 雄一郎,292,96,0.3288
4323,山田 佑樹,292,42,0.1438
3710,吉永 泰弘,292,25,0.0856
5308,藤森 拓海,292,18,0.0616
3075,中村 裕将,292,29,0.0993
4992,廣瀬 篤哉,292,44,0.1507
4549,小林 文彦,292,48,0.1644
4580,長谷川 雅和,292,57,0.1952
3875,廣中 良一,292,34,0.1164
5102,原田 雄次,292,39,0.1336
3350,藤本 佳史,291,50,0.1718
5214,田中 宏典,291,37,0.1271
3685,荒井 輝年,291,40,0.1375
4995,田邉 亮蔵,291,31,0.1065
4725,佐竹 太一,291,35,0.1203
5291,三嶌 こころ,291,11,0.0378
4823,中村 桃佳,291,82,0.2818
3161,古場 輝義,291,24,0.0825
4254,川島 圭司,291,64,0.2199
4011,堀之内 紀代子,291,81,0.2784
3906,飯山 晃三,291,24,0.0825
4263,武重 雄介,291,56,0.1924
3319,山崎 義明,290,35,0.1207
4131,原 豊土,290,58,0.2
5129,山口 真喜子,290,55,0.1897
4389,伊藤 喜智,290,37,0.1276
4575,戸塚 邦好,290,65,0.2241
3910,松下 知幸,290,33,0.1138
3975,小野寺 智洋,290,50,0.1724
4158,木場 雄二郎,290,41,0.1414
3873,別府 昌樹,290,44,0.1517
4653,小野 達哉,290,84,0.2897
5277,井上 未都,289,40,0.1384
4572,渡部 悟,289,47,0.1626
4652,酒見 峻介,289,37,0.128
4003,表 憲一,289,32,0.1107
5239,上野 俊樹,289,43,0.1488
3828,明石 正之,289,32,0.1107
5352,西岡 蒼志,289,32,0.1107
3503,堂原 洋史,289,21,0.0727
4394,永嶋 裕一,289,54,0.1869
4676,後藤 隼之,288,36,0.125
4183,宇野 弥生,288,69,0.2396
4152,深水 慎一郎,288,50,0.1736
3277,齋藤 勇,288,24,0.0833
4879,山崎 鉄平,288,32,0.1111
4390,松本 弓雄,288,23,0.0799
3352,小川 晃司,288,6,0.0208
4252,松下 哲也,288,30,0.1042
5044,渡邉 健,287,46,0.1603
4245,高橋 直哉,287,31,0.108
5183,中野 孝二,287,26,0.0906
5076,石原 光,287,47,0.1638
4204,柴田 大輔,287,42,0.1463
4219,本岡 勝利,287,11,0.0383
3964,宮地 博士,287,15,0.0523
5332,村松 遥輝,287,20,0.0697
5351,齊藤 廉,287,24,0.0836
4564,山本 景士郎,287,18,0.0627
4343,村岡 賢,287,15,0.0523
3714,梶原 正,287,30,0.1045
4812,西野 雄貴,287,101,0.3519
4887,富澤 祐作,286,44,0.1538
4560,庄司 樹良々,286,57,0.1993
4016,西川 新太郎,286,31,0.1084
5050,木下 雄介,286,67,0.2343
4051,清水 敦揮,286,73,0.2552
3712,淺香 文武,286,36,0.1259
3990,芹澤 克彦,286,34,0.1189
5084,末永 和也,286,84,0.2937
4320,峰 竜太,286,95,0.3322
3892,草場 康幸,286,36,0.1259
4538,笠置 博之,286,88,0.3077
5292,佐藤 右京,286,19,0.0664
5135,仲 航太,286,54,0.1888
4435,服部 達哉,286,50,0.1748
4656,大崎 翔,286,35,0.1224
4464,山下 友貴,286,50,0.1748
4845,前田 紗希,286,83,0.2902
4896,花本 剛,285,29,0.1018
4006,小野 勇作,285,33,0.1158
5316,村松 将平,285,29,0.1018
3587,武田 信一,285,19,0.0667
3812,山崎 聖司,285,19,0.0667
4511,中岡 健人,285,23,0.0807
5172,田村 慶,285,39,0.1368
3226,浦田 信義,285,23,0.0807
3827,今泉 徹,284,12,0.0423
3647,伊藤 雄二,284,12,0.0423
4875,大塚 康雅,284,37,0.1303
4054,福嶋 智之,284,30,0.1056
5307,富永 夏哉人,284,33,0.1162
5294,豊田 祥生,284,24,0.0845
5185,加藤 優弥,284,46,0.162
4197,渥美 卓郎,284,22,0.0775
4740,齋藤 達希,284,29,0.1021
5249,三木 晴斗,284,34,0.1197
3268,森 竜也,284,31,0.1092
4491,田中 堅,283,22,0.0777
3463,乙津 康志,283,22,0.0777
3233,小畑 実成,283,33,0.1166
4339,平瀬 城啓,283,20,0.0707
5105,富田 恕生,283,23,0.0813
4735,角山 雄哉,283,41,0.1449
5127,沼田 大都,283,21,0.0742
4303,牧原 崇,283,41,0.1449
5281,井上 遥妃,283,74,0.2615
4556,竹井 奈美,283,87,0.3074
4891,寺島 美里,282,37,0.1312
4831,羽野 直也,282,71,0.2518
4523,中村 辰也,282,44,0.156
5285,若林 麗,282,13,0.0461
3072,西田 靖,282,29,0.1028
4526,池田 雄祐,282,57,0.2021
5000,岡本 翔太郎,282,34,0.1206
3202,三品 隆浩,282,24,0.0851
5009,大賀 龍之介,282,49,0.1738
3772,一柳 和孝,281,32,0.1139
5165,小林 愛実,281,29,0.1032
4045,佐々木 裕美,281,39,0.1388
5144,中尾 彩香,281,29,0.1032
4277,金田 大輔,281,52,0.1851
5265,大廣 咲季,281,21,0.0747
3442,宮武 英司,281,23,0.0819
4094,中島 真二,281,30,0.1068
4988,牟田 奨太,281,37,0.1317
4817,渡邉 翼,281,69,0.2456
3282,池本 輝明,280,17,0.0607
4592,小林 孝弘,280,25,0.0893
3265,今村 暢孝,280,63,0.225
4422,永井 亮次,280,34,0.1214
4214,林 祐介,280,47,0.1679
4272,大場 広孝,280,26,0.0929
3436,柏野 幸二,280,53,0.1893
4779,伊倉 光,280,31,0.1107
4090,中村 尊,280,64,0.2286
3748,小黒 竜吾,280,16,0.0571
4405,南野 利騰,280,18,0.0643
3313,本吉 正樹,280,25,0.0893
4942,柴田 朋哉,280,48,0.1714
3931,黒崎 竜也,280,47,0.1679
3860,松本 浩貴,279,18,0.0645
4440,萩原 知哉,279,24,0.086
3542,清水 紀克,279,23,0.0824
4449,中嶋 達也,279,27,0.0968
3757,畑 和宏,279,38,0.1362
3976,内田 圭,279,26,0.0932
3747,國崎 良春,279,41,0.147
3784,中島 友和,279,37,0.1326
3392,小森 信雄,279,17,0.0609
4917,岩橋 裕馬,279,26,0.0932
3876,中辻 崇人,279,118,0.4229
4145,小澤 学,279,13,0.0466
5279,石渡 翔一郎,279,57,0.2043
3664,鈴木 賢一,278,40,0.1439
4230,濱崎 直矢,278,86,0.3094
4246,喜多 那由夏,278,16,0.0576
3580,水口 由紀,278,19,0.0683
5343,小林 礼央,278,6,0.0216
5123,福山 恵里奈,278,25,0.0899
3224,栗山 繁洋,278,18,0.0647
4092,岡部 大輔,278,43,0.1547
4112,大久保 信一郎,278,44,0.1583
3928,林 恵祐,278,21,0.0755
3805,高橋 英之,278,35,0.1259
3776,横井 健太,278,7,0.0252
5067,山田 真聖,278,39,0.1403
3868,尾形 栄治,278,24,0.0863
4627,藤原 菜希,278,72,0.259
3475,橋本 久和,277,48,0.1733
5090,生方 靖亜,277,50,0.1805
4139,丹下 健,277,28,0.1011
4181,花本 夏樹,277,16,0.0578
4315,山崎 昂介,277,43,0.1552
3568,木村 光宏,277,30,0.1083
5246,楠 将太郎,277,41,0.148
4692,酒井 俊弘,277,42,0.1516
4004,山本 浩輔,277,34,0.1227
4273,佐藤 旭,276,30,0.1087
4358,松本 庸平,276,24,0.087
5095,小原 聡将,276,60,0.2174
4474,渡辺 崇,276,40,0.1449
4883,岡部 大輝,276,66,0.2391
4456,鎌倉 涼,276,78,0.2826
5151,山下 奈緒,275,15,0.0545
4220,深川 和仁,275,55,0.2
4195,前川 守嗣,275,34,0.1236
4248,岡本 大,275,20,0.0727
3831,安藤 裕貴,275,35,0.1273
5398,鐘ヶ江 真司,275,10,0.0364
3889,須藤 隆雄,274,19,0.0693
3546,中里 昌志,274,20,0.073
4819,蜂須 瑞生,274,50,0.1825
3211,北川 敏弘,274,11,0.0401
4213,重富 伸也,274,35,0.1277
3388,今垣 光太郎,274,79,0.2883
4211,村田 敦,274,20,0.073
4300,加藤 綾,274,30,0.1095
4669,井上 茂,274,21,0.0766
4714,喜多須 杏奈,274,23,0.0839
4661,中島 昂章,274,31,0.1131
4317,木村 紗友希,273,36,0.1319
4677,片橋 幸貴,273,64,0.2344
5203,神里 琴音,273,34,0.1245
4705,吉川 勇作,273,30,0.1099
5376,吉田 一心,273,34,0.1245
5049,松井 友汰,273,59,0.2161
5054,佐々木 大河,273,63,0.2308
3519,冨田 秀幸,273,20,0.0733
3477,近藤 稔也,273,12,0.044
3849,中岡 正彦,273,117,0.4286
4270,岸本 雄貴,273,32,0.1172
4728,山口 亮,273,33,0.1209
4359,横川 聖志,273,45,0.1648
3792,田中 豪,272,56,0.2059
4945,上村 宏太,272,20,0.0735
5232,樅山 拓馬,272,34,0.125
4625,渡邊 裕貴,272,42,0.1544
4909,薮内 瑞希,272,41,0.1507
3284,渡邊 伸太郎,272,37,0.136
5047,國分 将太郎,272,42,0.1544
3893,汐崎 正則,272,33,0.1213
4167,片岡 秀樹,272,15,0.0551
4484,稲生 夏季,272,28,0.1029
5074,大澤 誠也,272,29,0.1066
4274,長畑 友輔,272,30,0.1103
4546,浜田 亜理沙,271,64,0.2362
3432,宮迫 暢彦,271,20,0.0738
5350,網代 良芽,271,25,0.0923
5046,松山 裕基,271,18,0.0664
4944,田代 達也,271,24,0.0886
3752,宇土 泰就,271,19,0.0701
4404,岸蔭 亮,271,21,0.0775
3867,松浦 勝,271,16,0.059
3105,内山 文典,271,35,0.1292
5007,近藤 雄一郎,271,29,0.107
3769,佐竹 恒彦,271,35,0.1292
5057,上田 紗奈,271,54,0.1993
3863,海老澤 泰行,270,21,0.0778
5039,倉田 茂将,270,33,0.1222
3558,山本 浩次,270,37,0.137
5008,羽野 諒,270,29,0.1074
4175,川尻 泰輔,270,51,0.1889
5181,森 智哉,270,34,0.1259
4281,大澤 大夢,270,39,0.1444
4926,吉川 貴仁,270,107,0.3963
5296,永田 楽,270,30,0.1111
4393,田中 孝明,270,25,0.0926
4665,加藤 啓太,270,12,0.0444
4892,柴田 直哉,270,39,0.1444
4631,新井 英孝,270,38,0.1407
5266,石田 勇斗,270,24,0.0889
3659,藤生 雄人,269,32,0.119
4306,畔柳 俊吾,269,28,0.1041
4951,新田 洋一,269,38,0.1413
5344,谷口 丞,269,28,0.1041
3401,上田 隆章,269,29,0.1078
5337,出畑 孝成,269,12,0.0446
5079,大石 真央,269,35,0.1301
4232,笠 雅雄,269,39,0.145
5053,山口 広樹,269,31,0.1152
4023,柴田 友和,269,24,0.0892
3454,井川 大作,269,28,0.1041
4936,戸敷 晃美,269,62,0.2305
5226,藤田 俊祐,268,64,0.2388
5048,眞鳥 康太,268,30,0.1119
5208,屋良 龍紀,268,24,0.0896
4110,小澤 和也,268,27,0.1007
3869,井芹 大志,268,19,0.0709
4020,川上 清人,268,22,0.0821
4637,中田 友也,268,47,0.1754
4059,入澤 友治,268,46,0.1716
4557,松尾 光広,268,23,0.0858
5173,谷口 佳蓮,268,43,0.1604
4140,梶野 学志,268,62,0.2313
5006,久保原 秀人,267,20,0.0749
4201,佐竹 友樹,267,29,0.1086
5137,川原 涼,267,40,0.1498
3357,福島 陽子,267,13,0.0487
3982,福田 理,267,29,0.1086
5133,堀越 雄貴,267,38,0.1423
4093,吉田 宗弘,267,22,0.0824
3617,竹田 広樹,267,32,0.1199
4947,間庭 菜摘,267,20,0.0749
5263,花田 凱成,267,17,0.0637
3516,吉原 聖人,266,23,0.0865
3773,津留 浩一郎,266,27,0.1015
5297,南 彩寧,266,12,0.0451
3838,伊藤 啓三,266,35,0.1316
5104,山田 丈,266,70,0.2632
4689,豊田 結,266,41,0.1541
4846,佐藤 駿介,266,19,0.0714
3687,花田 和明,265,33,0.1245
3842,星野 太郎,265,42,0.1585
5195,北村 寧々,265,48,0.1811
4750,井上 尚悟,265,34,0.1283
4368,山口 隆史,265,23,0.0868
5182,宮崎 安奈,265,37,0.1396
3800,牧 宏次,265,37,0.1396
3306,武田 正紀,265,17,0.0642
4271,川崎 公靖,265,21,0.0792
4296,岡崎 恭裕,265,71,0.2679
4905,土井 祥伍,265,23,0.0868
3297,藤丸 光一,265,23,0.0868
4837,酒井 陽祐,264,22,0.0833
3992,関口 智久,264,40,0.1515
3535,渡 修平,264,25,0.0947
4764,小池 礼乃,264,49,0.1856
3293,宮内 由紀英,264,5,0.0189
3445,加藤 高史,264,26,0.0985
5131,江藤 敦宏,263,12,0.0456
4367,山口 修路,263,17,0.0646
3305,小野 信樹,263,27,0.1027
4325,新出 浩司,263,21,0.0798
2538,高橋 二朗,263,4,0.0152
4103,山崎 善庸,263,8,0.0304
4785,木幡 純也,263,16,0.0608
5338,香月 大輝,263,17,0.0646
4727,安部 慎一,263,26,0.0989
3620,信濃 由行,263,24,0.0913
5065,伊久間 陽優,262,44,0.1679
4563,齋藤 真之,262,30,0.1145
4104,木下 陽介,262,33,0.126
4062,後藤 陽介,262,27,0.1031
3967,鈴木 茂高,262,21,0.0802
3994,小野 桜,262,26,0.0992
3701,大西 隆洋,262,17,0.0649
3637,齋藤 和政,262,18,0.0687
5078,山川 波乙,262,24,0.0916
3878,胡本 悟志,262,24,0.0916
4899,占部 一真,262,30,0.1145
3834,細川 明人,261,21,0.0805
5312,川辺 郭人,261,16,0.0613
3935,岩津 徹郎,261,30,0.1149
5334,樫葉 新心,261,9,0.0345
3497,後藤 浩,261,42,0.1609
4615,板倉 敦史,261,19,0.0728
3722,西村 秀樹,261,11,0.0421
5389,恵良 琴美,261,2,0.0077
5190,大月 遊雅,260,26,0.1
4731,間野 兼礼,260,32,0.1231
3993,永井 聖美,260,40,0.1538
4007,榮田 将彦,260,36,0.1385
5270,小玉 啓太,260,23,0.0885
5335,森 陽多,260,11,0.0423
3339,泉 具巳,260,23,0.0885
5041,荒牧 凪沙,260,40,0.1538
4809,外崎 悟,260,45,0.1731
4871,菊池 宏志,260,29,0.1115
3825,宮嵜 隆太郎,260,28,0.1077
4461,安田 吉宏,260,21,0.0808
5027,重冨 勇哉,260,25,0.0962
5011,高木 圭大,260,18,0.0692
3741,松尾 基成,259,14,0.0541
3605,中村 守成,259,20,0.0772
4143,浦田 晃嗣,259,16,0.0618
5386,米玉利 大悟,259,10,0.0386
4022,待鳥 雄紀,259,29,0.112
4138,中井 俊祐,259,27,0.1042
5210,藤井 公人,259,38,0.1467
3602,奥平 拓也,259,24,0.0927
4941,孫崎 百世,259,31,0.1197
3257,田頭 実,259,93,0.3591
5211,高井 駿弥,258,7,0.0271
3616,中村 真,258,34,0.1318
3471,赤峰 和也,258,17,0.0659
4417,服部 剛,258,24,0.093
3857,阿波 勝哉,258,37,0.1434
5240,高橋 龍治,258,24,0.093
5339,石井 伸長,258,34,0.1318
4694,高田 綾,258,28,0.1085
3790,佐口 達也,258,20,0.0775
4969,町田 洸希,257,27,0.1051
3156,金子 良昭,257,15,0.0584
5115,香川 颯太,257,49,0.1907
3459,中野 和裕,257,14,0.0545
5063,大塚 雅治,257,28,0.1089
5345,牧村 俊輝,256,8,0.0312
5111,三村 岳人,256,46,0.1797
3411,池上 隆行,256,12,0.0469
3656,伯母 芳恒,256,22,0.0859
3604,武藤 綾子,256,23,0.0898
4813,宮内 直哉,256,20,0.0781
4864,小川 日紀太,256,28,0.1094
4893,渡邉 真奈美,256,38,0.1484
5199,垂水 悠,256,42,0.1641
5033,藤原 孝斗,255,21,0.0824
4047,吉永 浩則,255,24,0.0941
4730,土屋 実沙希,255,47,0.1843
3808,秋田 健太郎,255,17,0.0667
3175,渡辺 千草,255,13,0.051
4257,古川 健,255,37,0.1451
5245,倉富 大誠,255,35,0.1373
3717,立間 充宏,255,40,0.1569
5318,河内 一馬,254,10,0.0394
4943,八木 治樹,254,29,0.1142
5146,野田 彩加,254,39,0.1535
4164,岩永 節也,254,9,0.0354
4651,佐藤 大騎,254,23,0.0906
4462,夏山 亮平,254,39,0.1535
4984,森下 愛梨,254,33,0.1299
4618,乃村 康友,254,26,0.1024
3989,熊本 英一,254,18,0.0709
5071,野見山 拓己,254,29,0.1142
4535,北山 康介,254,71,0.2795
4708,半田 尚也,254,13,0.0512
3699,富永 正人,253,24,0.0949
4114,深澤 達徳,253,25,0.0988
5020,宮村 勇哉,253,37,0.1462
3232,山川 美由紀,253,45,0.1779
5086,本村 大,253,35,0.1383
5248,本田 愛,253,21,0.083
5207,高山 敬悟,253,35,0.1383
4372,原田 佑実,253,61,0.2411
4723,寺島 吉彦,253,30,0.1186
5244,黒田 剛,253,17,0.0672
4987,島倉 都,253,18,0.0711
4169,多田 有佑,253,19,0.0751
4648,木村 亮太,253,28,0.1107
4225,土屋 千明,253,47,0.1858
5170,佐藤 太亮,253,32,0.1265
4419,原 加央理,252,35,0.1389
3212,亀本 勇樹,252,22,0.0873
3715,倉尾 大介,252,30,0.119
5014,梶山 涼斗,252,24,0.0952
3745,橋本 年光,252,31,0.123
4234,野相 弘司,252,24,0.0952
4527,高野 心吾,252,22,0.0873
3458,東 健介,252,20,0.0794
4898,菊地 敬介,252,23,0.0913
5167,小川 竜太朗,252,30,0.119
5258,仲本 舜,252,29,0.1151
5288,尾道 佳諭,252,18,0.0714
4880,澤崎 雄哉,251,24,0.0956
5272,松田 真実,251,29,0.1155
4299,中島 浩哉,250,18,0.072
4065,金田 幸子,250,43,0.172
5242,高山 弘斗,250,15,0.06
3761,山本 光雄,250,42,0.168
4626,伊藤 紘章,249,30,0.1205
5354,渡邊 雄斗,249,12,0.0482
4747,山戸 信二,249,17,0.0683
5250,嶋田 有里,249,20,0.0803
3470,新田 芳美,249,37,0.1486
4400,加藤 奈月,249,6,0.0241
4186,小川 時光,248,14,0.0565
5231,寺田 空詩,248,45,0.1815
4010,越智 照浩,248,16,0.0645
3361,岡部 浩,248,18,0.0726
4425,大井 清貴,248,22,0.0887
5070,中島 航,248,23,0.0927
3742,宮地 秀祈,248,23,0.0927
5022,伊藤 尚汰,248,18,0.0726
5313,鈴木 唯央,248,17,0.0685
5206,梅原 祥平,247,21,0.085
4765,野田部 宏子,247,38,0.1538
5120,山本 稔太朗,247,29,0.1174
3660,長谷川 親王,247,9,0.0364
5037,田頭 虎親,247,42,0.17
5359,佐藤 世那,246,26,0.1057
5394,福西 広太郎,246,5,0.0203
4982,中村 将隆,246,27,0.1098
4866,橋本 英一,246,22,0.0894
4952,吉武 真也,246,19,0.0772
3652,森下 勇,245,16,0.0653
4457,神田 達也,245,24,0.098
4097,貫地谷 直人,245,3,0.0122
4636,赤池 修平,245,24,0.098
3294,野中 義生,245,21,0.0857
5031,渡辺 空依,245,24,0.098
3920,正木 聖賢,245,30,0.1224
4911,片岡 大地,245,25,0.102
5194,大久保 佑香,245,29,0.1184
4238,毒島 誠,244,97,0.3975
5262,鈴木 章司,244,12,0.0492
3948,大町 利克,244,12,0.0492
4589,塩崎 桐加,244,46,0.1885
3974,深山 祐二,244,20,0.082
3370,坪内 実,244,16,0.0656
4229,市川 美宏,244,17,0.0697
5329,金子 龍斗,244,27,0.1107
5186,遠藤 圭吾,244,22,0.0902
5261,岡 暢祐,243,25,0.1029
4106,坂井 康嗣,243,14,0.0576
5364,金子 怜央,243,2,0.0082
4803,飯田 庄吾,243,12,0.0494
4632,長尾 京志郎,243,20,0.0823
4775,千葉 真弥,243,55,0.2263
4283,石井 裕美,243,14,0.0576
4203,小倉 康典,243,26,0.107
4976,金山 立樹,242,26,0.1074
4431,石塚 裕介,242,41,0.1694
4495,森 晋太郎,242,53,0.219
4778,堤 啓輔,242,43,0.1777
5069,山崎 小葉音,242,36,0.1488
5320,岩崎 麗子,241,9,0.0373
4349,犬童 千秋,241,24,0.0996
3589,西村 勝,241,25,0.1037
3528,笠野 友紀恵,241,19,0.0788
5375,庄島 潤成,241,1,0.0041
5230,石原 凪紗,241,27,0.112
3377,塚田 修二,240,13,0.0542
5198,奥村 明日香,240,27,0.1125
5356,長谷川 暖,240,32,0.1333
5241,門田 栞,240,23,0.0958
3577,向所 浩二,240,29,0.1208
3896,上田 洋平,240,25,0.1042
5331,佐藤 永梧,240,37,0.1542
5322,根岸 真優,239,11,0.046
3866,木山 誠一,239,15,0.0628
3681,山谷 央,239,37,0.1548
5156,坂野 さくら,239,35,0.1464
4332,村上 彰一,239,15,0.0628
3024,西島 義則,239,79,0.3305
3949,今出 晋二,238,5,0.021
4098,赤澤 文香,238,19,0.0798
5382,山下 心一,238,3,0.0126
3467,森 弘行,238,13,0.0546
4473,藤堂 里香,238,40,0.1681
5383,中村 楓,237,2,0.0084
4678,水野 望美,237,35,0.1477
4720,西澤 日花里,237,18,0.0759
5140,吉田 彩乃,237,19,0.0802
4675,井手 良太,237,41,0.173
5306,河内 悠利杏,237,5,0.0211
4129,宇野 博之,237,14,0.0591
3859,多羅尾 達之,237,20,0.0844
3642,大塚 浩二,237,19,0.0802
3532,柴田 光,236,64,0.2712
3621,天野 晶夫,236,27,0.1144
4508,野間 大樹,236,33,0.1398
4746,大豆生田 蒼,236,45,0.1907
4128,川口 貴久,235,29,0.1234
3793,高橋 真吾,235,22,0.0936
3596,河上 年昭,235,17,0.0723
3523,寳田 亮治,235,12,0.0511
3583,齋藤 智裕,235,7,0.0298
4733,赤井 睦,235,39,0.166
4558,宮野 仁,234,17,0.0726
5271,杉山 太陽,234,15,0.0641
5328,井上 慧人,234,16,0.0684
5368,宮崎 心之介,234,36,0.1538
4641,磯村 匠,233,27,0.1159
3543,福田 雅一,233,35,0.1502
3809,吉田 光,233,14,0.0601
5369,岡崎 凪汰,233,11,0.0472
4635,峰重 力也,233,42,0.1803
4465,大西 賢,232,19,0.0819
5300,横田 海人,232,6,0.0259
3950,石川 哲秀,232,9,0.0388
5083,柳瀬 幹太,232,31,0.1336
5274,城間 盛渚,232,42,0.181
5192,中尾 優香,232,40,0.1724
3787,天野 誠,232,11,0.0474
3507,藤井 徹,232,15,0.0647
4853,前原 哉,231,22,0.0952
3054,北川 幸典,231,38,0.1645
4177,萬 正嗣,231,30,0.1299
4874,池田 奈津美,231,26,0.1126
4836,大谷 健太,231,37,0.1602
4965,福岡 泉水,231,21,0.0909
5388,佐野 優都,230,12,0.0522
5404,内田 壮,230,2,0.0087
5295,田上 凜,229,24,0.1048
4301,関 裕也,229,25,0.1092
5100,栗原 一馬,229,23,0.1004
4525,真子 奈津実,229,24,0.1048
5357,田中 瀬里奈,228,0,0.0
5287,滝沢 織寧,228,10,0.0439
5290,坂本 一真,228,12,0.0526
3518,倉田 郁美,228,12,0.0526
5374,木山 大聖,228,2,0.0088
4439,近藤 友宝,228,12,0.0526
4664,東口 晃,228,18,0.0789
4878,西岡 育未,228,24,0.1053
4190,長嶋 万記,227,56,0.2467
3932,池田 浩美,227,34,0.1498
5268,山本 幸也,227,11,0.0485
5315,浅井 翼,227,8,0.0352
5377,鳥居塚 嶺王,227,17,0.0749
5302,秋末 秦悟,226,12,0.0531
5152,丸山 祐也,226,7,0.031
4414,大澤 真菜,226,25,0.1106
3955,眞田 英二,226,27,0.1195
4766,石井 孝之,225,24,0.1067
4815,伏島 祐介,225,29,0.1289
5321,一色 颯輝,225,31,0.1378
5091,為本 智也,225,53,0.2356
5346,中村 紋夕梨,225,2,0.0089
5228,若林 樹蘭,225,52,0.2311
5319,近藤 颯斗,224,38,0.1696
5360,高木 茉白,224,6,0.0268
5392,安武 一也,224,0,0.0
5309,森 雄利,224,8,0.0357
3315,広瀬 聖仁,224,14,0.0625
5107,松本 真広,224,28,0.125
4744,伊藤 玲奈,224,21,0.0938
3448,高山 秀雄,223,16,0.0717
3159,江口 晃生,223,66,0.296
5219,森口 和紀,223,39,0.1749
4901,出口 舞有子,223,37,0.1659
4408,仁科 さやか,222,18,0.0811
3509,池 千夏,222,7,0.0315
5379,廣部 大明,221,4,0.0181
5179,藤本 元輝,221,31,0.1403
5381,有山 望,221,9,0.0407
5323,香川 陽太,221,22,0.0995
4567,上村 慎太郎,221,12,0.0543
5314,中曽 瑠華,220,7,0.0318
3945,橋口 真樹,220,13,0.0591
5353,草川 壮良,220,7,0.0318
5336,瀬川 大地,220,7,0.0318
5384,八戸 琉楓,220,4,0.0182
5385,鈴木 柊介,220,2,0.0091
5333,山下 智己,220,23,0.1045
4919,吉田 翔悟,220,24,0.1091
3901,松田 憲幸,220,29,0.1318
5348,小林 甘寧,220,19,0.0864
4691,水原 慎,219,27,0.1233
5349,宮崎 奏磨,219,1,0.0046
4085,荻野 裕介,219,28,0.1279
5019,柴田 百恵,218,24,0.1101
5310,土屋 蘭,218,13,0.0596
5400,高村 諒,218,2,0.0092
3579,中里 優子,217,27,0.1244
5378,鈴木 結平太,217,1,0.0046
3551,藤田 美代,217,13,0.0599
3845,中谷 朋子,216,42,0.1944
4499,滝川 真由子,215,37,0.1721
5362,中嶋 世奈,215,4,0.0186
4782,浜崎 準也,215,21,0.0977
5365,石村 日奈那,215,4,0.0186
5406,小畑 楓夏,215,0,0.0
5405,竹内 来,215,3,0.014
4421,森作 広大,214,10,0.0467
4533,峰重 侑治,214,25,0.1168
5355,萩原 丈太朗,214,5,0.0234
3904,森 貴洋,214,28,0.1308
5419,櫻井 隼,213,0,0.0
5327,西田 和加,213,0,0.0
5259,野田 昇吾,213,10,0.0469
5371,早川 颯太,213,2,0.0094
5103,芝田 京介,213,15,0.0704
5187,小坂 風太,212,9,0.0425
5284,嘉手苅 徹哉,212,11,0.0519
3107,平岡 重典,212,13,0.0613
5197,中野 仁照,211,51,0.2417
3788,一宮 稔弘,211,45,0.2133
5254,羽田 妃希,211,10,0.0474
4071,古賀 千晶,210,22,0.1048
4897,深見 亜由美,210,12,0.0571
5341,山道 諄也,209,5,0.0239
5396,近藤 来希,209,1,0.0048
3544,豊田 訓靖,209,11,0.0526
4863,三浦 裕貴,208,20,0.0962
4792,杉村 賢也,208,30,0.1442
4176,樋口 喜彦,208,12,0.0577
5380,野田 亜湖,208,0,0.0
4244,鈴木 成美,208,20,0.0962
5118,野田 なづき,208,25,0.1202
5412,久保田 凪紗,208,0,0.0
5342,原村 百那,207,2,0.0097
3302,谷川 里江,207,35,0.1691
3704,本部 めぐみ,207,10,0.0483
4041,小林 基樹,207,16,0.0773
5061,中村 駿平,207,15,0.0725
4650,中山 雄太,206,43,0.2087
5393,藤原 駿,206,0,0.0
3567,吉岡 誠,206,15,0.0728
5148,松本 怜,206,25,0.1214
4889,後藤 盛也,205,36,0.1756
3778,安達 美帆,204,7,0.0343
5407,中岡 駿,204,2,0.0098
5237,永松 良教,204,20,0.098
3986,沖島 広和,204,26,0.1275
5361,植竹 玲奈,203,2,0.0099
5416,龍田 真白,203,6,0.0296
5305,伊藤 栞,202,4,0.0198
5347,井澤 聖奈,201,0,0.0
5417,小柳 勝希,201,5,0.0249
3286,坂東 満,201,23,0.1144
5372,上岡 巧汰,200,2,0.01
4729,佐藤 謙史朗,200,19,0.095
5397,寺田 夢生,200,0,0.0
3653,品川 賢次,199,12,0.0603
4479,矢野 真梨菜,199,13,0.0653
3578,塩田 雄一,199,14,0.0704
5411,木下 虎之輔,199,1,0.005
3372,加藤 雅之,198,6,0.0303
5366,塩嶋 泰空,198,1,0.0051
4964,土屋 南,198,42,0.2121
3871,池田 紫乃,197,19,0.0964
5403,藤山 湧太,197,1,0.0051
5128,坪井 爽佑,197,16,0.0812
5409,宮本 琉正,197,4,0.0203
4355,小川 広大,196,7,0.0357
5413,宮城 那菜,196,1,0.0051
4498,宮本 夏樹,196,28,0.1429
3207,田村 美和,196,8,0.0408
4666,日笠 勝弘,195,15,0.0769
5387,戸田 海咲音,194,0,0.0
5395,日高 龍之介,194,6,0.0309
4519,清水 沙樹,193,42,0.2176
5391,出穂 和鼓,193,0,0.0
5293,眞崎 武蔵,193,5,0.0259
5390,高橋 涼夏,193,2,0.0104
5370,日隈 茜,192,0,0.0
4313,西村 美智子,191,40,0.2094
4784,向井田 真紀,190,19,0.1
4724,吉田 祐貴,190,6,0.0316
4882,瀧川 千依,189,15,0.0794
5209,小野 京平,189,4,0.0212
5124,上瀧 絢也,189,12,0.0635
3832,下田 哲也,189,11,0.0582
3953,志道 吉和,189,13,0.0688
5175,島崎 丈一朗,188,20,0.1064
4534,坂 咲友理,188,11,0.0585
5324,畑田 希咲,188,5,0.0266
5367,赤松 咲香,188,2,0.0106
5420,吉原 快誓,188,0,0.0
5418,堀内 亜海,188,0,0.0
4843,深尾 巴恵,187,31,0.1658
3630,黒田 誠司,187,8,0.0428
5101,表 健太,187,4,0.0214
4753,森 照夫,186,19,0.1022
5358,増本 杏珠,186,1,0.0054
5117,冨名腰 桃奈,186,19,0.1022
5253,藤井 太雅,185,20,0.1081
5399,長野 未来,184,0,0.0
5138,村本 大成,184,9,0.0489
3461,渡邊 哲也,183,12,0.0656
3538,菊池 峰晴,183,12,0.0656
4275,菅野 はやか,181,5,0.0276
5147,田中 勇輔,181,14,0.0773
3801,五反田 忍,180,27,0.15
3726,桂林 寛,179,16,0.0894
3591,後藤 孝義,179,7,0.0391
5304,井田 涼介,177,3,0.0169
5201,村上 宗太郎,177,17,0.096
3444,香月 大介,177,13,0.0734
4681,太田 潮,175,12,0.0686
4884,勝浦 真帆,175,32,0.1829
4268,和合 俊介,175,6,0.0343
4885,大山 千広,175,51,0.2914
3820,樫葉 次郎,173,2,0.0116
5235,岩田 凌,172,10,0.0581
5283,植木 美帆,172,8,0.0465
4865,立具 敬司,171,17,0.0994
3176,長谷川 巌,171,15,0.0877
4569,中澤 宏奈,171,23,0.1345
5169,堀本 翔太,169,10,0.0592
4385,鈴木 祐美子,169,10,0.0592
5427,港 理樹,169,1,0.0059
5402,塚越 陸斗,168,0,0.0
5410,今泉 澪,168,1,0.006
3353,前田 光昭,167,10,0.0599
5077,滝沢 崚,167,10,0.0599
5415,阿部 未侑,167,0,0.0
5373,諏訪 玲奈,166,1,0.006
5122,相馬 翔,164,18,0.1098
3081,岡本 慎治,162,23,0.142
4683,向井田 直弥,162,18,0.1111
3070,山室 展弘,161,26,0.1615
4660,宇田川 信一,160,11,0.0688
5174,川井 萌,156,28,0.1795
3289,高橋 淳美,156,11,0.0705
5434,藤田 康生,152,3,0.0197
5180,藤本 紗弥香,150,15,0.1
3895,堀本 裕也,149,12,0.0805
4997,濱崎 寿里矢,149,9,0.0604
4548,篠木 亜衣花,148,6,0.0405
5432,安藤 瑠希,147,3,0.0204
3631,田添 康介,145,4,0.0276
5251,沼田 七華,142,1,0.007
5441,鈴木 雄登,142,6,0.0423
4162,竹本 太樹,139,9,0.0647
5363,山本 凱立,139,1,0.0072
4940,白石 有美,139,5,0.036
5164,森田 梨湖,138,3,0.0217
5176,石倉 拓美,138,7,0.0507
3921,川村 正輝,138,13,0.0942
4510,坂本 奈央,138,3,0.0217
4990,田中 博子,136,5,0.0368
4956,齊藤 大将,136,11,0.0809
5401,谷 海夏人,136,2,0.0147
4854,大橋 由珠,134,8,0.0597
5436,市川 瑚幸,134,0,0.0
3939,渡辺 真至,133,25,0.188
5426,甲斐 貴大,133,0,0.0
5200,筒井 美琴,132,1,0.0076
5052,赤井 星璃菜,132,14,0.1061
5439,志賀 美優,132,1,0.0076
4080,山崎 哲司,131,45,0.3435
5113,黒明 花夢,130,7,0.0538
3645,淺田 千亜希,130,14,0.1077
4758,富樫 麗加,129,25,0.1938
5433,米本 圭佑,129,0,0.0
3246,星野 政彦,125,9,0.072
3851,森田 昭彦,125,5,0.04
5204,宇恵 有香,124,10,0.0806
4954,内山 峻輔,123,9,0.0732
4781,西舘 果里,122,10,0.082
5438,星田 夢結,122,0,0.0
3346,宮本 裕之,121,9,0.0744
5184,飯塚 響,120,9,0.075
5444,林 風音,120,0,0.0
5440,薗頭 心,120,0,0.0
5425,西山 育,118,0,0.0
5442,池田 美優,118,0,0.0
4056,小西 英輝,115,12,0.1043
5429,吉川 颯汰,114,0,0.0
5443,西村 仁吾,113,0,0.0
3355,橋谷田 佳織,112,2,0.0179
5435,中西 月輝,111,0,0.0
5430,鳥本 智史,109,0,0.0
5431,得山 大輝,109,0,0.0
5108,柴田 愛梨,108,3,0.0278
5428,古園井 綾南,108,0,0.0
5408,中山 鷹輔,105,0,0.0
5421,原田 朱理,105,0,0.0
5162,松尾 怜実,103,3,0.0291
5424,熊倉 幹太,103,2,0.0194
4492,本多 宏和,102,30,0.2941
5423,高橋 嗣穏,101,0,0.0
4998,中村 かなえ,99,12,0.1212
5422,真田 聖也,96,0,0.0
4726,島田 なぎさ,95,9,0.0947
5437,中澤 里桜,90,0,0.0
4663,籾山 佳岳,84,20,0.2381
3419,栗原 謙治,84,2,0.0238
4818,伏見 俊介,82,8,0.0976
3414,加瀬 智宏,79,9,0.1139
3736,岡本 猛,79,9,0.1139
5460,早川 理稀,75,1,0.0133
3462,竹上 真司,74,10,0.1351
5171,清水 未唯,73,6,0.0822
5072,吉田 杏美,73,3,0.0411
5471,田中 結,67,0,0.0
5455,澁澤 周羽,65,0,0.0
5414,中澤 英里,62,0,0.0
5457,山田 陽翔,62,0,0.0
5456,今村 天次朗,61,0,0.0
5453,久保 翔耶,60,1,0.0167
5454,谷島 咲希,59,0,0.0
5468,山口 隼人,58,0,0.0
5469,今泉 博人,57,0,0.0
5458,田中 大輝,56,0,0.0
4078,渡辺 史之,55,5,0.0909
5450,藤本 遼磨,55,1,0.0182
5448,福田 柊人,55,0,0.0
3855,大熊 辰弥,54,0,0.0
5467,野村 羽玖,54,1,0.0185
4690,高石 梨菜,54,10,0.1852
5463,出口 飛龍,54,0,0.0
4005,瀬川 公則,53,3,0.0566
3943,三松 直美,53,0,0.0
5447,岡本 亜子,53,0,0.0
5227,川原 愛未,52,2,0.0385
4340,土性 雅也,52,2,0.0385
3273,石田 豪,51,5,0.098
5452,上馬場 風依,51,0,0.0
3600,玄馬 徹,49,4,0.0816
5466,成田 華音,48,0,0.0
5445,一ノ木 匠,48,0,0.0
5470,坂口 諒宗,47,0,0.0
5461,板頭 里緒,47,0,0.0
5462,山浦 槙,46,0,0.0
5464,宮田 栞,46,0,0.0
5472,中川 海虹,46,0,0.0
5449,堀井 涼平,45,1,0.0222
5459,田中 きら,45,0,0.0
5446,長嶺 真李愛,43,0,0.0
5465,直江 健成,41,0,0.0
3802,森岡 まき,35,2,0.0571
5451,知念 伶奈,34,0,0.0
5056,西岡 成美,34,5,0.1471
3391,鈴木 茂正,27,0,0.0
5215,石丸 小槙,18,2,0.1111
3553,平池 仁志,10,2,0.2
5059,冨田 祥,9,0,0.0
3702,貞兼 淳二,8,0,0.0
4756,渡邉 昌成,4,0,0.0
