race_date,stadium_number,race_number,boat_number,racer_name,predicted_score,predicted_probability,predicted_rank,model_used
2026-09-24,1,1,1,菊池 峰晴,0.3164,0.3505,1,logistic_regression
2026-09-24,1,1,3,浜先 真範,0.2162,0.2396,2,logistic_regression
2026-09-24,1,1,4,小林 孝彰,0.1282,0.142,3,logistic_regression
2026-09-24,1,1,5,里岡 右貴,0.1266,0.1402,4,logistic_regression
2026-09-24,1,1,2,柴田 直哉,0.1066,0.1181,5,logistic_regression
2026-09-24,1,1,6,中村 駿平,0.0086,0.0096,6,logistic_regression
2026-09-24,1,2,1,楠原 正剛,0.4772,0.4338,1,logistic_regression
2026-09-24,1,2,3,武田 光史,0.2309,0.2099,2,logistic_regression
2026-09-24,1,2,4,吉田 慎二郎,0.1471,0.1337,3,logistic_regression
2026-09-24,1,2,2,浜本 裕己,0.1442,0.1311,4,logistic_regression
2026-09-24,1,2,5,田中 辰彦,0.0845,0.0768,5,logistic_regression
2026-09-24,1,2,6,小川 晃司,0.0161,0.0147,6,logistic_regression
2026-09-24,1,3,1,奈須 啓太,0.6818,0.5881,1,logistic_regression
2026-09-24,1,3,3,岡村 仁,0.1991,0.1717,2,logistic_regression
2026-09-24,1,3,2,藤生 雄人,0.1209,0.1043,3,logistic_regression
2026-09-24,1,3,5,篠田 優也,0.0889,0.0767,4,logistic_regression
2026-09-24,1,3,4,山下 流心,0.061,0.0526,5,logistic_regression
2026-09-24,1,3,6,港 理樹,0.0077,0.0066,6,logistic_regression
2026-09-24,1,4,1,島倉 都,0.3227,0.515,1,logistic_regression
2026-09-24,1,4,3,藤原 菜希,0.1652,0.2637,2,logistic_regression
2026-09-24,1,4,2,大廣 咲季,0.0654,0.1044,3,logistic_regression
2026-09-24,1,4,5,金田 幸子,0.0533,0.0851,4,logistic_regression
2026-09-24,1,4,4,阿部 未侑,0.0156,0.0249,5,logistic_regression
2026-09-24,1,4,6,中澤 里桜,0.0044,0.0069,6,logistic_regression
2026-09-24,1,5,1,嶋田 有里,0.4076,0.4457,1,logistic_regression
2026-09-24,1,5,2,若狭 奈美子,0.1685,0.1843,2,logistic_regression
2026-09-24,1,5,3,高石 梨菜,0.1382,0.1511,3,logistic_regression
2026-09-24,1,5,4,櫻本 あゆみ,0.1225,0.134,4,logistic_regression
2026-09-24,1,5,5,北村 寧々,0.0579,0.0633,5,logistic_regression
2026-09-24,1,5,6,小野 桜,0.0198,0.0217,6,logistic_regression
2026-09-24,1,6,1,松尾 夏海,0.6981,0.6603,1,logistic_regression
2026-09-24,1,6,3,樋口 由加里,0.1168,0.1105,2,logistic_regression
2026-09-24,1,6,2,湯淺 紀香,0.1123,0.1062,3,logistic_regression
2026-09-24,1,6,4,大豆生田 蒼,0.0932,0.0882,4,logistic_regression
2026-09-24,1,6,5,大澤 真菜,0.0325,0.0308,5,logistic_regression
2026-09-24,1,6,6,市川 瑚幸,0.0042,0.004,6,logistic_regression
2026-09-24,1,7,1,吉田 慎二郎,0.642,0.6709,1,logistic_regression
2026-09-24,1,7,2,加藤 優弥,0.1297,0.1355,2,logistic_regression
2026-09-24,1,7,3,藤本 元輝,0.0754,0.0788,3,logistic_regression
2026-09-24,1,7,5,村上 宗太郎,0.0421,0.044,4,logistic_regression
2026-09-24,1,7,6,大澤 普司,0.0385,0.0402,5,logistic_regression
2026-09-24,1,7,4,中村 駿平,0.0293,0.0306,6,logistic_regression
2026-09-24,1,8,1,浜先 真範,0.6894,0.4893,1,logistic_regression
2026-09-24,1,8,3,里岡 右貴,0.2403,0.1706,2,logistic_regression
2026-09-24,1,8,2,奈須 啓太,0.2218,0.1574,3,logistic_regression
2026-09-24,1,8,5,武田 光史,0.1209,0.0858,4,logistic_regression
2026-09-24,1,8,4,浜本 裕己,0.1086,0.0771,5,logistic_regression
2026-09-24,1,8,6,藤生 雄人,0.0278,0.0198,6,logistic_regression
2026-09-24,1,9,1,田中 辰彦,0.6184,0.5161,1,logistic_regression
2026-09-24,1,9,2,篠田 優也,0.1855,0.1548,2,logistic_regression
2026-09-24,1,9,4,岡村 仁,0.1612,0.1345,3,logistic_regression
2026-09-24,1,9,3,小林 孝彰,0.1598,0.1334,4,logistic_regression
2026-09-24,1,9,5,柴田 直哉,0.0486,0.0406,5,logistic_regression
2026-09-24,1,9,6,楠原 正剛,0.0246,0.0206,6,logistic_regression
2026-09-24,1,10,1,大豆生田 蒼,0.5168,0.5259,1,logistic_regression
2026-09-24,1,10,2,櫻本 あゆみ,0.1619,0.1648,2,logistic_regression
2026-09-24,1,10,3,金田 幸子,0.1094,0.1114,3,logistic_regression
2026-09-24,1,10,4,樋口 由加里,0.0928,0.0944,4,logistic_regression
2026-09-24,1,10,5,藤原 菜希,0.0831,0.0846,5,logistic_regression
2026-09-24,1,10,6,嶋田 有里,0.0187,0.019,6,logistic_regression
2026-09-24,1,11,1,北村 寧々,0.5191,0.4994,1,logistic_regression
2026-09-24,1,11,2,松尾 夏海,0.2352,0.2262,2,logistic_regression
2026-09-24,1,11,3,若狭 奈美子,0.1593,0.1532,3,logistic_regression
2026-09-24,1,11,4,湯淺 紀香,0.0838,0.0806,4,logistic_regression
2026-09-24,1,11,5,大廣 咲季,0.0291,0.028,5,logistic_regression
2026-09-24,1,11,6,島倉 都,0.013,0.0125,6,logistic_regression
2026-09-24,1,12,1,津田 裕絵,0.5212,0.7706,1,logistic_regression
2026-09-24,1,12,2,森 陽多,0.0492,0.0727,2,logistic_regression
2026-09-24,1,12,4,福島 陽子,0.0411,0.0608,3,logistic_regression
2026-09-24,1,12,3,飯塚 響,0.0392,0.058,4,logistic_regression
2026-09-24,1,12,5,西澤 日花里,0.0211,0.0312,5,logistic_regression
2026-09-24,1,12,6,阿部 未侑,0.0045,0.0067,6,logistic_regression
2026-09-24,2,1,1,中嶋 世奈,0.2334,0.5563,1,logistic_regression
2026-09-24,2,1,3,飯田 庄吾,0.0629,0.1499,2,logistic_regression
2026-09-24,2,1,4,清水 紀克,0.0552,0.1316,3,logistic_regression
2026-09-24,2,1,2,長谷川 親王,0.0545,0.13,4,logistic_regression
2026-09-24,2,1,5,林 風音,0.0082,0.0196,5,logistic_regression
2026-09-24,2,1,6,板頭 里緒,0.0053,0.0126,6,logistic_regression
2026-09-24,2,2,1,佐藤 謙史朗,0.3486,0.4773,1,logistic_regression
2026-09-24,2,2,2,土屋 実沙希,0.1297,0.1776,2,logistic_regression
2026-09-24,2,2,5,小山 勉,0.0958,0.1311,3,logistic_regression
2026-09-24,2,2,3,伊藤 雄二,0.058,0.0794,4,logistic_regression
2026-09-24,2,2,4,小松 卓司,0.0565,0.0774,5,logistic_regression
2026-09-24,2,2,6,大場 敏,0.0417,0.0571,6,logistic_regression
2026-09-24,2,3,1,根岸 真優,0.3279,0.367,1,logistic_regression
2026-09-24,2,3,3,平田 さやか,0.1766,0.1976,2,logistic_regression
2026-09-24,2,3,2,横川 聖志,0.1445,0.1617,3,logistic_regression
2026-09-24,2,3,4,出口 舞有子,0.1135,0.127,4,logistic_regression
2026-09-24,2,3,5,荒井 翔伍,0.0946,0.1058,5,logistic_regression
2026-09-24,2,3,6,武富 智亮,0.0365,0.0408,6,logistic_regression
2026-09-24,2,4,1,山本 景士郎,0.4144,0.4077,1,logistic_regression
2026-09-24,2,4,2,下寺 秀和,0.2541,0.25,2,logistic_regression
2026-09-24,2,4,6,西野 雄貴,0.1008,0.0992,3,logistic_regression
2026-09-24,2,4,3,松田 隆司,0.0978,0.0963,4,logistic_regression
2026-09-24,2,4,4,笠置 博之,0.0928,0.0913,5,logistic_regression
2026-09-24,2,4,5,盛本 真輔,0.0565,0.0556,6,logistic_regression
2026-09-24,2,5,1,金田 諭,0.624,0.6661,1,logistic_regression
2026-09-24,2,5,4,柘植 政浩,0.1303,0.1391,2,logistic_regression
2026-09-24,2,5,3,中里 昌志,0.0858,0.0916,3,logistic_regression
2026-09-24,2,5,2,飯田 庄吾,0.067,0.0715,4,logistic_regression
2026-09-24,2,5,5,龍田 真白,0.0192,0.0205,5,logistic_regression
2026-09-24,2,5,6,豊田 訓靖,0.0105,0.0112,6,logistic_regression
2026-09-24,2,6,1,福田 雅一,0.4519,0.5614,1,logistic_regression
2026-09-24,2,6,3,山本 光雄,0.1014,0.126,2,logistic_regression
2026-09-24,2,6,4,土屋 実沙希,0.0972,0.1208,3,logistic_regression
2026-09-24,2,6,2,杉村 賢也,0.0718,0.0892,4,logistic_regression
2026-09-24,2,6,5,坂本 雄紀,0.0702,0.0872,5,logistic_regression
2026-09-24,2,6,6,林 恵祐,0.0124,0.0154,6,logistic_regression
2026-09-24,2,7,1,荒井 翔伍,0.6471,0.7832,1,logistic_regression
2026-09-24,2,7,2,佐藤 謙史朗,0.0664,0.0804,2,logistic_regression
2026-09-24,2,7,4,根岸 真優,0.0448,0.0542,3,logistic_regression
2026-09-24,2,7,3,中嶋 世奈,0.0365,0.0441,4,logistic_regression
2026-09-24,2,7,5,伊藤 雄二,0.0274,0.0332,5,logistic_regression
2026-09-24,2,7,6,林 風音,0.004,0.0049,6,logistic_regression
2026-09-24,2,8,1,小松 卓司,0.3841,0.5039,1,logistic_regression
2026-09-24,2,8,4,横川 聖志,0.1088,0.1428,2,logistic_regression
2026-09-24,2,8,2,松田 隆司,0.1039,0.1364,3,logistic_regression
2026-09-24,2,8,5,大場 敏,0.0822,0.1078,4,logistic_regression
2026-09-24,2,8,3,清水 紀克,0.0703,0.0922,5,logistic_regression
2026-09-24,2,8,6,森 弘行,0.013,0.017,6,logistic_regression
2026-09-24,2,9,1,長谷川 親王,0.3025,0.4821,1,logistic_regression
2026-09-24,2,9,3,笠置 博之,0.1168,0.1862,2,logistic_regression
2026-09-24,2,9,2,山本 景士郎,0.086,0.1371,3,logistic_regression
2026-09-24,2,9,6,小山 勉,0.0489,0.078,4,logistic_regression
2026-09-24,2,9,5,中里 昌志,0.0412,0.0657,5,logistic_regression
2026-09-24,2,9,4,龍田 真白,0.0319,0.0509,6,logistic_regression
2026-09-24,2,10,1,武富 智亮,0.5776,0.5098,1,logistic_regression
2026-09-24,2,10,3,柘植 政浩,0.1624,0.1433,2,logistic_regression
2026-09-24,2,10,2,坂本 雄紀,0.1499,0.1323,3,logistic_regression
2026-09-24,2,10,5,下寺 秀和,0.1274,0.1124,4,logistic_regression
2026-09-24,2,10,4,山本 光雄,0.0802,0.0708,5,logistic_regression
2026-09-24,2,10,6,出口 舞有子,0.0356,0.0314,6,logistic_regression
2026-09-24,2,11,1,西野 雄貴,0.8019,0.6206,1,logistic_regression
2026-09-24,2,11,3,金田 諭,0.1711,0.1324,2,logistic_regression
2026-09-24,2,11,4,平田 さやか,0.1422,0.1101,3,logistic_regression
2026-09-24,2,11,2,盛本 真輔,0.1226,0.0949,4,logistic_regression
2026-09-24,2,11,5,杉村 賢也,0.0321,0.0248,5,logistic_regression
2026-09-24,2,11,6,福田 雅一,0.0223,0.0173,6,logistic_regression
2026-09-24,2,12,1,田中 信一郎,0.7034,0.4942,1,logistic_regression
2026-09-24,2,12,2,上野 真之介,0.3714,0.2609,2,logistic_regression
2026-09-24,2,12,4,青木 幸太郎,0.1103,0.0775,3,logistic_regression
2026-09-24,2,12,3,岩橋 裕馬,0.0986,0.0693,4,logistic_regression
2026-09-24,2,12,5,片岡 雅裕,0.0972,0.0683,5,logistic_regression
2026-09-24,2,12,6,松尾 拓,0.0425,0.0298,6,logistic_regression
2026-09-24,6,1,1,野中 義生,0.4073,0.5107,1,logistic_regression
2026-09-24,6,1,3,高橋 勲,0.1551,0.1946,2,logistic_regression
2026-09-24,6,1,4,荒川 健太,0.1123,0.1408,3,logistic_regression
2026-09-24,6,1,2,松下 知幸,0.0629,0.0789,4,logistic_regression
2026-09-24,6,1,5,森 照夫,0.0337,0.0423,5,logistic_regression
2026-09-24,6,1,6,藤山 翔大,0.0261,0.0327,6,logistic_regression
2026-09-24,6,2,1,田中 太一郎,0.363,0.4739,1,logistic_regression
2026-09-24,6,2,3,西丸 敦基,0.168,0.2193,2,logistic_regression
2026-09-24,6,2,2,川上 剛,0.1334,0.1742,3,logistic_regression
2026-09-24,6,2,4,吉田 翔悟,0.0472,0.0616,4,logistic_regression
2026-09-24,6,2,5,柳瀬 幹太,0.0388,0.0507,5,logistic_regression
2026-09-24,6,2,6,近藤 雄一郎,0.0156,0.0203,6,logistic_regression
2026-09-24,6,3,1,中島 昂章,0.4992,0.6192,1,logistic_regression
2026-09-24,6,3,4,西野 翔太,0.1764,0.2188,2,logistic_regression
2026-09-24,6,3,2,上村 宏太,0.0643,0.0797,3,logistic_regression
2026-09-24,6,3,6,山一 鉄也,0.027,0.0335,4,logistic_regression
2026-09-24,6,3,3,早川 颯太,0.0238,0.0296,5,logistic_regression
2026-09-24,6,3,5,高村 諒,0.0155,0.0192,6,logistic_regression
2026-09-24,6,4,1,後藤 翔之,0.6656,0.6544,1,logistic_regression
2026-09-24,6,4,3,川口 貴久,0.1224,0.1204,2,logistic_regression
2026-09-24,6,4,4,小林 甘寧,0.1116,0.1097,3,logistic_regression
2026-09-24,6,4,2,松山 裕基,0.0628,0.0618,4,logistic_regression
2026-09-24,6,4,5,下河 誉史,0.0395,0.0388,5,logistic_regression
2026-09-24,6,4,6,熊本 英一,0.0152,0.0149,6,logistic_regression
2026-09-24,6,5,1,廣瀬 篤哉,0.5055,0.5983,1,logistic_regression
2026-09-24,6,5,5,大須賀 友,0.1,0.1183,2,logistic_regression
2026-09-24,6,5,4,小坂 宗司,0.0998,0.1181,3,logistic_regression
2026-09-24,6,5,2,野中 義生,0.0837,0.0991,4,logistic_regression
2026-09-24,6,5,3,廣部 大明,0.0388,0.0459,5,logistic_regression
2026-09-24,6,5,6,寳田 亮治,0.0171,0.0203,6,logistic_regression
2026-09-24,6,6,1,本橋 克洋,0.4177,0.4397,1,logistic_regression
2026-09-24,6,6,2,梶野 学志,0.1963,0.2067,2,logistic_regression
2026-09-24,6,6,3,有賀 達也,0.1749,0.1841,3,logistic_regression
2026-09-24,6,6,5,高橋 勲,0.0776,0.0817,4,logistic_regression
2026-09-24,6,6,4,浦田 晃嗣,0.0473,0.0498,5,logistic_regression
2026-09-24,6,6,6,江本 真治,0.0361,0.038,6,logistic_regression
2026-09-24,6,7,1,荒川 健太,0.5682,0.6347,1,logistic_regression
2026-09-24,6,7,4,湯川 浩司,0.1138,0.1271,2,logistic_regression
2026-09-24,6,7,2,柳瀬 幹太,0.0862,0.0963,3,logistic_regression
2026-09-24,6,7,5,藤山 翔大,0.0523,0.0584,4,logistic_regression
2026-09-24,6,7,6,宮崎 心之介,0.0416,0.0464,5,logistic_regression
2026-09-24,6,7,3,高村 諒,0.0332,0.037,6,logistic_regression
2026-09-24,6,8,1,西丸 敦基,0.6188,0.7095,1,logistic_regression
2026-09-24,6,8,4,山一 鉄也,0.0878,0.1007,2,logistic_regression
2026-09-24,6,8,2,森 照夫,0.0754,0.0864,3,logistic_regression
2026-09-24,6,8,3,松山 裕基,0.059,0.0676,4,logistic_regression
2026-09-24,6,8,6,武重 雄介,0.0201,0.0231,5,logistic_regression
2026-09-24,6,8,5,早川 颯太,0.0111,0.0127,6,logistic_regression
2026-09-24,6,9,1,小坂 宗司,0.5356,0.6688,1,logistic_regression
2026-09-24,6,9,3,下河 誉史,0.0824,0.1028,2,logistic_regression
2026-09-24,6,9,2,加藤 翔,0.0699,0.0873,3,logistic_regression
2026-09-24,6,9,4,近藤 雄一郎,0.052,0.065,4,logistic_regression
2026-09-24,6,9,5,田中 太一郎,0.0314,0.0393,5,logistic_regression
2026-09-24,6,9,6,安達 裕樹,0.0295,0.0368,6,logistic_regression
2026-09-24,6,10,1,西野 翔太,0.6902,0.5437,1,logistic_regression
2026-09-24,6,10,2,後藤 翔之,0.2093,0.1649,2,logistic_regression
2026-09-24,6,10,4,有賀 達也,0.1408,0.1109,3,logistic_regression
2026-09-24,6,10,3,小林 甘寧,0.1397,0.1101,4,logistic_regression
2026-09-24,6,10,5,川上 剛,0.0618,0.0487,5,logistic_regression
2026-09-24,6,10,6,廣瀬 篤哉,0.0275,0.0217,6,logistic_regression
2026-09-24,6,11,1,大須賀 友,0.661,0.6065,1,logistic_regression
2026-09-24,6,11,2,湯川 浩司,0.1509,0.1384,2,logistic_regression
2026-09-24,6,11,4,中島 昂章,0.0875,0.0802,3,logistic_regression
2026-09-24,6,11,5,宮崎 心之介,0.0819,0.0752,4,logistic_regression
2026-09-24,6,11,3,吉田 翔悟,0.0602,0.0552,5,logistic_regression
2026-09-24,6,11,6,梶野 学志,0.0484,0.0444,6,logistic_regression
2026-09-24,6,12,1,下條 雄太郎,0.7334,0.5879,1,logistic_regression
2026-09-24,6,12,2,前田 聖文,0.154,0.1234,2,logistic_regression
2026-09-24,6,12,4,角谷 健吾,0.1239,0.0993,3,logistic_regression
2026-09-24,6,12,3,橋本 久和,0.0956,0.0766,4,logistic_regression
2026-09-24,6,12,5,金子 萌,0.0943,0.0756,5,logistic_regression
2026-09-24,6,12,6,渋谷 明憲,0.0463,0.0371,6,logistic_regression
2026-09-24,8,1,1,荒木 颯斗,0.6155,0.7692,1,logistic_regression
2026-09-24,8,1,3,中島 航,0.0601,0.0751,2,logistic_regression
2026-09-24,8,1,2,松尾 光広,0.0568,0.071,3,logistic_regression
2026-09-24,8,1,5,鹿島 敏弘,0.0367,0.0459,4,logistic_regression
2026-09-24,8,1,4,澁澤 周羽,0.0187,0.0233,5,logistic_regression
2026-09-24,8,1,6,山本 幸也,0.0124,0.0155,6,logistic_regression
2026-09-24,8,2,1,丸山 祐也,0.2012,0.3052,1,logistic_regression
2026-09-24,8,2,2,田中 京介,0.1503,0.2279,2,logistic_regression
2026-09-24,8,2,3,一宮 稔弘,0.1313,0.1992,3,logistic_regression
2026-09-24,8,2,5,森作 雄大,0.0747,0.1133,4,logistic_regression
2026-09-24,8,2,4,阪本 勇介,0.0662,0.1004,5,logistic_regression
2026-09-24,8,2,6,天野 友和,0.0355,0.0539,6,logistic_regression
2026-09-24,8,3,1,山口 広樹,0.3422,0.4557,1,logistic_regression
2026-09-24,8,3,2,佐藤 博亮,0.2462,0.3278,2,logistic_regression
2026-09-24,8,3,4,大井 清貴,0.0535,0.0712,3,logistic_regression
2026-09-24,8,3,5,茶谷 信次,0.0507,0.0675,4,logistic_regression
2026-09-24,8,3,3,松浦 勝,0.0404,0.0538,5,logistic_regression
2026-09-24,8,3,6,中岡 健人,0.0179,0.0239,6,logistic_regression
2026-09-24,8,4,1,高橋 龍治,0.3486,0.437,1,logistic_regression
2026-09-24,8,4,2,伊藤 将吉,0.1674,0.2099,2,logistic_regression
2026-09-24,8,4,5,入海 馨,0.0969,0.1214,3,logistic_regression
2026-09-24,8,4,4,石田 政吾,0.0787,0.0986,4,logistic_regression
2026-09-24,8,4,3,松本 弓雄,0.0571,0.0716,5,logistic_regression
2026-09-24,8,4,6,北川 潤二,0.0491,0.0615,6,logistic_regression
2026-09-24,8,5,1,吉田 俊彦,0.7111,0.6739,1,logistic_regression
2026-09-24,8,5,4,中田 元泰,0.1292,0.1225,2,logistic_regression
2026-09-24,8,5,3,間野 兼礼,0.0888,0.0841,3,logistic_regression
2026-09-24,8,5,2,村本 大成,0.0603,0.0572,4,logistic_regression
2026-09-24,8,5,6,野末 智一,0.0356,0.0337,5,logistic_regression
2026-09-24,8,5,5,出畑 孝成,0.0302,0.0286,6,logistic_regression
2026-09-24,8,6,1,秋元 哲,0.7547,0.6558,1,logistic_regression
2026-09-24,8,6,4,中辻 博訓,0.1813,0.1576,2,logistic_regression
2026-09-24,8,6,2,中山 雄太,0.0832,0.0723,3,logistic_regression
2026-09-24,8,6,3,花本 剛,0.0683,0.0593,4,logistic_regression
2026-09-24,8,6,5,井上 茂,0.0325,0.0283,5,logistic_regression
2026-09-24,8,6,6,平石 和男,0.0308,0.0267,6,logistic_regression
2026-09-24,8,7,1,大井 清貴,0.3702,0.4748,1,logistic_regression
2026-09-24,8,7,2,天野 友和,0.1504,0.1928,2,logistic_regression
2026-09-24,8,7,4,高岡 竜也,0.1418,0.1819,3,logistic_regression
2026-09-24,8,7,3,橋口 真樹,0.0694,0.089,4,logistic_regression
2026-09-24,8,7,6,藤田 竜弘,0.0368,0.0472,5,logistic_regression
2026-09-24,8,7,5,澁澤 周羽,0.0111,0.0143,6,logistic_regression
2026-09-24,8,8,1,一宮 稔弘,0.5486,0.5624,1,logistic_regression
2026-09-24,8,8,3,入海 馨,0.1897,0.1944,2,logistic_regression
2026-09-24,8,8,4,柳橋 宏紀,0.0875,0.0897,3,logistic_regression
2026-09-24,8,8,6,和田 拓也,0.0815,0.0835,4,logistic_regression
2026-09-24,8,8,2,松浦 勝,0.0431,0.0442,5,logistic_regression
2026-09-24,8,8,5,松尾 光広,0.0251,0.0258,6,logistic_regression
2026-09-24,8,9,1,三村 岳人,0.6245,0.5502,1,logistic_regression
2026-09-24,8,9,4,吉田 俊彦,0.1913,0.1685,2,logistic_regression
2026-09-24,8,9,3,北川 潤二,0.1881,0.1657,3,logistic_regression
2026-09-24,8,9,2,小川 知行,0.0962,0.0848,4,logistic_regression
2026-09-24,8,9,5,山口 広樹,0.0288,0.0254,5,logistic_regression
2026-09-24,8,9,6,近藤 来希,0.0062,0.0055,6,logistic_regression
2026-09-24,8,10,1,茶谷 信次,0.4839,0.4953,1,logistic_regression
2026-09-24,8,10,4,秋元 哲,0.2282,0.2336,2,logistic_regression
2026-09-24,8,10,3,松下 哲也,0.0908,0.0929,3,logistic_regression
2026-09-24,8,10,2,鹿島 敏弘,0.0817,0.0836,4,logistic_regression
2026-09-24,8,10,5,伊藤 将吉,0.0793,0.0812,5,logistic_regression
2026-09-24,8,10,6,村本 大成,0.0132,0.0135,6,logistic_regression
2026-09-24,8,11,1,高岡 竜也,0.6322,0.5641,1,logistic_regression
2026-09-24,8,11,2,野末 智一,0.1505,0.1343,2,logistic_regression
2026-09-24,8,11,3,森作 雄大,0.1498,0.1337,3,logistic_regression
2026-09-24,8,11,5,荒木 颯斗,0.0836,0.0746,4,logistic_regression
2026-09-24,8,11,6,中辻 博訓,0.06,0.0535,5,logistic_regression
2026-09-24,8,11,4,松本 弓雄,0.0447,0.0399,6,logistic_regression
2026-09-24,8,12,1,佐藤 博亮,0.7106,0.5747,1,logistic_regression
2026-09-24,8,12,4,和田 拓也,0.2356,0.1905,2,logistic_regression
2026-09-24,8,12,2,藤田 竜弘,0.1551,0.1255,3,logistic_regression
2026-09-24,8,12,5,中田 元泰,0.0809,0.0654,4,logistic_regression
2026-09-24,8,12,3,丸山 祐也,0.0304,0.0246,5,logistic_regression
2026-09-24,8,12,6,石田 政吾,0.024,0.0194,6,logistic_regression
2026-09-24,9,1,1,金子 賢志,0.6524,0.757,1,logistic_regression
2026-09-24,9,1,2,山崎 聖司,0.0595,0.0691,2,logistic_regression
2026-09-24,9,1,3,大森 翼,0.0592,0.0687,3,logistic_regression
2026-09-24,9,1,4,田代 達也,0.0541,0.0628,4,logistic_regression
2026-09-24,9,1,5,伊藤 玲奈,0.031,0.036,5,logistic_regression
2026-09-24,9,1,6,坂口 諒宗,0.0055,0.0064,6,logistic_regression
2026-09-24,9,2,1,川合 理司,0.23,0.4127,1,logistic_regression
2026-09-24,9,2,2,為本 智也,0.1664,0.2985,2,logistic_regression
2026-09-24,9,2,3,桂林 寛,0.0822,0.1474,3,logistic_regression
2026-09-24,9,2,4,遠藤 圭吾,0.0542,0.0973,4,logistic_regression
2026-09-24,9,2,6,加藤 啓太,0.0152,0.0273,5,logistic_regression
2026-09-24,9,2,5,志賀 美優,0.0094,0.0169,6,logistic_regression
2026-09-24,9,3,1,上之 晃弘,0.4534,0.4469,1,logistic_regression
2026-09-24,9,3,3,坪井 康晴,0.2485,0.245,2,logistic_regression
2026-09-24,9,3,4,三浦 洋次朗,0.1228,0.121,3,logistic_regression
2026-09-24,9,3,2,岸本 雄貴,0.0986,0.0972,4,logistic_regression
2026-09-24,9,3,6,竹田 辰也,0.0495,0.0488,5,logistic_regression
2026-09-24,9,3,5,滝川 真由子,0.0416,0.041,6,logistic_regression
2026-09-24,9,4,1,楠原 翔太,0.5184,0.4988,1,logistic_regression
2026-09-24,9,4,2,土屋 智則,0.2127,0.2046,2,logistic_regression
2026-09-24,9,4,3,大瀧 明日香,0.1874,0.1803,3,logistic_regression
2026-09-24,9,4,4,多田 有佑,0.0421,0.0405,4,logistic_regression
2026-09-24,9,4,6,岡 祐臣,0.0402,0.0387,5,logistic_regression
2026-09-24,9,4,5,長尾 萌加,0.0385,0.037,6,logistic_regression
2026-09-24,9,5,1,仲谷 颯仁,0.7652,0.708,1,logistic_regression
2026-09-24,9,5,2,杉山 貴博,0.1458,0.1349,2,logistic_regression
2026-09-24,9,5,3,小林 礼央,0.0644,0.0596,3,logistic_regression
2026-09-24,9,5,4,高山 智至,0.0578,0.0535,4,logistic_regression
2026-09-24,9,5,5,森清 友翔,0.042,0.0388,5,logistic_regression
2026-09-24,9,5,6,谷島 咲希,0.0057,0.0053,6,logistic_regression
2026-09-24,9,6,1,田代 達也,0.3729,0.5057,1,logistic_regression
2026-09-24,9,6,3,樋口 亮,0.1026,0.1391,2,logistic_regression
2026-09-24,9,6,5,中嶋 健一郎,0.0778,0.1054,3,logistic_regression
2026-09-24,9,6,2,前原 哉,0.0648,0.0878,4,logistic_regression
2026-09-24,9,6,4,桂林 寛,0.0647,0.0878,5,logistic_regression
2026-09-24,9,6,6,君島 秀三,0.0547,0.0741,6,logistic_regression
2026-09-24,9,7,1,滝川 真由子,0.4326,0.499,1,logistic_regression
2026-09-24,9,7,3,田路 朋史,0.1496,0.1726,2,logistic_regression
2026-09-24,9,7,2,東 潤樹,0.1368,0.1578,3,logistic_regression
2026-09-24,9,7,5,飯山 泰,0.0957,0.1104,4,logistic_regression
2026-09-24,9,7,4,今坂 晃広,0.0476,0.0549,5,logistic_regression
2026-09-24,9,7,6,志賀 美優,0.0046,0.0053,6,logistic_regression
2026-09-24,9,8,1,松崎 祐太郎,0.6377,0.6154,1,logistic_regression
2026-09-24,9,8,4,谷津 幸宏,0.1355,0.1308,2,logistic_regression
2026-09-24,9,8,2,長尾 萌加,0.0855,0.0825,3,logistic_regression
2026-09-24,9,8,3,井上 恵一,0.0826,0.0797,4,logistic_regression
2026-09-24,9,8,6,坪井 康晴,0.0686,0.0662,5,logistic_regression
2026-09-24,9,8,5,山崎 聖司,0.0264,0.0255,6,logistic_regression
2026-09-24,9,9,1,三浦 洋次朗,0.5928,0.5748,1,logistic_regression
2026-09-24,9,9,3,土屋 智則,0.2016,0.1955,2,logistic_regression
2026-09-24,9,9,5,佐藤 悠,0.0782,0.0758,3,logistic_regression
2026-09-24,9,9,2,伊藤 玲奈,0.0696,0.0675,4,logistic_regression
2026-09-24,9,9,4,加藤 啓太,0.0509,0.0493,5,logistic_regression
2026-09-24,9,9,6,藤森 陸斗,0.0381,0.037,6,logistic_regression
2026-09-24,9,10,1,樋口 亮,0.479,0.4249,1,logistic_regression
2026-09-24,9,10,2,竹田 辰也,0.2003,0.1777,2,logistic_regression
2026-09-24,9,10,3,岡 祐臣,0.1583,0.1404,3,logistic_regression
2026-09-24,9,10,5,仲谷 颯仁,0.1566,0.1389,4,logistic_regression
2026-09-24,9,10,4,為本 智也,0.1261,0.1118,5,logistic_regression
2026-09-24,9,10,6,成田 華音,0.007,0.0062,6,logistic_regression
2026-09-24,9,11,1,飯山 泰,0.65,0.5464,1,logistic_regression
2026-09-24,9,11,3,君島 秀三,0.2062,0.1733,2,logistic_regression
2026-09-24,9,11,2,大瀧 明日香,0.1978,0.1663,3,logistic_regression
2026-09-24,9,11,4,岸本 雄貴,0.0733,0.0616,4,logistic_regression
2026-09-24,9,11,6,杉山 貴博,0.0343,0.0288,5,logistic_regression
2026-09-24,9,11,5,大森 翼,0.028,0.0236,6,logistic_regression
2026-09-24,9,12,1,大峯 豊,0.7452,0.5653,1,logistic_regression
2026-09-24,9,12,2,松崎 祐太郎,0.1897,0.1439,2,logistic_regression
2026-09-24,9,12,3,中嶋 健一郎,0.1554,0.1179,3,logistic_regression
2026-09-24,9,12,4,金子 賢志,0.1528,0.1159,4,logistic_regression
2026-09-24,9,12,5,楠原 翔太,0.0578,0.0438,5,logistic_regression
2026-09-24,9,12,6,高山 智至,0.0174,0.0132,6,logistic_regression
2026-09-24,10,1,1,丸尾 義孝,0.6796,0.7585,1,logistic_regression
2026-09-24,10,1,2,原村 拓也,0.0722,0.0805,2,logistic_regression
2026-09-24,10,1,3,大月 遊雅,0.0622,0.0694,3,logistic_regression
2026-09-24,10,1,4,森下 勇,0.0402,0.0448,4,logistic_regression
2026-09-24,10,1,5,山川 雄大,0.0367,0.041,5,logistic_regression
2026-09-24,10,1,6,直江 健成,0.0052,0.0058,6,logistic_regression
2026-09-24,10,2,1,秋山 広一,0.6242,0.6218,1,logistic_regression
2026-09-24,10,2,2,山田 雄太,0.1696,0.1689,2,logistic_regression
2026-09-24,10,2,3,中本 大樹,0.1155,0.115,3,logistic_regression
2026-09-24,10,2,5,山崎 昂介,0.0476,0.0474,4,logistic_regression
2026-09-24,10,2,6,小川 竜太朗,0.0295,0.0294,5,logistic_regression
2026-09-24,10,2,4,塩嶋 泰空,0.0176,0.0175,6,logistic_regression
2026-09-24,10,3,1,一瀬 明,0.5921,0.6088,1,logistic_regression
2026-09-24,10,3,3,井手 良太,0.1323,0.136,2,logistic_regression
2026-09-24,10,3,2,生方 靖亜,0.1114,0.1146,3,logistic_regression
2026-09-24,10,3,4,金子 龍斗,0.0715,0.0735,4,logistic_regression
2026-09-24,10,3,5,西川 新太郎,0.058,0.0596,5,logistic_regression
2026-09-24,10,3,6,久保 翔耶,0.0073,0.0075,6,logistic_regression
2026-09-24,10,4,1,金田 智博,0.6912,0.6382,1,logistic_regression
2026-09-24,10,4,3,大野 芳顕,0.1228,0.1134,2,logistic_regression
2026-09-24,10,4,4,西岡 蒼志,0.0882,0.0814,3,logistic_regression
2026-09-24,10,4,5,金児 隆太,0.0837,0.0773,4,logistic_regression
2026-09-24,10,4,2,川上 清人,0.0656,0.0605,5,logistic_regression
2026-09-24,10,4,6,大串 重幸,0.0316,0.0292,6,logistic_regression
2026-09-24,10,5,1,山本 浩輔,0.4494,0.5359,1,logistic_regression
2026-09-24,10,5,2,大久保 信一郎,0.1423,0.1697,2,logistic_regression
2026-09-24,10,5,6,茅原 悠紀,0.0814,0.097,3,logistic_regression
2026-09-24,10,5,3,常盤 海心,0.0584,0.0696,4,logistic_regression
2026-09-24,10,5,5,大賀 龍之介,0.0539,0.0643,5,logistic_regression
2026-09-24,10,5,4,原村 拓也,0.0532,0.0635,6,logistic_regression
2026-09-24,10,6,1,谷口 丞,0.498,0.5003,1,logistic_regression
2026-09-24,10,6,3,伊藤 啓三,0.1248,0.1254,2,logistic_regression
2026-09-24,10,6,2,庄司 孝輔,0.1225,0.123,3,logistic_regression
2026-09-24,10,6,4,末永 由楽,0.1199,0.1204,4,logistic_regression
2026-09-24,10,6,5,北中 元樹,0.073,0.0733,5,logistic_regression
2026-09-24,10,6,6,田中 和也,0.0573,0.0575,6,logistic_regression
2026-09-24,10,7,1,松村 康太,0.4901,0.4826,1,logistic_regression
2026-09-24,10,7,5,小坂 尚哉,0.1643,0.1618,2,logistic_regression
2026-09-24,10,7,4,前出 達吉,0.1257,0.1238,3,logistic_regression
2026-09-24,10,7,3,西川 新太郎,0.1185,0.1166,4,logistic_regression
2026-09-24,10,7,2,山崎 昂介,0.1045,0.1029,5,logistic_regression
2026-09-24,10,7,6,竹田 広樹,0.0125,0.0123,6,logistic_regression
2026-09-24,10,8,1,中本 大樹,0.5122,0.623,1,logistic_regression
2026-09-24,10,8,2,金児 隆太,0.1759,0.2139,2,logistic_regression
2026-09-24,10,8,5,生方 靖亜,0.051,0.062,3,logistic_regression
2026-09-24,10,8,4,大月 遊雅,0.0488,0.0593,4,logistic_regression
2026-09-24,10,8,3,塩嶋 泰空,0.0226,0.0275,5,logistic_regression
2026-09-24,10,8,6,渥美 卓郎,0.0117,0.0142,6,logistic_regression
2026-09-24,10,9,1,大串 重幸,0.5412,0.6038,1,logistic_regression
2026-09-24,10,9,2,松尾 昂明,0.1238,0.1382,2,logistic_regression
2026-09-24,10,9,4,井手 良太,0.1055,0.1177,3,logistic_regression
2026-09-24,10,9,5,山田 雄太,0.0804,0.0897,4,logistic_regression
2026-09-24,10,9,3,牧村 俊輝,0.0402,0.0448,5,logistic_regression
2026-09-24,10,9,6,直江 健成,0.0052,0.0058,6,logistic_regression
2026-09-24,10,10,1,小川 竜太朗,0.5235,0.525,1,logistic_regression
2026-09-24,10,10,4,丸尾 義孝,0.1694,0.1699,2,logistic_regression
2026-09-24,10,10,2,大賀 龍之介,0.1175,0.1178,3,logistic_regression
2026-09-24,10,10,3,西岡 蒼志,0.1112,0.1115,4,logistic_regression
2026-09-24,10,10,5,谷口 丞,0.0535,0.0536,5,logistic_regression
2026-09-24,10,10,6,山本 浩輔,0.0221,0.0222,6,logistic_regression
2026-09-24,10,11,1,田中 和也,0.6869,0.5715,1,logistic_regression
2026-09-24,10,11,3,前出 達吉,0.1568,0.1305,2,logistic_regression
2026-09-24,10,11,2,北中 元樹,0.1553,0.1292,3,logistic_regression
2026-09-24,10,11,5,金田 智博,0.1131,0.0941,4,logistic_regression
2026-09-24,10,11,4,常盤 海心,0.0458,0.0381,5,logistic_regression
2026-09-24,10,11,6,秋山 広一,0.044,0.0366,6,logistic_regression
2026-09-24,10,12,1,茅原 悠紀,0.7619,0.5386,1,logistic_regression
2026-09-24,10,12,2,小坂 尚哉,0.3147,0.2224,2,logistic_regression
2026-09-24,10,12,3,末永 由楽,0.1498,0.1059,3,logistic_regression
2026-09-24,10,12,4,大野 芳顕,0.0976,0.069,4,logistic_regression
2026-09-24,10,12,5,松村 康太,0.0519,0.0367,5,logistic_regression
2026-09-24,10,12,6,一瀬 明,0.0386,0.0273,6,logistic_regression
2026-09-24,11,1,1,野相 弘司,0.4558,0.4802,1,logistic_regression
2026-09-24,11,1,2,渡邉 英児,0.1523,0.1605,2,logistic_regression
2026-09-24,11,1,3,澤崎 雄哉,0.1162,0.1224,3,logistic_regression
2026-09-24,11,1,6,石倉 洋行,0.078,0.0822,4,logistic_regression
2026-09-24,11,1,4,川崎 智稔,0.0752,0.0792,5,logistic_regression
2026-09-24,11,1,5,石川 諒,0.0717,0.0755,6,logistic_regression
2026-09-24,11,2,1,桑原 将光,0.4612,0.4484,1,logistic_regression
2026-09-24,11,2,3,山崎 郡,0.2736,0.2659,2,logistic_regression
2026-09-24,11,2,4,渡部 悟,0.0967,0.094,3,logistic_regression
2026-09-24,11,2,5,永井 源,0.0891,0.0867,4,logistic_regression
2026-09-24,11,2,2,野見山 拓己,0.0884,0.0859,5,logistic_regression
2026-09-24,11,2,6,金子 貴志,0.0197,0.0191,6,logistic_regression
2026-09-24,11,3,1,加藤 政彦,0.6249,0.5925,1,logistic_regression
2026-09-24,11,3,3,佃 來紀,0.1435,0.1361,2,logistic_regression
2026-09-24,11,3,2,井上 大輔,0.0972,0.0922,3,logistic_regression
2026-09-24,11,3,4,川原 涼,0.0941,0.0893,4,logistic_regression
2026-09-24,11,3,6,尾上 雅也,0.0535,0.0507,5,logistic_regression
2026-09-24,11,3,5,加倉 侑征,0.0414,0.0392,6,logistic_regression
2026-09-24,11,4,1,福田 宗平,0.5769,0.49,1,logistic_regression
2026-09-24,11,4,2,守田 俊介,0.2547,0.2164,2,logistic_regression
2026-09-24,11,4,3,笠 雅雄,0.1511,0.1283,3,logistic_regression
2026-09-24,11,4,4,國分 将太郎,0.1096,0.0931,4,logistic_regression
2026-09-24,11,4,5,山下 昂大,0.0615,0.0522,5,logistic_regression
2026-09-24,11,4,6,関根 彰人,0.0236,0.02,6,logistic_regression
2026-09-24,11,5,1,春園 功太,0.6244,0.5885,1,logistic_regression
2026-09-24,11,5,5,中島 孝平,0.1173,0.1105,2,logistic_regression
2026-09-24,11,5,4,永田 秀二,0.1143,0.1077,3,logistic_regression
2026-09-24,11,5,2,川崎 智稔,0.1011,0.0953,4,logistic_regression
2026-09-24,11,5,3,後藤 浩,0.0768,0.0724,5,logistic_regression
2026-09-24,11,5,6,石井 伸長,0.0271,0.0256,6,logistic_regression
2026-09-24,11,6,1,大澤 誠也,0.3839,0.3883,1,logistic_regression
2026-09-24,11,6,3,井内 将太郎,0.2127,0.2152,2,logistic_regression
2026-09-24,11,6,2,寺田 祥,0.2062,0.2086,3,logistic_regression
2026-09-24,11,6,5,馬野 耀,0.0837,0.0847,4,logistic_regression
2026-09-24,11,6,4,鈴木 秀茉,0.0759,0.0768,5,logistic_regression
2026-09-24,11,6,6,前川 守嗣,0.0262,0.0265,6,logistic_regression
2026-09-24,11,7,1,木山 和幸,0.5059,0.5175,1,logistic_regression
2026-09-24,11,7,2,木下 雄介,0.1664,0.1702,2,logistic_regression
2026-09-24,11,7,5,中村 晃朋,0.1084,0.1109,3,logistic_regression
2026-09-24,11,7,3,桑原 将光,0.0962,0.0984,4,logistic_regression
2026-09-24,11,7,4,井上 大輔,0.0722,0.0739,5,logistic_regression
2026-09-24,11,7,6,澤崎 雄哉,0.0284,0.0291,6,logistic_regression
2026-09-24,11,8,1,相馬 翔,0.3529,0.376,1,logistic_regression
2026-09-24,11,8,2,石倉 洋行,0.289,0.3079,2,logistic_regression
2026-09-24,11,8,3,山下 昂大,0.1251,0.1333,3,logistic_regression
2026-09-24,11,8,6,青木 玄太,0.064,0.0682,4,logistic_regression
2026-09-24,11,8,4,高濱 芳久,0.0596,0.0635,5,logistic_regression
2026-09-24,11,8,5,岩川 仁士,0.0481,0.0512,6,logistic_regression
2026-09-24,11,9,1,石川 諒,0.5755,0.494,1,logistic_regression
2026-09-24,11,9,2,今泉 友吾,0.2379,0.2043,2,logistic_regression
2026-09-24,11,9,4,松井 洪弥,0.1582,0.1358,3,logistic_regression
2026-09-24,11,9,3,川原 涼,0.1185,0.1017,4,logistic_regression
2026-09-24,11,9,6,笠 雅雄,0.0381,0.0327,5,logistic_regression
2026-09-24,11,9,5,後藤 浩,0.0367,0.0315,6,logistic_regression
2026-09-24,11,10,1,井内 将太郎,0.6848,0.5577,1,logistic_regression
2026-09-24,11,10,4,守田 俊介,0.1981,0.1613,2,logistic_regression
2026-09-24,11,10,3,永田 秀二,0.1431,0.1165,3,logistic_regression
2026-09-24,11,10,2,渡部 悟,0.129,0.1051,4,logistic_regression
2026-09-24,11,10,5,深澤 達徳,0.0369,0.0301,5,logistic_regression
2026-09-24,11,10,6,佃 來紀,0.036,0.0293,6,logistic_regression
2026-09-24,11,11,1,中村 晃朋,0.681,0.585,1,logistic_regression
2026-09-24,11,11,2,馬野 耀,0.1758,0.151,2,logistic_regression
2026-09-24,11,11,4,渡邉 英児,0.1149,0.0987,3,logistic_regression
2026-09-24,11,11,5,春園 功太,0.0865,0.0743,4,logistic_regression
2026-09-24,11,11,3,加倉 侑征,0.0861,0.074,5,logistic_regression
2026-09-24,11,11,6,野見山 拓己,0.0198,0.017,6,logistic_regression
2026-09-24,11,12,1,中島 孝平,0.6999,0.5554,1,logistic_regression
2026-09-24,11,12,2,尾上 雅也,0.2135,0.1694,2,logistic_regression
2026-09-24,11,12,3,前川 守嗣,0.1077,0.0855,3,logistic_regression
2026-09-24,11,12,4,木山 和幸,0.0896,0.0711,4,logistic_regression
2026-09-24,11,12,6,山崎 郡,0.0774,0.0614,5,logistic_regression
2026-09-24,11,12,5,福田 宗平,0.0721,0.0572,6,logistic_regression
2026-09-24,13,1,1,喜多須 杏奈,0.4675,0.5659,1,logistic_regression
2026-09-24,13,1,3,溝口 海義也,0.1893,0.2291,2,logistic_regression
2026-09-24,13,1,5,三馬 崇史,0.082,0.0993,3,logistic_regression
2026-09-24,13,1,2,西原 明生,0.056,0.0678,4,logistic_regression
2026-09-24,13,1,6,町田 洸希,0.0178,0.0215,5,logistic_regression
2026-09-24,13,1,4,原田 朱理,0.0134,0.0162,6,logistic_regression
2026-09-24,13,2,1,岸蔭 亮,0.3033,0.3788,1,logistic_regression
2026-09-24,13,2,2,川原 祐明,0.256,0.3197,2,logistic_regression
2026-09-24,13,2,5,長谷川 晴哉,0.0815,0.1017,3,logistic_regression
2026-09-24,13,2,3,大西 賢,0.0769,0.096,4,logistic_regression
2026-09-24,13,2,4,三木 晴斗,0.0746,0.0931,5,logistic_regression
2026-09-24,13,2,6,宮城 那菜,0.0085,0.0106,6,logistic_regression
2026-09-24,13,3,1,草川 壮良,0.2839,0.3565,1,logistic_regression
2026-09-24,13,3,4,森永 隆,0.1774,0.2227,2,logistic_regression
2026-09-24,13,3,2,川尻 泰輔,0.1769,0.2222,3,logistic_regression
2026-09-24,13,3,3,中尾 彩香,0.0742,0.0931,4,logistic_regression
2026-09-24,13,3,5,山崎 鉄平,0.0456,0.0572,5,logistic_regression
2026-09-24,13,3,6,作間 章,0.0384,0.0482,6,logistic_regression
2026-09-24,13,4,1,佐藤 駿介,0.3949,0.4436,1,logistic_regression
2026-09-24,13,4,4,馬場 貴也,0.23,0.2583,2,logistic_regression
2026-09-24,13,4,2,佐々木 和伸,0.1891,0.2125,3,logistic_regression
2026-09-24,13,4,6,眞鳥 章太,0.0306,0.0343,4,logistic_regression
2026-09-24,13,4,3,田中 瀬里奈,0.023,0.0259,5,logistic_regression
2026-09-24,13,4,5,米玉利 大悟,0.0226,0.0254,6,logistic_regression
2026-09-24,13,5,1,塩崎 桐加,0.5486,0.6383,1,logistic_regression
2026-09-24,13,5,2,池田 奈津美,0.0936,0.1089,2,logistic_regression
2026-09-24,13,5,4,奥村 明日香,0.0882,0.1026,3,logistic_regression
2026-09-24,13,5,3,孫崎 百世,0.0764,0.0889,4,logistic_regression
2026-09-24,13,5,5,喜多須 杏奈,0.0476,0.0554,5,logistic_regression
2026-09-24,13,5,6,寺田 夢生,0.005,0.0058,6,logistic_regression
2026-09-24,13,6,1,馬袋 義則,0.7429,0.7478,1,logistic_regression
2026-09-24,13,6,4,立間 充宏,0.0887,0.0893,2,logistic_regression
2026-09-24,13,6,3,寺本 昇平,0.0676,0.068,3,logistic_regression
2026-09-24,13,6,2,村岡 賢,0.0647,0.0652,4,logistic_regression
2026-09-24,13,6,5,宮城 那菜,0.0173,0.0174,5,logistic_regression
2026-09-24,13,6,6,西原 明生,0.0122,0.0123,6,logistic_regression
2026-09-24,13,7,1,山崎 鉄平,0.456,0.4698,1,logistic_regression
2026-09-24,13,7,2,大上 卓人,0.2408,0.2481,2,logistic_regression
2026-09-24,13,7,3,長野 壮志郎,0.1644,0.1693,3,logistic_regression
2026-09-24,13,7,4,塩田 雄一,0.0406,0.0419,4,logistic_regression
2026-09-24,13,7,5,大西 賢,0.0367,0.0379,5,logistic_regression
2026-09-24,13,7,6,山田 晃大,0.0321,0.0331,6,logistic_regression
2026-09-24,13,8,1,末永 和也,0.6985,0.6656,1,logistic_regression
2026-09-24,13,8,4,丹下 将,0.1054,0.1005,2,logistic_regression
2026-09-24,13,8,3,三木 晴斗,0.0944,0.09,3,logistic_regression
2026-09-24,13,8,2,町田 洸希,0.08,0.0762,4,logistic_regression
2026-09-24,13,8,6,奥田 誠,0.0357,0.034,5,logistic_regression
2026-09-24,13,8,5,中尾 彩香,0.0354,0.0337,6,logistic_regression
2026-09-24,13,9,1,佐竹 恒彦,0.5036,0.5017,1,logistic_regression
2026-09-24,13,9,2,島田 賢人,0.1975,0.1968,2,logistic_regression
2026-09-24,13,9,3,三馬 崇史,0.1632,0.1626,3,logistic_regression
2026-09-24,13,9,4,浜野 孝志,0.0967,0.0964,4,logistic_regression
2026-09-24,13,9,6,藤井 公人,0.0324,0.0323,5,logistic_regression
2026-09-24,13,9,5,寺田 夢生,0.0103,0.0102,6,logistic_regression
2026-09-24,13,10,1,豊田 健士郎,0.7467,0.6409,1,logistic_regression
2026-09-24,13,10,3,山田 丈,0.1368,0.1174,2,logistic_regression
2026-09-24,13,10,2,眞鳥 章太,0.1316,0.1129,3,logistic_regression
2026-09-24,13,10,5,川尻 泰輔,0.0843,0.0724,4,logistic_regression
2026-09-24,13,10,4,村岡 賢,0.0476,0.0409,5,logistic_regression
2026-09-24,13,10,6,孫崎 百世,0.0181,0.0155,6,logistic_regression
2026-09-24,13,11,1,長谷川 晴哉,0.6089,0.5115,1,logistic_regression
2026-09-24,13,11,3,森永 隆,0.2181,0.1832,2,logistic_regression
2026-09-24,13,11,2,立間 充宏,0.1187,0.0997,3,logistic_regression
2026-09-24,13,11,4,塩崎 桐加,0.1046,0.0879,4,logistic_regression
2026-09-24,13,11,5,佐々木 和伸,0.0908,0.0763,5,logistic_regression
2026-09-24,13,11,6,溝口 海義也,0.0494,0.0415,6,logistic_regression
2026-09-24,13,12,1,馬場 貴也,0.7565,0.488,1,logistic_regression
2026-09-24,13,12,3,馬袋 義則,0.2643,0.1705,2,logistic_regression
2026-09-24,13,12,4,末永 和也,0.1821,0.1175,3,logistic_regression
2026-09-24,13,12,2,作間 章,0.1609,0.1038,4,logistic_regression
2026-09-24,13,12,5,大上 卓人,0.1196,0.0772,5,logistic_regression
2026-09-24,13,12,6,川原 祐明,0.0668,0.0431,6,logistic_regression
2026-09-24,18,1,1,向後 龍一,0.6568,0.7433,1,logistic_regression
2026-09-24,18,1,3,向所 浩二,0.0639,0.0723,2,logistic_regression
2026-09-24,18,1,2,齋藤 和政,0.0527,0.0597,3,logistic_regression
2026-09-24,18,1,4,秋田 健太郎,0.0521,0.0589,4,logistic_regression
2026-09-24,18,1,5,香月 大輝,0.0371,0.042,5,logistic_regression
2026-09-24,18,1,6,牧山 敦也,0.0211,0.0239,6,logistic_regression
2026-09-24,18,2,1,山崎 裕司,0.5393,0.4784,1,logistic_regression
2026-09-24,18,2,4,堀本 和也,0.2398,0.2127,2,logistic_regression
2026-09-24,18,2,2,中村 尊,0.161,0.1428,3,logistic_regression
2026-09-24,18,2,3,江夏 満,0.1215,0.1077,4,logistic_regression
2026-09-24,18,2,5,岡谷 健吾,0.0502,0.0445,5,logistic_regression
2026-09-24,18,2,6,重冨 勇哉,0.0157,0.0139,6,logistic_regression
2026-09-24,18,3,1,石川 真二,0.7229,0.6601,1,logistic_regression
2026-09-24,18,3,3,籾山 佳岳,0.1179,0.1076,2,logistic_regression
2026-09-24,18,3,5,四宮 与寛,0.094,0.0858,3,logistic_regression
2026-09-24,18,3,2,冨田 秀幸,0.0703,0.0642,4,logistic_regression
2026-09-24,18,3,4,梅原 祥平,0.0601,0.0549,5,logistic_regression
2026-09-24,18,3,6,照屋 厚仁,0.03,0.0274,6,logistic_regression
2026-09-24,18,4,1,出畑 孝典,0.5481,0.596,1,logistic_regression
2026-09-24,18,4,2,片橋 幸貴,0.1698,0.1847,2,logistic_regression
2026-09-24,18,4,3,上瀧 絢也,0.0697,0.0759,3,logistic_regression
2026-09-24,18,4,4,木場 雄二郎,0.0647,0.0704,4,logistic_regression
2026-09-24,18,4,5,一柳 和孝,0.0427,0.0464,5,logistic_regression
2026-09-24,18,4,6,中渡 修作,0.0245,0.0266,6,logistic_regression
2026-09-24,18,5,1,八木 治樹,0.4209,0.4331,1,logistic_regression
2026-09-24,18,5,3,谷川 祐一,0.1855,0.1909,2,logistic_regression
2026-09-24,18,5,2,植田 太一,0.1744,0.1794,3,logistic_regression
2026-09-24,18,5,4,三浦 敬太,0.135,0.1389,4,logistic_regression
2026-09-24,18,5,5,秋田 健太郎,0.0315,0.0324,5,logistic_regression
2026-09-24,18,5,6,向井田 佑紀,0.0245,0.0252,6,logistic_regression
2026-09-24,18,6,1,坂本 一真,0.3022,0.3478,1,logistic_regression
2026-09-24,18,6,3,山田 祐也,0.1911,0.22,2,logistic_regression
2026-09-24,18,6,2,是澤 孝宏,0.1748,0.2012,3,logistic_regression
2026-09-24,18,6,4,村松 修二,0.1009,0.1161,4,logistic_regression
2026-09-24,18,6,5,山田 佑樹,0.0883,0.1016,5,logistic_regression
2026-09-24,18,6,6,齋藤 和政,0.0114,0.0132,6,logistic_regression
2026-09-24,18,7,1,中村 尊,0.5907,0.589,1,logistic_regression
2026-09-24,18,7,2,嶋 義信,0.1651,0.1646,2,logistic_regression
2026-09-24,18,7,4,照屋 厚仁,0.097,0.0967,3,logistic_regression
2026-09-24,18,7,3,牧山 敦也,0.0884,0.0881,4,logistic_regression
2026-09-24,18,7,5,清水 攻二,0.0566,0.0565,5,logistic_regression
2026-09-24,18,7,6,安武 一也,0.0051,0.0051,6,logistic_regression
2026-09-24,18,8,1,古田 祐貴,0.531,0.4695,1,logistic_regression
2026-09-24,18,8,2,堀本 和也,0.3038,0.2686,2,logistic_regression
2026-09-24,18,8,5,石川 真二,0.1294,0.1144,3,logistic_regression
2026-09-24,18,8,3,木場 雄二郎,0.0822,0.0726,4,logistic_regression
2026-09-24,18,8,4,片岡 大地,0.0789,0.0698,5,logistic_regression
2026-09-24,18,8,6,早川 理稀,0.0058,0.0052,6,logistic_regression
2026-09-24,18,9,1,三浦 敬太,0.6189,0.5949,1,logistic_regression
2026-09-24,18,9,3,岡部 大輝,0.1962,0.1886,2,logistic_regression
2026-09-24,18,9,4,出畑 孝典,0.1044,0.1003,3,logistic_regression
2026-09-24,18,9,2,重冨 勇哉,0.0711,0.0684,4,logistic_regression
2026-09-24,18,9,5,冨田 秀幸,0.0314,0.0301,5,logistic_regression
2026-09-24,18,9,6,香月 大輝,0.0184,0.0177,6,logistic_regression
2026-09-24,18,10,1,上田 隆章,0.3686,0.4603,1,logistic_regression
2026-09-24,18,10,2,山田 佑樹,0.1843,0.2302,2,logistic_regression
2026-09-24,18,10,4,山崎 裕司,0.1011,0.1263,3,logistic_regression
2026-09-24,18,10,5,片橋 幸貴,0.0806,0.1006,4,logistic_regression
2026-09-24,18,10,3,坂本 一真,0.0511,0.0638,5,logistic_regression
2026-09-24,18,10,6,向所 浩二,0.015,0.0187,6,logistic_regression
2026-09-24,18,11,1,坂井 滉哉,0.4126,0.4642,1,logistic_regression
2026-09-24,18,11,4,向後 龍一,0.1554,0.1748,2,logistic_regression
2026-09-24,18,11,3,清水 攻二,0.1159,0.1303,3,logistic_regression
2026-09-24,18,11,2,岡谷 健吾,0.1098,0.1235,4,logistic_regression
2026-09-24,18,11,5,向井田 佑紀,0.0491,0.0553,5,logistic_regression
2026-09-24,18,11,6,高田 明,0.0461,0.0518,6,logistic_regression
2026-09-24,18,12,1,山田 祐也,0.6552,0.6,1,logistic_regression
2026-09-24,18,12,4,植田 太一,0.1324,0.1213,2,logistic_regression
2026-09-24,18,12,2,片岡 大地,0.106,0.0971,3,logistic_regression
2026-09-24,18,12,3,中渡 修作,0.1012,0.0927,4,logistic_regression
2026-09-24,18,12,5,籾山 佳岳,0.0577,0.0528,5,logistic_regression
2026-09-24,18,12,6,嶋 義信,0.0395,0.0362,6,logistic_regression
2026-09-24,19,1,1,大田 直弥,0.4139,0.5559,1,logistic_regression
2026-09-24,19,1,4,渡邊 伸太郎,0.1116,0.1499,2,logistic_regression
2026-09-24,19,1,3,吉永 泰弘,0.0813,0.1092,3,logistic_regression
2026-09-24,19,1,2,多羅尾 達之,0.0768,0.1031,4,logistic_regression
2026-09-24,19,1,5,山川 波乙,0.0343,0.0461,5,logistic_regression
2026-09-24,19,1,6,井上 尚悟,0.0266,0.0358,6,logistic_regression
2026-09-24,19,2,1,川上 聡介,0.4331,0.5311,1,logistic_regression
2026-09-24,19,2,2,石原 光,0.1116,0.1369,2,logistic_regression
2026-09-24,19,2,3,山谷 央,0.0945,0.1158,3,logistic_regression
2026-09-24,19,2,4,竹腰 正樹,0.0889,0.1089,4,logistic_regression
2026-09-24,19,2,5,加木 郁,0.0528,0.0647,5,logistic_regression
2026-09-24,19,2,6,岡瀬 正人,0.0347,0.0426,6,logistic_regression
2026-09-24,19,3,1,安田 吉宏,0.4141,0.5097,1,logistic_regression
2026-09-24,19,3,3,藤田 靖弘,0.1596,0.1964,2,logistic_regression
2026-09-24,19,3,2,上野 秀和,0.1172,0.1443,3,logistic_regression
2026-09-24,19,3,6,稲田 浩二,0.0599,0.0737,4,logistic_regression
2026-09-24,19,3,4,上村 慎太郎,0.0454,0.0558,5,logistic_regression
2026-09-24,19,3,5,諏訪 玲奈,0.0163,0.0201,6,logistic_regression
2026-09-24,19,4,1,高野 心吾,0.4559,0.5236,1,logistic_regression
2026-09-24,19,4,3,数原 魁,0.1448,0.1663,2,logistic_regression
2026-09-24,19,4,2,小林 泰,0.1388,0.1594,3,logistic_regression
2026-09-24,19,4,5,正木 聖賢,0.045,0.0516,4,logistic_regression
2026-09-24,19,4,4,深尾 巴恵,0.0441,0.0506,5,logistic_regression
2026-09-24,19,4,6,下出 卓矢,0.0422,0.0484,6,logistic_regression
2026-09-24,19,5,1,馬場 剛,0.7022,0.6213,1,logistic_regression
2026-09-24,19,5,4,塩田 北斗,0.1803,0.1595,2,logistic_regression
2026-09-24,19,5,2,酒井 陽祐,0.1313,0.1162,3,logistic_regression
2026-09-24,19,5,3,澤 大介,0.0709,0.0627,4,logistic_regression
2026-09-24,19,5,6,寺島 美里,0.0254,0.0225,5,logistic_regression
2026-09-24,19,5,5,信濃 由行,0.0202,0.0179,6,logistic_regression
2026-09-24,19,6,1,渡邊 伸太郎,0.5666,0.5425,1,logistic_regression
2026-09-24,19,6,5,中辻 崇人,0.1341,0.1284,2,logistic_regression
2026-09-24,19,6,3,原田 秀弥,0.1332,0.1275,3,logistic_regression
2026-09-24,19,6,2,平野 和明,0.1219,0.1167,4,logistic_regression
2026-09-24,19,6,4,石原 光,0.0832,0.0797,5,logistic_regression
2026-09-24,19,6,6,日隈 茜,0.0053,0.0051,6,logistic_regression
2026-09-24,19,7,1,桐本 康臣,0.5843,0.5675,1,logistic_regression
2026-09-24,19,7,4,横田 貴満,0.1404,0.1364,2,logistic_regression
2026-09-24,19,7,2,竹腰 正樹,0.1189,0.1155,3,logistic_regression
2026-09-24,19,7,5,篠崎 仁志,0.1088,0.1057,4,logistic_regression
2026-09-24,19,7,3,上村 慎太郎,0.0579,0.0562,5,logistic_regression
2026-09-24,19,7,6,吉永 泰弘,0.0193,0.0188,6,logistic_regression
2026-09-24,19,8,1,三川 昂暁,0.5865,0.5596,1,logistic_regression
2026-09-24,19,8,2,清水 敦揮,0.2077,0.1982,2,logistic_regression
2026-09-24,19,8,3,加木 郁,0.1084,0.1035,3,logistic_regression
2026-09-24,19,8,5,畑 和宏,0.0648,0.0618,4,logistic_regression
2026-09-24,19,8,4,安田 吉宏,0.0636,0.0607,5,logistic_regression
2026-09-24,19,8,6,多羅尾 達之,0.017,0.0162,6,logistic_regression
2026-09-24,19,9,1,池田 浩美,0.5214,0.664,1,logistic_regression
2026-09-24,19,9,4,寺島 美里,0.083,0.1058,2,logistic_regression
2026-09-24,19,9,2,山川 波乙,0.0766,0.0976,3,logistic_regression
2026-09-24,19,9,3,深尾 巴恵,0.0563,0.0717,4,logistic_regression
2026-09-24,19,9,5,犬童 千秋,0.0426,0.0543,5,logistic_regression
2026-09-24,19,9,6,中西 月輝,0.0053,0.0067,6,logistic_regression
2026-09-24,19,10,1,篠原 飛翔,0.5668,0.5807,1,logistic_regression
2026-09-24,19,10,2,岡瀬 正人,0.1474,0.1511,2,logistic_regression
2026-09-24,19,10,3,正木 聖賢,0.0932,0.0954,3,logistic_regression
2026-09-24,19,10,4,井上 尚悟,0.0868,0.0889,4,logistic_regression
2026-09-24,19,10,5,上野 秀和,0.0538,0.0551,5,logistic_regression
2026-09-24,19,10,6,平野 和明,0.0281,0.0288,6,logistic_regression
2026-09-24,19,11,1,原田 秀弥,0.5527,0.5024,1,logistic_regression
2026-09-24,19,11,3,塩田 北斗,0.2215,0.2013,2,logistic_regression
2026-09-24,19,11,2,横田 貴満,0.1843,0.1675,3,logistic_regression
2026-09-24,19,11,4,大田 直弥,0.0636,0.0578,4,logistic_regression
2026-09-24,19,11,5,川上 聡介,0.0417,0.0379,5,logistic_regression
2026-09-24,19,11,6,数原 魁,0.0363,0.033,6,logistic_regression
2026-09-24,19,12,1,篠崎 仁志,0.682,0.4675,1,logistic_regression
2026-09-24,19,12,2,稲田 浩二,0.2343,0.1606,2,logistic_regression
2026-09-24,19,12,4,中辻 崇人,0.2072,0.142,3,logistic_regression
2026-09-24,19,12,3,下出 卓矢,0.1651,0.1132,4,logistic_regression
2026-09-24,19,12,5,馬場 剛,0.1184,0.0812,5,logistic_regression
2026-09-24,19,12,6,清水 敦揮,0.0517,0.0355,6,logistic_regression
2026-09-24,20,1,1,篠原 晟弥,0.6506,0.4827,1,logistic_regression
2026-09-24,20,1,3,加藤 翔馬,0.239,0.1773,2,logistic_regression
2026-09-24,20,1,2,津田 陸翔,0.1833,0.136,3,logistic_regression
2026-09-24,20,1,4,佐藤 航,0.1723,0.1279,4,logistic_regression
2026-09-24,20,1,6,宮脇 遼太,0.055,0.0408,5,logistic_regression
2026-09-24,20,1,5,鰐部 太空海,0.0475,0.0353,6,logistic_regression
2026-09-24,20,2,1,山本 梨菜,0.6253,0.4504,1,logistic_regression
2026-09-24,20,2,3,安河内 鈴之介,0.2177,0.1568,2,logistic_regression
2026-09-24,20,2,2,品川 二千翔,0.1984,0.1429,3,logistic_regression
2026-09-24,20,2,4,中野 希一,0.1901,0.1369,4,logistic_regression
2026-09-24,20,2,5,平川 香織,0.1018,0.0733,5,logistic_regression
2026-09-24,20,2,6,松田 淳平,0.0551,0.0397,6,logistic_regression
2026-09-24,20,3,1,青木 蓮,0.701,0.4544,1,logistic_regression
2026-09-24,20,3,3,塚越 海斗,0.2265,0.1469,2,logistic_regression
2026-09-24,20,3,4,水谷 理人,0.2127,0.1379,3,logistic_regression
2026-09-24,20,3,2,井上 遥妃,0.1718,0.1114,4,logistic_regression
2026-09-24,20,3,5,宮之原 輝紀,0.1703,0.1104,5,logistic_regression
2026-09-24,20,3,6,米丸 乃絵,0.0602,0.039,6,logistic_regression
2026-09-24,20,4,1,宗行 治哉,0.6051,0.4366,1,logistic_regression
2026-09-24,20,4,3,竹下 大樹,0.2465,0.1778,2,logistic_regression
2026-09-24,20,4,2,鈴木 孝明,0.2128,0.1535,3,logistic_regression
2026-09-24,20,4,4,廣瀬 凜,0.1653,0.1193,4,logistic_regression
2026-09-24,20,4,5,島川 海輝,0.0967,0.0698,5,logistic_regression
2026-09-24,20,4,6,前田 篤哉,0.0597,0.0431,6,logistic_regression
2026-09-24,20,5,1,濱野 斗馬,0.6739,0.4389,1,logistic_regression
2026-09-24,20,5,4,吉田 裕平,0.2432,0.1584,2,logistic_regression
2026-09-24,20,5,2,大場 恒季,0.2311,0.1505,3,logistic_regression
2026-09-24,20,5,3,砂長 知輝,0.2042,0.133,4,logistic_regression
2026-09-24,20,5,5,若林 義人,0.1263,0.0823,5,logistic_regression
2026-09-24,20,5,6,小芦 るり華,0.0565,0.0368,6,logistic_regression
2026-09-24,20,6,1,仲道 大輔,0.5845,0.4295,1,logistic_regression
2026-09-24,20,6,2,常住 蓮,0.2624,0.1928,2,logistic_regression
2026-09-24,20,6,3,藤原 仙二,0.171,0.1257,3,logistic_regression
2026-09-24,20,6,4,平川 香織,0.1605,0.1179,4,logistic_regression
2026-09-24,20,6,5,澤田 尚也,0.1197,0.0879,5,logistic_regression
2026-09-24,20,6,6,前田 翔,0.0627,0.0461,6,logistic_regression
2026-09-24,20,7,1,井本 昌也,0.6829,0.4866,1,logistic_regression
2026-09-24,20,7,4,中 亮太,0.2038,0.1452,2,logistic_regression
2026-09-24,20,7,2,篠原 晟弥,0.1985,0.1415,3,logistic_regression
2026-09-24,20,7,3,藤原 碧生,0.1371,0.0977,4,logistic_regression
2026-09-24,20,7,5,大澤 風葵,0.1236,0.0881,5,logistic_regression
2026-09-24,20,7,6,西岡 顕心,0.0574,0.0409,6,logistic_regression
2026-09-24,20,8,1,飛田 江己,0.727,0.5308,1,logistic_regression
2026-09-24,20,8,2,高憧 四季,0.1949,0.1423,2,logistic_regression
2026-09-24,20,8,3,宗行 治哉,0.16,0.1168,3,logistic_regression
2026-09-24,20,8,4,井上 遥妃,0.1304,0.0952,4,logistic_regression
2026-09-24,20,8,5,品川 二千翔,0.0959,0.07,5,logistic_regression
2026-09-24,20,8,6,原田 才一郎,0.0617,0.045,6,logistic_regression
2026-09-24,20,9,1,加藤 翔馬,0.7164,0.4538,1,logistic_regression
2026-09-24,20,9,2,宮之原 輝紀,0.324,0.2052,2,logistic_regression
2026-09-24,20,9,3,濱野 斗馬,0.2044,0.1295,3,logistic_regression
2026-09-24,20,9,4,宮田 龍馬,0.1667,0.1056,4,logistic_regression
2026-09-24,20,9,5,安河内 鈴之介,0.1131,0.0716,5,logistic_regression
2026-09-24,20,9,6,廣瀬 凜,0.0539,0.0342,6,logistic_regression
2026-09-24,20,10,1,西丸 侑太朗,0.6344,0.4306,1,logistic_regression
2026-09-24,20,10,3,田中 駿兵,0.2538,0.1723,2,logistic_regression
2026-09-24,20,10,2,清水 愛海,0.222,0.1507,3,logistic_regression
2026-09-24,20,10,4,青木 蓮,0.1839,0.1248,4,logistic_regression
2026-09-24,20,10,5,常住 蓮,0.1322,0.0897,5,logistic_regression
2026-09-24,20,10,6,中山 翔太,0.0469,0.0318,6,logistic_regression
2026-09-24,20,11,1,中野 希一,0.7095,0.4755,1,logistic_regression
2026-09-24,20,11,2,中村 日向,0.3108,0.2083,2,logistic_regression
2026-09-24,20,11,3,前田 篤哉,0.2218,0.1487,3,logistic_regression
2026-09-24,20,11,4,津田 陸翔,0.1395,0.0935,4,logistic_regression
2026-09-24,20,11,5,仲道 大輔,0.0742,0.0497,5,logistic_regression
2026-09-24,20,11,6,山田 理央,0.0363,0.0243,6,logistic_regression
2026-09-24,20,12,1,吉田 裕平,0.7698,0.4829,1,logistic_regression
2026-09-24,20,12,2,大澤 風葵,0.2478,0.1554,2,logistic_regression
2026-09-24,20,12,3,前田 翔,0.2311,0.1449,3,logistic_regression
2026-09-24,20,12,4,島川 海輝,0.153,0.096,4,logistic_regression
2026-09-24,20,12,5,畑田 汰一,0.1203,0.0755,5,logistic_regression
2026-09-24,20,12,6,水谷 理人,0.0722,0.0453,6,logistic_regression
2026-09-24,21,1,1,魚谷 香織,0.5786,0.6437,1,logistic_regression
2026-09-24,21,1,3,西村 歩,0.1261,0.1403,2,logistic_regression
2026-09-24,21,1,2,中里 優子,0.0906,0.1008,3,logistic_regression
2026-09-24,21,1,4,武藤 綾子,0.0488,0.0543,4,logistic_regression
2026-09-24,21,1,5,新田 芳美,0.0474,0.0527,5,logistic_regression
2026-09-24,21,1,6,坂本 奈央,0.0073,0.0081,6,logistic_regression
2026-09-24,21,2,1,内山 七海,0.6067,0.6016,1,logistic_regression
2026-09-24,21,2,4,川野 芽唯,0.2021,0.2003,2,logistic_regression
2026-09-24,21,2,2,中田 夕貴,0.1085,0.1076,3,logistic_regression
2026-09-24,21,2,3,深見 亜由美,0.0473,0.0469,4,logistic_regression
2026-09-24,21,2,5,木村 紗友希,0.0359,0.0356,5,logistic_regression
2026-09-24,21,2,6,増本 杏珠,0.0081,0.008,6,logistic_regression
2026-09-24,21,3,1,山川 美由紀,0.5579,0.5348,1,logistic_regression
2026-09-24,21,3,3,小野 生奈,0.2858,0.274,2,logistic_regression
2026-09-24,21,3,4,真子 奈津実,0.0793,0.076,3,logistic_regression
2026-09-24,21,3,5,山口 真喜子,0.0759,0.0727,4,logistic_regression
2026-09-24,21,3,2,石村 日奈那,0.0388,0.0372,5,logistic_regression
2026-09-24,21,3,6,薗頭 心,0.0055,0.0053,6,logistic_regression
2026-09-24,21,4,1,三浦 永理,0.7538,0.6898,1,logistic_regression
2026-09-24,21,4,3,今井 裕梨,0.126,0.1154,2,logistic_regression
2026-09-24,21,4,2,松田 真実,0.101,0.0924,3,logistic_regression
2026-09-24,21,4,5,石原 凪紗,0.0404,0.0369,4,logistic_regression
2026-09-24,21,4,4,佐藤 ほのか,0.0377,0.0345,5,logistic_regression
2026-09-24,21,4,6,原 加央理,0.0338,0.031,6,logistic_regression
2026-09-24,21,5,1,寺田 千恵,0.6455,0.6667,1,logistic_regression
2026-09-24,21,5,3,西村 美智子,0.0997,0.103,2,logistic_regression
2026-09-24,21,5,4,中村 かなえ,0.0882,0.0911,3,logistic_regression
2026-09-24,21,5,2,中北 涼,0.0697,0.0719,4,logistic_regression
2026-09-24,21,5,6,武井 莉里佳,0.0353,0.0365,5,logistic_regression
2026-09-24,21,5,5,福岡 泉水,0.0298,0.0308,6,logistic_regression
2026-09-24,21,6,1,新田 芳美,0.4662,0.5342,1,logistic_regression
2026-09-24,21,6,2,岩崎 芳美,0.1628,0.1865,2,logistic_regression
2026-09-24,21,6,6,田口 節子,0.0957,0.1097,3,logistic_regression
2026-09-24,21,6,3,稲生 夏季,0.0698,0.08,4,logistic_regression
2026-09-24,21,6,4,川原 愛未,0.056,0.0641,5,logistic_regression
2026-09-24,21,6,5,深見 亜由美,0.0222,0.0255,6,logistic_regression
2026-09-24,21,7,1,武藤 綾子,0.3479,0.6326,1,logistic_regression
2026-09-24,21,7,2,木村 紗友希,0.0799,0.1453,2,logistic_regression
2026-09-24,21,7,3,田中 博子,0.0464,0.0844,3,logistic_regression
2026-09-24,21,7,4,永田 楽,0.0414,0.0752,4,logistic_regression
2026-09-24,21,7,6,宮崎 安奈,0.0173,0.0315,5,logistic_regression
2026-09-24,21,7,5,石村 日奈那,0.017,0.0309,6,logistic_regression
2026-09-24,21,8,1,松瀬 弘美,0.4024,0.4605,1,logistic_regression
2026-09-24,21,8,2,大山 千広,0.267,0.3056,2,logistic_regression
2026-09-24,21,8,4,山川 美由紀,0.1082,0.1238,3,logistic_regression
2026-09-24,21,8,3,喜多 那由夏,0.0569,0.0652,4,logistic_regression
2026-09-24,21,8,6,中田 夕貴,0.0247,0.0283,5,logistic_regression
2026-09-24,21,8,5,森田 梨湖,0.0145,0.0166,6,logistic_regression
2026-09-24,21,9,1,山口 真喜子,0.5904,0.5986,1,logistic_regression
2026-09-24,21,9,3,原 加央理,0.1359,0.1378,2,logistic_regression
2026-09-24,21,9,2,中村 かなえ,0.1181,0.1197,3,logistic_regression
2026-09-24,21,9,5,内山 七海,0.0808,0.0819,4,logistic_regression
2026-09-24,21,9,6,西村 歩,0.0311,0.0316,5,logistic_regression
2026-09-24,21,9,4,原村 百那,0.03,0.0304,6,logistic_regression
2026-09-24,21,10,1,岩崎 芳美,0.5939,0.5805,1,logistic_regression
2026-09-24,21,10,2,土屋 南,0.1888,0.1845,2,logistic_regression
2026-09-24,21,10,3,真子 奈津実,0.1002,0.0979,3,logistic_regression
2026-09-24,21,10,4,松田 真実,0.0751,0.0734,4,logistic_regression
2026-09-24,21,10,5,中里 優子,0.0409,0.04,5,logistic_regression
2026-09-24,21,10,6,西村 美智子,0.0241,0.0235,6,logistic_regression
2026-09-24,21,11,1,安井 瑞紀,0.5221,0.5638,1,logistic_regression
2026-09-24,21,11,2,武井 莉里佳,0.1496,0.1616,2,logistic_regression
2026-09-24,21,11,4,魚谷 香織,0.1166,0.1259,3,logistic_regression
2026-09-24,21,11,3,宮崎 安奈,0.0733,0.0792,4,logistic_regression
2026-09-24,21,11,5,稲生 夏季,0.0332,0.0359,5,logistic_regression
2026-09-24,21,11,6,今井 裕梨,0.0311,0.0336,6,logistic_regression
2026-09-24,21,12,1,川野 芽唯,0.7248,0.4169,1,logistic_regression
2026-09-24,21,12,2,田口 節子,0.3372,0.194,2,logistic_regression
2026-09-24,21,12,3,三浦 永理,0.2757,0.1586,3,logistic_regression
2026-09-24,21,12,4,小野 生奈,0.2363,0.1359,4,logistic_regression
2026-09-24,21,12,5,寺田 千恵,0.094,0.0541,5,logistic_regression
2026-09-24,21,12,6,大山 千広,0.0705,0.0405,6,logistic_regression
2026-09-24,22,1,1,鶴田 勇雄,0.5407,0.6413,1,logistic_regression
2026-09-24,22,1,2,山下 夏鈴,0.1258,0.1492,2,logistic_regression
2026-09-24,22,1,4,中北 将史,0.0906,0.1075,3,logistic_regression
2026-09-24,22,1,5,大島 隆乃介,0.0448,0.0532,4,logistic_regression
2026-09-24,22,1,3,藤井 太雅,0.0364,0.0432,5,logistic_regression
2026-09-24,22,1,6,田中 きら,0.0047,0.0056,6,logistic_regression
2026-09-24,22,2,1,向井 美鈴,0.5315,0.6092,1,logistic_regression
2026-09-24,22,2,3,米田 隆弘,0.0979,0.1123,2,logistic_regression
2026-09-24,22,2,5,吉川 昭男,0.0958,0.1098,3,logistic_regression
2026-09-24,22,2,4,渡辺 豊,0.0523,0.0599,4,logistic_regression
2026-09-24,22,2,2,花本 夏樹,0.0478,0.0548,5,logistic_regression
2026-09-24,22,2,6,今井 貴士,0.0471,0.054,6,logistic_regression
2026-09-24,22,3,1,大塚 雅治,0.4142,0.5049,1,logistic_regression
2026-09-24,22,3,3,今垣 光太郎,0.185,0.2255,2,logistic_regression
2026-09-24,22,3,2,古川 健,0.1232,0.1502,3,logistic_regression
2026-09-24,22,3,4,秋末 秦悟,0.0506,0.0617,4,logistic_regression
2026-09-24,22,3,5,間庭 菜摘,0.0426,0.0519,5,logistic_regression
2026-09-24,22,3,6,岡本 亜子,0.0047,0.0058,6,logistic_regression
2026-09-24,22,4,1,岡 暢祐,0.3871,0.4302,1,logistic_regression
2026-09-24,22,4,2,松田 祐季,0.269,0.2989,2,logistic_regression
2026-09-24,22,4,4,黒柳 浩孝,0.0951,0.1057,3,logistic_regression
2026-09-24,22,4,5,大原 祥昌,0.0713,0.0793,4,logistic_regression
2026-09-24,22,4,3,水原 慎,0.0529,0.0588,5,logistic_regression
2026-09-24,22,4,6,薮内 瑞希,0.0244,0.0272,6,logistic_regression
2026-09-24,22,5,1,小池 礼乃,0.5271,0.562,1,logistic_regression
2026-09-24,22,5,2,和田 操拓,0.1542,0.1644,2,logistic_regression
2026-09-24,22,5,3,東本 勝利,0.1396,0.1488,3,logistic_regression
2026-09-24,22,5,4,鈴木 賢一,0.0721,0.0769,4,logistic_regression
2026-09-24,22,5,6,川崎 智幸,0.0352,0.0375,5,logistic_regression
2026-09-24,22,5,5,田中 きら,0.0097,0.0103,6,logistic_regression
2026-09-24,22,6,1,渡辺 豊,0.3645,0.4007,1,logistic_regression
2026-09-24,22,6,3,井上 一輝,0.247,0.2716,2,logistic_regression
2026-09-24,22,6,2,畑 竜生,0.1295,0.1424,3,logistic_regression
2026-09-24,22,6,4,尾崎 雄二,0.0954,0.1049,4,logistic_regression
2026-09-24,22,6,5,山下 夏鈴,0.058,0.0638,5,logistic_regression
2026-09-24,22,6,6,中嶋 達也,0.0151,0.0166,6,logistic_regression
2026-09-24,22,7,1,中北 将史,0.509,0.6045,1,logistic_regression
2026-09-24,22,7,2,富山 弘幸,0.1134,0.1346,2,logistic_regression
2026-09-24,22,7,3,浅見 昌克,0.1075,0.1276,3,logistic_regression
2026-09-24,22,7,4,藤本 紗弥香,0.0611,0.0726,4,logistic_regression
2026-09-24,22,7,6,市橋 卓士,0.0414,0.0492,5,logistic_regression
2026-09-24,22,7,5,岡本 亜子,0.0097,0.0115,6,logistic_regression
2026-09-24,22,8,1,大崎 翔,0.4664,0.5274,1,logistic_regression
2026-09-24,22,8,5,高橋 竜矢,0.1318,0.149,2,logistic_regression
2026-09-24,22,8,2,大島 隆乃介,0.0988,0.1117,3,logistic_regression
2026-09-24,22,8,3,間庭 菜摘,0.0885,0.1001,4,logistic_regression
2026-09-24,22,8,4,米田 隆弘,0.0774,0.0876,5,logistic_regression
2026-09-24,22,8,6,中村 栄治,0.0215,0.0243,6,logistic_regression
2026-09-24,22,9,1,川島 圭司,0.6266,0.5116,1,logistic_regression
2026-09-24,22,9,3,今井 貴士,0.1818,0.1484,2,logistic_regression
2026-09-24,22,9,2,大原 祥昌,0.152,0.1241,3,logistic_regression
2026-09-24,22,9,5,高倉 和士,0.1502,0.1227,4,logistic_regression
2026-09-24,22,9,4,古川 健,0.0922,0.0753,5,logistic_regression
2026-09-24,22,9,6,鈴木 賢一,0.0219,0.0179,6,logistic_regression
2026-09-24,22,10,1,杉山 裕也,0.7479,0.5729,1,logistic_regression
2026-09-24,22,10,3,吉川 昭男,0.1879,0.1439,2,logistic_regression
2026-09-24,22,10,5,松田 祐季,0.1361,0.1043,3,logistic_regression
2026-09-24,22,10,4,小池 礼乃,0.0968,0.0741,4,logistic_regression
2026-09-24,22,10,2,秋末 秦悟,0.0687,0.0526,5,logistic_regression
2026-09-24,22,10,6,井上 一輝,0.0681,0.0521,6,logistic_regression
2026-09-24,22,11,1,井口 佳典,0.6551,0.5772,1,logistic_regression
2026-09-24,22,11,4,市橋 卓士,0.1304,0.1149,2,logistic_regression
2026-09-24,22,11,2,尾崎 雄二,0.1273,0.1122,3,logistic_regression
2026-09-24,22,11,3,向井 美鈴,0.1236,0.1089,4,logistic_regression
2026-09-24,22,11,5,東本 勝利,0.0692,0.061,5,logistic_regression
2026-09-24,22,11,6,黒柳 浩孝,0.0294,0.0259,6,logistic_regression
2026-09-24,22,12,1,今垣 光太郎,0.646,0.5268,1,logistic_regression
2026-09-24,22,12,2,高橋 竜矢,0.2616,0.2133,2,logistic_regression
2026-09-24,22,12,3,川崎 智幸,0.1407,0.1148,3,logistic_regression
2026-09-24,22,12,4,浅見 昌克,0.0852,0.0694,4,logistic_regression
2026-09-24,22,12,5,鶴田 勇雄,0.0628,0.0512,5,logistic_regression
2026-09-24,22,12,6,畑 竜生,0.03,0.0245,6,logistic_regression
