fetched_at,race_date,stadium_number,race_number,race_closed_at,bet_type,combination,odds
2026-09-22T10:28:10+0900,2026-09-22,17,1,2026-09-22 10:41:00,2連単,1-2,3.6
2026-09-22T10:28:10+0900,2026-09-22,17,1,2026-09-22 10:41:00,2連単,2-1,19.1
2026-09-22T10:28:10+0900,2026-09-22,17,1,2026-09-22 10:41:00,2連単,3-1,33.0
2026-09-22T10:28:10+0900,2026-09-22,17,1,2026-09-22 10:41:00,2連単,4-1,12.7
2026-09-22T10:28:10+0900,2026-09-22,17,1,2026-09-22 10:41:00,2連単,5-1,45.3
2026-09-22T10:28:10+0900,2026-09-22,17,1,2026-09-22 10:41:00,2連単,6-1,363.0
2026-09-22T10:28:10+0900,2026-09-22,17,1,2026-09-22 10:41:00,2連単,1-3,3.8
2026-09-22T10:28:10+0900,2026-09-22,17,1,2026-09-22 10:41:00,2連単,2-3,72.6
2026-09-22T10:28:10+0900,2026-09-22,17,1,2026-09-22 10:41:00,2連単,3-2,72.6
2026-09-22T10:28:10+0900,2026-09-22,17,1,2026-09-22 10:41:00,2連単,4-2,51.8
2026-09-22T10:28:10+0900,2026-09-22,17,1,2026-09-22 10:41:00,2連単,5-2,103.7
2026-09-22T10:28:10+0900,2026-09-22,17,1,2026-09-22 10:41:00,2連単,6-2,0.0
2026-09-22T10:28:10+0900,2026-09-22,17,1,2026-09-22 10:41:00,2連単,1-4,3.6
2026-09-22T10:28:10+0900,2026-09-22,17,1,2026-09-22 10:41:00,2連単,2-4,80.6
2026-09-22T10:28:10+0900,2026-09-22,17,1,2026-09-22 10:41:00,2連単,3-4,60.5
2026-09-22T10:28:10+0900,2026-09-22,17,1,2026-09-22 10:41:00,2連単,4-3,38.2
2026-09-22T10:28:10+0900,2026-09-22,17,1,2026-09-22 10:41:00,2連単,5-3,121.0
2026-09-22T10:28:10+0900,2026-09-22,17,1,2026-09-22 10:41:00,2連単,6-3,0.0
2026-09-22T10:28:10+0900,2026-09-22,17,1,2026-09-22 10:41:00,2連単,1-5,10.3
2026-09-22T10:28:10+0900,2026-09-22,17,1,2026-09-22 10:41:00,2連単,2-5,121.0
2026-09-22T10:28:10+0900,2026-09-22,17,1,2026-09-22 10:41:00,2連単,3-5,242.0
2026-09-22T10:28:10+0900,2026-09-22,17,1,2026-09-22 10:41:00,2連単,4-5,31.5
2026-09-22T10:28:10+0900,2026-09-22,17,1,2026-09-22 10:41:00,2連単,5-4,48.4
2026-09-22T10:28:10+0900,2026-09-22,17,1,2026-09-22 10:41:00,2連単,6-4,0.0
2026-09-22T10:28:10+0900,2026-09-22,17,1,2026-09-22 10:41:00,2連単,1-6,19.6
2026-09-22T10:28:10+0900,2026-09-22,17,1,2026-09-22 10:41:00,2連単,2-6,363.0
2026-09-22T10:28:10+0900,2026-09-22,17,1,2026-09-22 10:41:00,2連単,3-6,0.0
2026-09-22T10:28:10+0900,2026-09-22,17,1,2026-09-22 10:41:00,2連単,4-6,0.0
2026-09-22T10:28:10+0900,2026-09-22,17,1,2026-09-22 10:41:00,2連単,5-6,181.5
2026-09-22T10:28:10+0900,2026-09-22,17,1,2026-09-22 10:41:00,2連単,6-5,0.0
2026-09-22T10:28:10+0900,2026-09-22,17,1,2026-09-22 10:41:00,2連複,1=2,3.6
2026-09-22T10:28:10+0900,2026-09-22,17,1,2026-09-22 10:41:00,2連複,1=3,2.5
2026-09-22T10:28:10+0900,2026-09-22,17,1,2026-09-22 10:41:00,2連複,2=3,25.0
2026-09-22T10:28:10+0900,2026-09-22,17,1,2026-09-22 10:41:00,2連複,1=4,3.3
2026-09-22T10:28:10+0900,2026-09-22,17,1,2026-09-22 10:41:00,2連複,2=4,31.3
2026-09-22T10:28:10+0900,2026-09-22,17,1,2026-09-22 10:41:00,2連複,3=4,17.8
2026-09-22T10:28:10+0900,2026-09-22,17,1,2026-09-22 10:41:00,2連複,1=5,11.3
2026-09-22T10:28:10+0900,2026-09-22,17,1,2026-09-22 10:41:00,2連複,2=5,125.2
2026-09-22T10:28:10+0900,2026-09-22,17,1,2026-09-22 10:41:00,2連複,3=5,62.6
2026-09-22T10:28:10+0900,2026-09-22,17,1,2026-09-22 10:41:00,2連複,4=5,12.5
2026-09-22T10:28:10+0900,2026-09-22,17,1,2026-09-22 10:41:00,2連複,1=6,0.0
2026-09-22T10:28:10+0900,2026-09-22,17,1,2026-09-22 10:41:00,2連複,2=6,41.7
2026-09-22T10:28:10+0900,2026-09-22,17,1,2026-09-22 10:41:00,2連複,3=6,0.0
2026-09-22T10:28:10+0900,2026-09-22,17,1,2026-09-22 10:41:00,2連複,4=6,125.2
2026-09-22T10:28:10+0900,2026-09-22,17,1,2026-09-22 10:41:00,2連複,5=6,41.7
2026-09-22T10:28:10+0900,2026-09-22,17,1,2026-09-22 10:41:00,3連単,1-2-3,7.2
2026-09-22T10:28:10+0900,2026-09-22,17,1,2026-09-22 10:41:00,3連単,2-1-3,46.5
2026-09-22T10:28:10+0900,2026-09-22,17,1,2026-09-22 10:41:00,3連単,3-1-2,47.1
2026-09-22T10:28:10+0900,2026-09-22,17,1,2026-09-22 10:41:00,3連単,4-1-2,42.1
2026-09-22T10:28:10+0900,2026-09-22,17,1,2026-09-22 10:41:00,3連単,5-1-2,176.1
2026-09-22T10:28:10+0900,2026-09-22,17,1,2026-09-22 10:41:00,3連単,6-1-2,478.9
2026-09-22T10:28:10+0900,2026-09-22,17,1,2026-09-22 10:41:00,3連単,1-2-4,9.7
2026-09-22T10:28:10+0900,2026-09-22,17,1,2026-09-22 10:41:00,3連単,2-1-4,55.2
2026-09-22T10:28:10+0900,2026-09-22,17,1,2026-09-22 10:41:00,3連単,3-1-4,33.0
2026-09-22T10:28:10+0900,2026-09-22,17,1,2026-09-22 10:41:00,3連単,4-1-3,34.0
2026-09-22T10:28:10+0900,2026-09-22,17,1,2026-09-22 10:41:00,3連単,5-1-3,180.7
2026-09-22T10:28:10+0900,2026-09-22,17,1,2026-09-22 10:41:00,3連単,6-1-3,557.1
2026-09-22T10:28:10+0900,2026-09-22,17,1,2026-09-22 10:41:00,3連単,1-2-5,30.7
2026-09-22T10:28:10+0900,2026-09-22,17,1,2026-09-22 10:41:00,3連単,2-1-5,139.2
2026-09-22T10:28:10+0900,2026-09-22,17,1,2026-09-22 10:41:00,3連単,3-1-5,111.8
2026-09-22T10:28:10+0900,2026-09-22,17,1,2026-09-22 10:41:00,3連単,4-1-5,79.8
2026-09-22T10:28:10+0900,2026-09-22,17,1,2026-09-22 10:41:00,3連単,5-1-4,189.5
2026-09-22T10:28:10+0900,2026-09-22,17,1,2026-09-22 10:41:00,3連単,6-1-4,1300.0
2026-09-22T10:28:10+0900,2026-09-22,17,1,2026-09-22 10:41:00,3連単,1-2-6,152.5
2026-09-22T10:28:10+0900,2026-09-22,17,1,2026-09-22 10:41:00,3連単,2-1-6,447.5
2026-09-22T10:28:10+0900,2026-09-22,17,1,2026-09-22 10:41:00,3連単,3-1-6,354.5
2026-09-22T10:28:10+0900,2026-09-22,17,1,2026-09-22 10:41:00,3連単,4-1-6,379.1
2026-09-22T10:28:10+0900,2026-09-22,17,1,2026-09-22 10:41:00,3連単,5-1-6,379.1
2026-09-22T10:28:10+0900,2026-09-22,17,1,2026-09-22 10:41:00,3連単,6-1-5,1820.0
2026-09-22T10:28:10+0900,2026-09-22,17,1,2026-09-22 10:41:00,3連単,1-3-2,8.5
2026-09-22T10:28:10+0900,2026-09-22,17,1,2026-09-22 10:41:00,3連単,2-3-1,111.8
2026-09-22T10:28:10+0900,2026-09-22,17,1,2026-09-22 10:41:00,3連単,3-2-1,124.0
2026-09-22T10:28:10+0900,2026-09-22,17,1,2026-09-22 10:41:00,3連単,4-2-1,115.1
2026-09-22T10:28:10+0900,2026-09-22,17,1,2026-09-22 10:41:00,3連単,5-2-1,321.1
2026-09-22T10:28:10+0900,2026-09-22,17,1,2026-09-22 10:41:00,3連単,6-2-1,1436.0
2026-09-22T10:28:10+0900,2026-09-22,17,1,2026-09-22 10:41:00,3連単,1-3-4,7.0
2026-09-22T10:28:10+0900,2026-09-22,17,1,2026-09-22 10:41:00,3連単,2-3-4,175.0
2026-09-22T10:28:10+0900,2026-09-22,17,1,2026-09-22 10:41:00,3連単,3-2-4,153.3
2026-09-22T10:28:10+0900,2026-09-22,17,1,2026-09-22 10:41:00,3連単,4-2-3,196.4
2026-09-22T10:28:10+0900,2026-09-22,17,1,2026-09-22 10:41:00,3連単,5-2-3,546.0
2026-09-22T10:28:10+0900,2026-09-22,17,1,2026-09-22 10:41:00,3連単,6-2-3,2100.0
2026-09-22T10:28:10+0900,2026-09-22,17,1,2026-09-22 10:41:00,3連単,1-3-5,20.4
2026-09-22T10:28:10+0900,2026-09-22,17,1,2026-09-22 10:41:00,3連単,2-3-5,265.0
2026-09-22T10:28:10+0900,2026-09-22,17,1,2026-09-22 10:41:00,3連単,3-2-5,345.5
2026-09-22T10:28:10+0900,2026-09-22,17,1,2026-09-22 10:41:00,3連単,4-2-5,337.0
2026-09-22T10:28:10+0900,2026-09-22,17,1,2026-09-22 10:41:00,3連単,5-2-4,718.4
2026-09-22T10:28:10+0900,2026-09-22,17,1,2026-09-22 10:41:00,3連単,6-2-4,1706.0
2026-09-22T10:28:10+0900,2026-09-22,17,1,2026-09-22 10:41:00,3連単,1-3-6,137.8
2026-09-22T10:28:10+0900,2026-09-22,17,1,2026-09-22 10:41:00,3連単,2-3-6,718.4
2026-09-22T10:28:10+0900,2026-09-22,17,1,2026-09-22 10:41:00,3連単,3-2-6,780.0
2026-09-22T10:28:10+0900,2026-09-22,17,1,2026-09-22 10:41:00,3連単,4-2-6,1011.0
2026-09-22T10:28:10+0900,2026-09-22,17,1,2026-09-22 10:41:00,3連単,5-2-6,758.3
2026-09-22T10:28:10+0900,2026-09-22,17,1,2026-09-22 10:41:00,3連単,6-2-5,1436.0
2026-09-22T10:28:10+0900,2026-09-22,17,1,2026-09-22 10:41:00,3連単,1-4-2,11.2
2026-09-22T10:28:10+0900,2026-09-22,17,1,2026-09-22 10:41:00,3連単,2-4-1,117.1
2026-09-22T10:28:10+0900,2026-09-22,17,1,2026-09-22 10:41:00,3連単,3-4-1,61.3
2026-09-22T10:28:10+0900,2026-09-22,17,1,2026-09-22 10:41:00,3連単,4-3-1,70.1
2026-09-22T10:28:10+0900,2026-09-22,17,1,2026-09-22 10:41:00,3連単,5-3-1,313.8
2026-09-22T10:28:10+0900,2026-09-22,17,1,2026-09-22 10:41:00,3連単,6-3-1,557.1
2026-09-22T10:28:10+0900,2026-09-22,17,1,2026-09-22 10:41:00,3連単,1-4-3,9.6
2026-09-22T10:28:10+0900,2026-09-22,17,1,2026-09-22 10:41:00,3連単,2-4-3,179.6
2026-09-22T10:28:10+0900,2026-09-22,17,1,2026-09-22 10:41:00,3連単,3-4-2,147.5
2026-09-22T10:28:10+0900,2026-09-22,17,1,2026-09-22 10:41:00,3連単,4-3-2,200.7
2026-09-22T10:28:10+0900,2026-09-22,17,1,2026-09-22 10:41:00,3連単,5-3-2,557.1
2026-09-22T10:28:10+0900,2026-09-22,17,1,2026-09-22 10:41:00,3連単,6-3-2,1436.0
2026-09-22T10:28:10+0900,2026-09-22,17,1,2026-09-22 10:41:00,3連単,1-4-5,19.5
2026-09-22T10:28:10+0900,2026-09-22,17,1,2026-09-22 10:41:00,3連単,2-4-5,433.3
2026-09-22T10:28:10+0900,2026-09-22,17,1,2026-09-22 10:41:00,3連単,3-4-5,257.5
2026-09-22T10:28:10+0900,2026-09-22,17,1,2026-09-22 10:41:00,3連単,4-3-5,364.0
2026-09-22T10:28:10+0900,2026-09-22,17,1,2026-09-22 10:41:00,3連単,5-3-4,593.4
2026-09-22T10:28:10+0900,2026-09-22,17,1,2026-09-22 10:41:00,3連単,6-3-4,1137.0
2026-09-22T10:28:10+0900,2026-09-22,17,1,2026-09-22 10:41:00,3連単,1-4-6,176.1
2026-09-22T10:28:10+0900,2026-09-22,17,1,2026-09-22 10:41:00,3連単,2-4-6,802.9
2026-09-22T10:28:10+0900,2026-09-22,17,1,2026-09-22 10:41:00,3連単,3-4-6,780.0
2026-09-22T10:28:10+0900,2026-09-22,17,1,2026-09-22 10:41:00,3連単,4-3-6,941.4
2026-09-22T10:28:10+0900,2026-09-22,17,1,2026-09-22 10:41:00,3連単,5-3-6,1011.0
2026-09-22T10:28:10+0900,2026-09-22,17,1,2026-09-22 10:41:00,3連単,6-3-5,1706.0
2026-09-22T10:28:10+0900,2026-09-22,17,1,2026-09-22 10:41:00,3連単,1-5-2,53.4
2026-09-22T10:28:10+0900,2026-09-22,17,1,2026-09-22 10:41:00,3連単,2-5-1,248.1
2026-09-22T10:28:10+0900,2026-09-22,17,1,2026-09-22 10:41:00,3連単,3-5-1,239.4
2026-09-22T10:28:10+0900,2026-09-22,17,1,2026-09-22 10:41:00,3連単,4-5-1,111.4
2026-09-22T10:28:10+0900,2026-09-22,17,1,2026-09-22 10:41:00,3連単,5-4-1,306.7
2026-09-22T10:28:10+0900,2026-09-22,17,1,2026-09-22 10:41:00,3連単,6-4-1,2481.0
2026-09-22T10:28:10+0900,2026-09-22,17,1,2026-09-22 10:41:00,3連単,1-5-3,49.2
2026-09-22T10:28:10+0900,2026-09-22,17,1,2026-09-22 10:41:00,3連単,2-5-3,395.6
2026-09-22T10:28:10+0900,2026-09-22,17,1,2026-09-22 10:41:00,3連単,3-5-2,287.3
2026-09-22T10:28:10+0900,2026-09-22,17,1,2026-09-22 10:41:00,3連単,4-5-2,192.2
2026-09-22T10:28:10+0900,2026-09-22,17,1,2026-09-22 10:41:00,3連単,5-4-2,650.0
2026-09-22T10:28:10+0900,2026-09-22,17,1,2026-09-22 10:41:00,3連単,6-4-2,2100.0
2026-09-22T10:28:10+0900,2026-09-22,17,1,2026-09-22 10:41:00,3連単,1-5-4,53.4
2026-09-22T10:28:10+0900,2026-09-22,17,1,2026-09-22 10:41:00,3連単,2-5-4,470.7
2026-09-22T10:28:10+0900,2026-09-22,17,1,2026-09-22 10:41:00,3連単,3-5-4,470.7
2026-09-22T10:28:10+0900,2026-09-22,17,1,2026-09-22 10:41:00,3連単,4-5-3,197.8
2026-09-22T10:28:10+0900,2026-09-22,17,1,2026-09-22 10:41:00,3連単,5-4-3,546.0
2026-09-22T10:28:10+0900,2026-09-22,17,1,2026-09-22 10:41:00,3連単,6-4-3,2275.0
2026-09-22T10:28:10+0900,2026-09-22,17,1,2026-09-22 10:41:00,3連単,1-5-6,332.9
2026-09-22T10:28:10+0900,2026-09-22,17,1,2026-09-22 10:41:00,3連単,2-5-6,827.2
2026-09-22T10:28:10+0900,2026-09-22,17,1,2026-09-22 10:41:00,3連単,3-5-6,2100.0
2026-09-22T10:28:10+0900,2026-09-22,17,1,2026-09-22 10:41:00,3連単,4-5-6,470.7
2026-09-22T10:28:10+0900,2026-09-22,17,1,2026-09-22 10:41:00,3連単,5-4-6,910.0
2026-09-22T10:28:10+0900,2026-09-22,17,1,2026-09-22 10:41:00,3連単,6-4-5,2730.0
2026-09-22T10:28:10+0900,2026-09-22,17,1,2026-09-22 10:41:00,3連単,1-6-2,354.5
2026-09-22T10:28:10+0900,2026-09-22,17,1,2026-09-22 10:41:00,3連単,2-6-1,1300.0
2026-09-22T10:28:10+0900,2026-09-22,17,1,2026-09-22 10:41:00,3連単,3-6-1,593.4
2026-09-22T10:28:10+0900,2026-09-22,17,1,2026-09-22 10:41:00,3連単,4-6-1,941.4
2026-09-22T10:28:10+0900,2026-09-22,17,1,2026-09-22 10:41:00,3連単,5-6-1,1300.0
2026-09-22T10:28:10+0900,2026-09-22,17,1,2026-09-22 10:41:00,3連単,6-5-1,1186.0
2026-09-22T10:28:10+0900,2026-09-22,17,1,2026-09-22 10:41:00,3連単,1-6-3,341.2
2026-09-22T10:28:10+0900,2026-09-22,17,1,2026-09-22 10:41:00,3連単,2-6-3,1050.0
2026-09-22T10:28:10+0900,2026-09-22,17,1,2026-09-22 10:41:00,3連単,3-6-2,1516.0
2026-09-22T10:28:10+0900,2026-09-22,17,1,2026-09-22 10:41:00,3連単,4-6-2,1820.0
2026-09-22T10:28:10+0900,2026-09-22,17,1,2026-09-22 10:41:00,3連単,5-6-2,1137.0
2026-09-22T10:28:10+0900,2026-09-22,17,1,2026-09-22 10:41:00,3連単,6-5-2,1605.0
2026-09-22T10:28:10+0900,2026-09-22,17,1,2026-09-22 10:41:00,3連単,1-6-4,470.7
2026-09-22T10:28:10+0900,2026-09-22,17,1,2026-09-22 10:41:00,3連単,2-6-4,1516.0
2026-09-22T10:28:10+0900,2026-09-22,17,1,2026-09-22 10:41:00,3連単,3-6-4,975.0
2026-09-22T10:28:10+0900,2026-09-22,17,1,2026-09-22 10:41:00,3連単,4-6-3,1436.0
2026-09-22T10:28:10+0900,2026-09-22,17,1,2026-09-22 10:41:00,3連単,5-6-3,1240.0
2026-09-22T10:28:10+0900,2026-09-22,17,1,2026-09-22 10:41:00,3連単,6-5-3,1365.0
2026-09-22T10:28:10+0900,2026-09-22,17,1,2026-09-22 10:41:00,3連単,1-6-5,650.0
2026-09-22T10:28:10+0900,2026-09-22,17,1,2026-09-22 10:41:00,3連単,2-6-5,1605.0
2026-09-22T10:28:10+0900,2026-09-22,17,1,2026-09-22 10:41:00,3連単,3-6-5,1706.0
2026-09-22T10:28:10+0900,2026-09-22,17,1,2026-09-22 10:41:00,3連単,4-6-5,1516.0
2026-09-22T10:28:10+0900,2026-09-22,17,1,2026-09-22 10:41:00,3連単,5-6-4,1300.0
2026-09-22T10:28:10+0900,2026-09-22,17,1,2026-09-22 10:41:00,3連単,6-5-4,1605.0
2026-09-22T10:28:10+0900,2026-09-22,17,1,2026-09-22 10:41:00,3連複,1=2=3,3.6
2026-09-22T10:28:10+0900,2026-09-22,17,1,2026-09-22 10:41:00,3連複,1=2=4,3.9
2026-09-22T10:28:10+0900,2026-09-22,17,1,2026-09-22 10:41:00,3連複,1=2=5,18.1
2026-09-22T10:28:10+0900,2026-09-22,17,1,2026-09-22 10:41:00,3連複,1=2=6,72.7
2026-09-22T10:28:10+0900,2026-09-22,17,1,2026-09-22 10:41:00,3連複,1=3=4,3.3
2026-09-22T10:28:10+0900,2026-09-22,17,1,2026-09-22 10:41:00,3連複,2=3=4,11.4
2026-09-22T10:28:10+0900,2026-09-22,17,1,2026-09-22 10:41:00,3連複,1=3=5,15.5
2026-09-22T10:28:10+0900,2026-09-22,17,1,2026-09-22 10:41:00,3連複,2=3=5,38.5
2026-09-22T10:28:10+0900,2026-09-22,17,1,2026-09-22 10:41:00,3連複,1=3=6,46.7
2026-09-22T10:28:10+0900,2026-09-22,17,1,2026-09-22 10:41:00,3連複,2=3=6,130.9
2026-09-22T10:28:10+0900,2026-09-22,17,1,2026-09-22 10:41:00,3連複,1=4=5,11.2
2026-09-22T10:28:10+0900,2026-09-22,17,1,2026-09-22 10:41:00,3連複,2=4=5,59.5
2026-09-22T10:28:10+0900,2026-09-22,17,1,2026-09-22 10:41:00,3連複,3=4=5,28.4
2026-09-22T10:28:10+0900,2026-09-22,17,1,2026-09-22 10:41:00,3連複,1=4=6,31.1
2026-09-22T10:28:10+0900,2026-09-22,17,1,2026-09-22 10:41:00,3連複,2=4=6,327.3
2026-09-22T10:28:10+0900,2026-09-22,17,1,2026-09-22 10:41:00,3連複,3=4=6,81.8
2026-09-22T10:28:10+0900,2026-09-22,17,1,2026-09-22 10:41:00,3連複,1=5=6,109.1
2026-09-22T10:28:10+0900,2026-09-22,17,1,2026-09-22 10:41:00,3連複,2=5=6,163.6
2026-09-22T10:28:10+0900,2026-09-22,17,1,2026-09-22 10:41:00,3連複,3=5=6,38.5
2026-09-22T10:28:10+0900,2026-09-22,17,1,2026-09-22 10:41:00,3連複,4=5=6,163.6
