race_date,stadium_number,race_number,race_wind,race_wind_direction_number,race_wave,race_weather_number,race_temperature,race_water_temperature,boat_number,racer_course_number,racer_start_timing,racer_exhibition_time,racer_weight,racer_weight_adjustment,racer_tilt_adjustment
2025-05-26,1,1,4,10,3,2,17,21,1,1,0.07,6.65,50,2,-0.5
2025-05-26,1,1,4,10,3,2,17,21,2,2,0.14,6.78,53.9,0,-0.5
2025-05-26,1,1,4,10,3,2,17,21,3,3,0.15,6.71,53.2,0,-0.5
2025-05-26,1,1,4,10,3,2,17,21,4,4,-0.04,6.75,51,1,-0.5
2025-05-26,1,1,4,10,3,2,17,21,5,5,-0.14,6.86,52.8,0,-0.5
2025-05-26,1,1,4,10,3,2,17,21,6,6,0.12,6.78,52,0,-0.5
2025-05-26,1,2,3,10,2,2,20,21,1,1,0.12,6.83,52.8,0,-0.5
2025-05-26,1,2,3,10,2,2,20,21,2,2,0.01,6.73,53.3,0,0
2025-05-26,1,2,3,10,2,2,20,21,3,3,-0.05,6.67,52.7,0,-0.5
2025-05-26,1,2,3,10,2,2,20,21,4,4,0.03,6.74,52,0,0
2025-05-26,1,2,3,10,2,2,20,21,5,6,0.02,6.82,52,0,-0.5
2025-05-26,1,2,3,10,2,2,20,21,6,5,-0.01,6.74,53.3,0,0
2025-05-26,1,3,4,10,3,2,20,21,1,1,0.17,6.72,56.5,0,-0.5
2025-05-26,1,3,4,10,3,2,20,21,2,2,-0.05,6.62,52,0,-0.5
2025-05-26,1,3,4,10,3,2,20,21,3,3,-0.03,6.75,54,0,-0.5
2025-05-26,1,3,4,10,3,2,20,21,4,6,0.14,6.76,52,0,-0.5
2025-05-26,1,3,4,10,3,2,20,21,5,4,-0.08,6.72,51,1,-0.5
2025-05-26,1,3,4,10,3,2,20,21,6,5,0.09,6.72,52,0,-0.5
2025-05-26,1,4,3,10,2,2,19,21,1,1,0.06,6.75,54.8,0,-0.5
2025-05-26,1,4,3,10,2,2,19,21,2,2,0.07,6.64,50,2,-0.5
2025-05-26,1,4,3,10,2,2,19,21,3,3,0.08,6.76,52.1,0,-0.5
2025-05-26,1,4,3,10,2,2,19,21,4,6,0.07,6.81,52,0,-0.5
2025-05-26,1,4,3,10,2,2,19,21,5,4,0.09,6.71,52.5,0,-0.5
2025-05-26,1,4,3,10,2,2,19,21,6,5,0.07,6.79,52,0,-0.5
2025-05-26,1,5,3,10,2,2,19,21,1,1,0.07,6.76,52.5,0,-0.5
2025-05-26,1,5,3,10,2,2,19,21,2,2,0.04,6.76,52,0,-0.5
2025-05-26,1,5,3,10,2,2,19,21,3,3,0.05,6.81,52,0,-0.5
2025-05-26,1,5,3,10,2,2,19,21,4,5,0.03,6.67,50,2,-0.5
2025-05-26,1,5,3,10,2,2,19,21,5,6,0.09,6.84,55,0,-0.5
2025-05-26,1,5,3,10,2,2,19,21,6,4,0.06,6.82,53.5,0,0
2025-05-26,1,6,3,10,2,2,19,20,1,1,0.15,6.78,55.7,0,-0.5
2025-05-26,1,6,3,10,2,2,19,20,2,2,0.16,6.82,52.1,0,-0.5
2025-05-26,1,6,3,10,2,2,19,20,3,3,0.14,6.74,52.9,0,0
2025-05-26,1,6,3,10,2,2,19,20,4,4,0.05,6.7,52.2,0,-0.5
2025-05-26,1,6,3,10,2,2,19,20,5,5,0.15,6.77,53.9,0,-0.5
2025-05-26,1,6,3,10,2,2,19,20,6,6,0.03,6.71,52,0,0
2025-05-26,1,7,4,10,3,2,19,21,1,1,0.12,6.76,50,2,-0.5
2025-05-26,1,7,4,10,3,2,19,21,2,2,0.11,6.79,56,0,-0.5
2025-05-26,1,7,4,10,3,2,19,21,3,3,0.07,6.76,52.6,0,-0.5
2025-05-26,1,7,4,10,3,2,19,21,4,4,0.19,6.7,54,0,0
2025-05-26,1,7,4,10,3,2,19,21,5,6,0.26,6.75,52,0,-0.5
2025-05-26,1,7,4,10,3,2,19,21,6,5,0.29,6.75,54,0,-0.5
2025-05-26,1,8,3,10,2,2,19,21,1,1,0.03,6.76,57.9,0,-0.5
2025-05-26,1,8,3,10,2,2,19,21,2,2,0.02,6.81,53.3,0,-0.5
2025-05-26,1,8,3,10,2,2,19,21,3,3,0.01,6.73,52,0,-0.5
2025-05-26,1,8,3,10,2,2,19,21,4,4,-0.02,6.81,52.5,0,-0.5
2025-05-26,1,8,3,10,2,2,19,21,5,5,-0.06,6.7,52,0,-0.5
2025-05-26,1,8,3,10,2,2,19,21,6,6,-0.06,6.66,51,1,-0.5
2025-05-26,1,9,1,10,1,2,19,21,1,1,0.06,6.77,52,0,-0.5
2025-05-26,1,9,1,10,1,2,19,21,2,2,-0.08,6.75,52,0,-0.5
2025-05-26,1,9,1,10,1,2,19,21,3,3,0.16,6.84,52,0,-0.5
2025-05-26,1,9,1,10,1,2,19,21,4,4,0.08,6.82,52,0,-0.5
2025-05-26,1,9,1,10,1,2,19,21,5,5,0.07,6.86,52,0,-0.5
2025-05-26,1,9,1,10,1,2,19,21,6,6,0.01,6.71,52,0,-0.5
2025-05-26,1,10,3,10,2,2,18,21,1,1,0.09,6.77,55,0,-0.5
2025-05-26,1,10,3,10,2,2,18,21,2,2,0.1,6.72,55.7,0,-0.5
2025-05-26,1,10,3,10,2,2,18,21,3,3,-0.01,6.8,52,0,-0.5
2025-05-26,1,10,3,10,2,2,18,21,4,4,0.01,6.78,53.2,0,-0.5
2025-05-26,1,10,3,10,2,2,18,21,5,5,0.02,6.72,52.1,0,-0.5
2025-05-26,1,10,3,10,2,2,18,21,6,6,0.02,6.73,52.7,0,-0.5
2025-05-26,1,11,3,10,2,2,18,21,1,1,0.05,6.67,54.9,0,0
2025-05-26,1,11,3,10,2,2,18,21,2,2,0.12,6.77,50,2,0
2025-05-26,1,11,3,10,2,2,18,21,3,3,0.13,6.68,52,0,-0.5
2025-05-26,1,11,3,10,2,2,18,21,4,4,0.03,6.72,52.5,0,-0.5
2025-05-26,1,11,3,10,2,2,18,21,5,5,0.09,6.74,52,0,-0.5
2025-05-26,1,11,3,10,2,2,18,21,6,6,0.07,6.75,50,2,-0.5
2025-05-26,1,12,3,10,2,2,17,21,1,1,0.01,6.74,52,0,-0.5
2025-05-26,1,12,3,10,2,2,17,21,2,2,0.05,6.6,51,1,-0.5
2025-05-26,1,12,3,10,2,2,17,21,3,3,0.08,6.58,53.5,0,0
2025-05-26,1,12,3,10,2,2,17,21,4,4,0.05,6.82,52.8,0,-0.5
2025-05-26,1,12,3,10,2,2,17,21,5,5,0.01,6.85,57.9,0,-0.5
2025-05-26,1,12,3,10,2,2,17,21,6,6,0.05,6.8,52.9,0,0
2025-05-26,3,1,4,4,5,2,19,20,1,1,0.17,6.56,52.9,0,0.5
2025-05-26,3,1,4,4,5,2,19,20,2,2,0.01,6.58,53.3,0,-0.5
2025-05-26,3,1,4,4,5,2,19,20,3,3,0.03,6.55,53.5,0,-0.5
2025-05-26,3,1,4,4,5,2,19,20,4,4,0.02,6.57,51.5,0.5,0.5
2025-05-26,3,1,4,4,5,2,19,20,5,5,-0.02,6.61,50,2,0.5
2025-05-26,3,1,4,4,5,2,19,20,6,6,0.02,6.64,57.2,0,0.5
2025-05-26,3,2,3,12,5,2,21,20,1,1,-0.07,6.63,52,0,0
2025-05-26,3,2,3,12,5,2,21,20,2,2,-0.05,6.48,52,0,2
2025-05-26,3,2,3,12,5,2,21,20,3,3,0.05,6.58,52.5,0,0.5
2025-05-26,3,2,3,12,5,2,21,20,4,4,-0.07,6.64,52.5,0,1
2025-05-26,3,2,3,12,5,2,21,20,5,5,-0.09,6.6,53.2,0,0.5
2025-05-26,3,2,3,12,5,2,21,20,6,6,-0.01,6.72,53.3,0,-0.5
2025-05-26,3,3,3,12,5,2,21,20,1,1,-0.13,6.73,52.5,0,1
2025-05-26,3,3,3,12,5,2,21,20,2,2,0.01,6.73,52.7,0,0.5
2025-05-26,3,3,3,12,5,2,21,20,3,3,-0.17,6.71,52,0,0
2025-05-26,3,3,3,12,5,2,21,20,4,4,0.01,6.71,52.8,0,1
2025-05-26,3,3,3,12,5,2,21,20,5,5,-0.23,6.74,52,0,0.5
2025-05-26,3,3,3,12,5,2,21,20,6,6,-0.17,6.66,54,0,1.5
2025-05-26,3,4,4,4,5,2,21,20,1,1,0.06,6.72,53.1,0,0.5
2025-05-26,3,4,4,4,5,2,21,20,2,2,-0.09,6.79,52,0,0.5
2025-05-26,3,4,4,4,5,2,21,20,3,3,0.07,6.75,52,0,0.5
2025-05-26,3,4,4,4,5,2,21,20,4,4,0.15,6.72,52.2,0,-0.5
2025-05-26,3,4,4,4,5,2,21,20,5,5,0.19,6.87,52.8,0,0
2025-05-26,3,4,4,4,5,2,21,20,6,6,0.12,6.89,53,0,0.5
2025-05-26,3,5,3,4,5,2,20,20,1,1,0.13,6.81,52,0,0.5
2025-05-26,3,5,3,4,5,2,20,20,2,2,0.09,6.82,52.9,0,0.5
2025-05-26,3,5,3,4,5,2,20,20,3,3,0.21,6.92,52,0,0.5
2025-05-26,3,5,3,4,5,2,20,20,4,4,0.14,6.74,54.4,0,0.5
2025-05-26,3,5,3,4,5,2,20,20,5,5,0.01,6.94,56.5,0,0
2025-05-26,3,5,3,4,5,2,20,20,6,6,0.25,6.76,54,0,1.5
2025-05-26,3,6,4,2,5,2,20,20,1,1,-0.04,6.79,52,0,0.5
2025-05-26,3,6,4,2,5,2,20,20,2,2,0.01,6.66,52,0,-0.5
2025-05-26,3,6,4,2,5,2,20,20,3,3,0.07,6.85,51.5,0.5,0.5
2025-05-26,3,6,4,2,5,2,20,20,4,4,0.11,6.88,52,0,0.5
2025-05-26,3,6,4,2,5,2,20,20,5,5,0.03,6.88,54.1,0,0
2025-05-26,3,6,4,2,5,2,20,20,6,6,0.09,6.79,51.5,0.5,0
2025-05-26,3,7,4,4,5,2,21,20,1,1,0.25,6.77,52.8,0,0.5
2025-05-26,3,7,4,4,5,2,21,20,2,2,0.23,6.85,52.8,0,0.5
2025-05-26,3,7,4,4,5,2,21,20,3,3,0.02,6.84,51.5,0.5,0.5
2025-05-26,3,7,4,4,5,2,21,20,4,4,-0.11,6.8,52,0,0.5
2025-05-26,3,7,4,4,5,2,21,20,5,5,0.27,6.68,57.2,0,0.5
2025-05-26,3,7,4,4,5,2,21,20,6,6,0.2,6.84,52.5,0,0.5
2025-05-26,3,8,3,16,5,2,20,20,1,1,0.07,6.79,53.5,0,-0.5
2025-05-26,3,8,3,16,5,2,20,20,2,2,0.19,6.73,52.5,0,1
2025-05-26,3,8,3,16,5,2,20,20,3,3,0.35,6.77,52,0,0.5
2025-05-26,3,8,3,16,5,2,20,20,4,4,-0.01,6.75,52.1,0,2
2025-05-26,3,8,3,16,5,2,20,20,5,5,-0.01,6.97,53,0,0.5
2025-05-26,3,8,3,16,5,2,20,20,6,6,-0.02,6.62,52,0,1
2025-05-26,3,9,4,2,5,2,20,20,1,1,0.11,6.75,52.3,0,0
2025-05-26,3,9,4,2,5,2,20,20,2,2,0.08,6.69,52.9,0,1
2025-05-26,3,9,4,2,5,2,20,20,3,3,0.39,6.72,50,2,0.5
2025-05-26,3,9,4,2,5,2,20,20,4,4,-0.09,6.85,52,0,1
2025-05-26,3,9,4,2,5,2,20,20,5,5,0.01,6.84,55.1,0,0.5
2025-05-26,3,9,4,2,5,2,20,20,6,6,0.21,6.75,52.2,0,-0.5
2025-05-26,3,10,3,2,5,2,20,20,1,1,0.23,6.7,52,0,0
2025-05-26,3,10,3,2,5,2,20,20,2,2,0.01,6.75,53.1,0,0.5
2025-05-26,3,10,3,2,5,2,20,20,3,3,0.06,6.7,53.3,0,-0.5
2025-05-26,3,10,3,2,5,2,20,20,4,4,0.33,6.73,52,0,0.5
2025-05-26,3,10,3,2,5,2,20,20,5,5,0.04,6.78,52,0,0
2025-05-26,3,10,3,2,5,2,20,20,6,6,0.12,7.04,53.3,0,0
2025-05-26,3,11,5,2,5,2,20,20,1,1,0.29,6.74,54.4,0,0.5
2025-05-26,3,11,5,2,5,2,20,20,2,2,0.21,6.84,52,0,0.5
2025-05-26,3,11,5,2,5,2,20,20,3,3,0.26,6.71,53.2,0,0.5
2025-05-26,3,11,5,2,5,2,20,20,4,4,0.01,6.85,52.3,0,0.5
2025-05-26,3,11,5,2,5,2,20,20,5,5,-0.03,6.74,52,0,0.5
2025-05-26,3,11,5,2,5,2,20,20,6,6,0,6.83,52,0,0.5
2025-05-26,3,12,3,2,5,2,20,20,1,1,0.12,6.56,52,0,-0.5
2025-05-26,3,12,3,2,5,2,20,20,2,2,0.34,6.76,50.5,1.5,0.5
2025-05-26,3,12,3,2,5,2,20,20,3,3,0.29,6.8,52.8,0,0
2025-05-26,3,12,3,2,5,2,20,20,4,4,0.19,6.7,52.7,0,0.5
2025-05-26,3,12,3,2,5,2,20,20,5,5,0.11,6.77,52.1,0,2
2025-05-26,3,12,3,2,5,2,20,20,6,6,0.07,6.57,52,0,2
2025-05-26,5,1,4,7,3,2,19,22,1,1,0.11,6.85,52,0,0
2025-05-26,5,1,4,7,3,2,19,22,2,2,0.15,6.89,52.2,0,-0.5
2025-05-26,5,1,4,7,3,2,19,22,3,3,0.05,6.8,52.4,0,-0.5
2025-05-26,5,1,4,7,3,2,19,22,4,4,0.13,6.75,52.9,0,0
2025-05-26,5,1,4,7,3,2,19,22,5,5,-0.06,6.8,52.9,0,-0.5
2025-05-26,5,1,4,7,3,2,19,22,6,6,0.19,6.78,53,0,-0.5
2025-05-26,5,2,3,3,2,2,21,22,1,1,-0.03,6.72,54.1,0,-0.5
2025-05-26,5,2,3,3,2,2,21,22,2,2,-0.01,6.77,53.2,0,-0.5
2025-05-26,5,2,3,3,2,2,21,22,3,3,0.03,6.74,57.9,0,-0.5
2025-05-26,5,2,3,3,2,2,21,22,4,4,0.02,6.71,52.1,0,0
2025-05-26,5,2,3,3,2,2,21,22,5,5,0.09,6.75,51.5,0.5,0
2025-05-26,5,2,3,3,2,2,21,22,6,6,0.04,6.74,52,0,-0.5
2025-05-26,5,3,1,3,2,2,21,22,1,1,0.03,6.74,52,0,-0.5
2025-05-26,5,3,1,3,2,2,21,22,2,2,0.04,6.65,52,0,-0.5
2025-05-26,5,3,1,3,2,2,21,22,3,3,0.17,6.74,53.5,0,-0.5
2025-05-26,5,3,1,3,2,2,21,22,4,4,0.16,6.72,51.5,0.5,0
2025-05-26,5,3,1,3,2,2,21,22,5,5,0.15,6.76,54.4,0,-0.5
2025-05-26,5,3,1,3,2,2,21,22,6,6,0.06,6.69,52,0,-0.5
2025-05-26,5,4,1,1,2,2,21,22,1,1,0.07,6.72,52.4,0,-0.5
2025-05-26,5,4,1,1,2,2,21,22,2,2,-0.01,6.74,52.1,0,-0.5
2025-05-26,5,4,1,1,2,2,21,22,3,3,0.09,6.73,57.2,0,-0.5
2025-05-26,5,4,1,1,2,2,21,22,4,4,0.13,6.69,52.3,0,0
2025-05-26,5,4,1,1,2,2,21,22,5,5,0.22,6.76,56,0,-0.5
2025-05-26,5,4,1,1,2,2,21,22,6,6,0.01,6.67,52,0,-0.5
2025-05-26,5,5,2,5,2,2,21,22,1,1,0.04,6.73,52.3,0,-0.5
2025-05-26,5,5,2,5,2,2,21,22,2,2,-0.01,6.7,55.9,0,-0.5
2025-05-26,5,5,2,5,2,2,21,22,3,3,-0.04,6.8,52.2,0,-0.5
2025-05-26,5,5,2,5,2,2,21,22,4,4,-0.01,6.73,52,0,-0.5
2025-05-26,5,5,2,5,2,2,21,22,5,5,-0.02,6.63,52,0,-0.5
2025-05-26,5,5,2,5,2,2,21,22,6,6,-0.13,6.68,52.3,0,-0.5
2025-05-26,5,6,2,5,2,2,21,22,1,1,-0.02,6.73,52.1,0,-0.5
2025-05-26,5,6,2,5,2,2,21,22,2,2,0.04,6.83,52.3,0,-0.5
2025-05-26,5,6,2,5,2,2,21,22,3,3,-0.05,6.8,53.2,0,-0.5
2025-05-26,5,6,2,5,2,2,21,22,4,4,0.13,6.71,51.5,0.5,-0.5
2025-05-26,5,6,2,5,2,2,21,22,5,5,0.07,6.72,52,0,-0.5
2025-05-26,5,6,2,5,2,2,21,22,6,6,0,6.75,50.5,1.5,-0.5
2025-05-26,5,7,1,5,2,2,21,22,1,1,0.13,6.75,57.9,0,-0.5
2025-05-26,5,7,1,5,2,2,21,22,2,2,0.25,6.74,53.5,0,-0.5
2025-05-26,5,7,1,5,2,2,21,22,3,3,-0.01,6.72,53.4,0,-0.5
2025-05-26,5,7,1,5,2,2,21,22,4,4,0.07,6.73,53,0,-0.5
2025-05-26,5,7,1,5,2,2,21,22,5,5,0.17,6.75,52,0,-0.5
2025-05-26,5,7,1,5,2,2,21,22,6,6,0.12,6.72,51.5,0.5,0
2025-05-26,5,8,1,5,2,2,21,22,1,1,0.11,6.78,54.2,0,0
2025-05-26,5,8,1,5,2,2,21,22,2,2,0.05,6.7,52.9,0,-0.5
2025-05-26,5,8,1,5,2,2,21,22,3,3,0.08,6.73,52.1,0,0
2025-05-26,5,8,1,5,2,2,21,22,4,4,0.17,6.64,51.5,0.5,0
2025-05-26,5,8,1,5,2,2,21,22,5,5,0.06,6.7,51.5,0.5,0
2025-05-26,5,8,1,5,2,2,21,22,6,6,0.05,6.79,52.4,0,-0.5
2025-05-26,5,9,0,17,2,2,21,22,1,1,0.07,6.7,52.7,0,-0.5
2025-05-26,5,9,0,17,2,2,21,22,2,2,0.11,6.76,51.5,0.5,0
2025-05-26,5,9,0,17,2,2,21,22,3,3,0.21,6.7,52.4,0,0
2025-05-26,5,9,0,17,2,2,21,22,4,4,-0.01,6.69,52,0,-0.5
2025-05-26,5,9,0,17,2,2,21,22,5,5,0.19,6.72,52.3,0,-0.5
2025-05-26,5,9,0,17,2,2,21,22,6,6,-0.02,6.7,53,0,-0.5
2025-05-26,5,10,2,7,2,2,21,22,1,1,-0.04,6.71,52.3,0,-0.5
2025-05-26,5,10,2,7,2,2,21,22,2,2,-0.01,6.78,50.5,1.5,-0.5
2025-05-26,5,10,2,7,2,2,21,22,3,3,-0.05,6.75,52.3,0,-0.5
2025-05-26,5,10,2,7,2,2,21,22,4,4,0.04,6.78,52,0,-0.5
2025-05-26,5,10,2,7,2,2,21,22,5,5,0.09,6.71,52.1,0,0
2025-05-26,5,10,2,7,2,2,21,22,6,6,0.09,6.7,52.3,0,-0.5
2025-05-26,5,11,2,7,2,2,21,22,1,1,0.02,6.73,51.5,0.5,-0.5
2025-05-26,5,11,2,7,2,2,21,22,2,2,0.08,6.8,52.4,0,-0.5
2025-05-26,5,11,2,7,2,2,21,22,3,3,-0.01,6.75,52.1,0,-0.5
2025-05-26,5,11,2,7,2,2,21,22,4,4,0.02,6.77,52,0,-0.5
2025-05-26,5,11,2,7,2,2,21,22,5,5,0.03,6.79,55.9,0,-0.5
2025-05-26,5,11,2,7,2,2,21,22,6,6,0.09,6.76,51.5,0.5,0
2025-05-26,5,12,2,7,2,2,20,22,1,1,-0.06,6.74,53.4,0,-0.5
2025-05-26,5,12,2,7,2,2,20,22,2,2,0.01,6.77,54.2,0,0
2025-05-26,5,12,2,7,2,2,20,22,3,3,0.14,6.76,54.1,0,0
2025-05-26,5,12,2,7,2,2,20,22,4,4,0.18,6.71,52,0,-0.5
2025-05-26,5,12,2,7,2,2,20,22,5,5,-0.02,6.77,57.2,0,-0.5
2025-05-26,5,12,2,7,2,2,20,22,6,6,0.11,6.76,52,0,0
2025-05-26,7,1,1,15,1,2,18,16,1,1,0.07,6.67,55.5,0,-0.5
2025-05-26,7,1,1,15,1,2,18,16,2,2,0.27,6.65,61.2,0,-0.5
2025-05-26,7,1,1,15,1,2,18,16,3,3,0.13,6.61,52.3,0,-0.5
2025-05-26,7,1,1,15,1,2,18,16,4,4,0.24,6.69,55.5,0,-0.5
2025-05-26,7,1,1,15,1,2,18,16,5,5,0.01,6.61,53.6,0,0
2025-05-26,7,1,1,15,1,2,18,16,6,6,0.03,6.67,56.7,0,-0.5
2025-05-26,7,2,1,3,1,2,20,16,1,1,-0.01,6.64,52.9,0,-0.5
2025-05-26,7,2,1,3,1,2,20,16,2,2,0.04,6.65,54.6,0,-0.5
2025-05-26,7,2,1,3,1,2,20,16,3,3,0.06,6.63,54.9,0,-0.5
2025-05-26,7,2,1,3,1,2,20,16,4,4,-0.09,6.7,52.3,0,-0.5
2025-05-26,7,2,1,3,1,2,20,16,5,5,0.01,6.63,53.5,0,-0.5
2025-05-26,7,2,1,3,1,2,20,16,6,6,0.21,6.66,47,0,-0.5
2025-05-26,7,3,1,15,1,2,20,16,1,1,0,6.62,52,0,-0.5
2025-05-26,7,3,1,15,1,2,20,16,2,2,0.09,6.6,51,1,-0.5
2025-05-26,7,3,1,15,1,2,20,16,3,3,-0.03,6.58,54.6,0,0
2025-05-26,7,3,1,15,1,2,20,16,4,4,-0.05,6.65,52,0,-0.5
2025-05-26,7,3,1,15,1,2,20,16,5,5,-0.05,6.65,53.2,0,-0.5
2025-05-26,7,3,1,15,1,2,20,16,6,6,-0.03,6.66,48.4,0,-0.5
2025-05-26,7,4,1,15,1,2,21,16,1,1,-0.01,6.58,50,2,-0.5
2025-05-26,7,4,1,15,1,2,21,16,2,2,0.05,6.66,52,0,-0.5
2025-05-26,7,4,1,15,1,2,21,16,3,3,0.1,6.63,52.8,0,0
2025-05-26,7,4,1,15,1,2,21,16,4,4,0.05,6.6,57.1,0,0
2025-05-26,7,4,1,15,1,2,21,16,5,5,0,6.65,49.6,0,-0.5
2025-05-26,7,4,1,15,1,2,21,16,6,6,-0.06,6.67,53.8,0,-0.5
2025-05-26,7,5,1,15,1,2,21,16,1,1,0.08,6.6,52.2,0,-0.5
2025-05-26,7,5,1,15,1,2,21,16,2,2,0.31,6.6,53.6,0,0
2025-05-26,7,5,1,15,1,2,21,16,3,3,0.22,6.6,53.5,0,-0.5
2025-05-26,7,5,1,15,1,2,21,16,4,4,0.08,6.67,53.2,0,-0.5
2025-05-26,7,5,1,15,1,2,21,16,5,6,0.08,6.67,55.5,0,-0.5
2025-05-26,7,5,1,15,1,2,21,16,6,5,0.08,6.54,45.5,1.5,-0.5
2025-05-26,7,6,1,15,1,2,20,16,1,1,-0.01,6.64,58,0,-0.5
2025-05-26,7,6,1,15,1,2,20,16,2,2,0.07,6.67,56.7,0,-0.5
2025-05-26,7,6,1,15,1,2,20,16,3,3,0.02,6.66,52.3,0,-0.5
2025-05-26,7,6,1,15,1,2,20,16,4,4,-0.03,6.64,47,0,-0.5
2025-05-26,7,6,1,15,1,2,20,16,5,5,-0.01,6.61,52.5,0,-0.5
2025-05-26,7,6,1,15,1,2,20,16,6,6,0.04,6.63,57.4,0,-0.5
2025-05-26,7,7,1,15,1,2,19,16,1,1,0.23,6.64,52.3,0,-0.5
2025-05-26,7,7,1,15,1,2,19,16,2,2,-0.06,6.64,53.5,0,-0.5
2025-05-26,7,7,1,15,1,2,19,16,3,3,-0.07,6.67,48.4,0,-0.5
2025-05-26,7,7,1,15,1,2,19,16,4,4,0.01,6.6,52,0,-0.5
2025-05-26,7,7,1,15,1,2,19,16,5,5,0.07,6.68,61.2,0,-0.5
2025-05-26,7,7,1,15,1,2,19,16,6,6,0.02,6.66,47.2,0,-0.5
2025-05-26,7,8,1,15,1,2,19,16,1,1,0.07,6.67,52,0,-0.5
2025-05-26,7,8,1,15,1,2,19,16,2,2,0.07,6.58,49.6,0,-0.5
2025-05-26,7,8,1,15,1,2,19,16,3,3,0.1,6.59,51,1,-0.5
2025-05-26,7,8,1,15,1,2,19,16,4,4,0.05,6.69,55.5,0,-0.5
2025-05-26,7,8,1,15,1,2,19,16,5,5,-0.01,6.71,54.6,0,-0.5
2025-05-26,7,8,1,15,1,2,19,16,6,6,0.07,6.67,52,0,-0.5
2025-05-26,7,9,1,3,1,2,19,16,1,1,-0.02,6.71,51,1,-0.5
2025-05-26,7,9,1,3,1,2,19,16,2,2,0.38,6.78,53.2,0,-0.5
2025-05-26,7,9,1,3,1,2,19,16,3,3,0.02,6.71,57.1,0,0
2025-05-26,7,9,1,3,1,2,19,16,4,4,0.08,6.73,52.3,0,-0.5
2025-05-26,7,9,1,3,1,2,19,16,5,5,0.09,6.77,52,0,-0.5
2025-05-26,7,9,1,3,1,2,19,16,6,6,0.07,6.74,53.2,0,-0.5
2025-05-26,7,10,1,3,1,2,19,16,1,1,-0.03,6.76,53.5,0,-0.5
2025-05-26,7,10,1,3,1,2,19,16,2,2,0.03,6.75,50,2,-0.5
2025-05-26,7,10,1,3,1,2,19,16,3,3,0.1,6.73,52.2,0,-0.5
2025-05-26,7,10,1,3,1,2,19,16,4,4,0.07,6.78,58,0,-0.5
2025-05-26,7,10,1,3,1,2,19,16,5,5,0.17,6.79,52,0,-0.5
2025-05-26,7,10,1,3,1,2,19,16,6,6,0.27,6.77,54.9,0,-0.5
2025-05-26,7,11,1,3,1,2,18,16,1,1,-0.01,6.69,52,0,-0.5
2025-05-26,7,11,1,3,1,2,18,16,2,4,0.16,6.74,52.5,0,-0.5
2025-05-26,7,11,1,3,1,2,18,16,3,5,0.21,6.79,52,0,-0.5
2025-05-26,7,11,1,3,1,2,18,16,4,2,0.01,6.72,54.6,0,0
2025-05-26,7,11,1,3,1,2,18,16,5,6,0.04,6.74,52.3,0,-0.5
2025-05-26,7,11,1,3,1,2,18,16,6,3,0.01,6.77,52.9,0,-0.5
2025-05-26,7,12,1,15,1,2,18,16,1,1,0.08,6.73,51.5,0.5,-0.5
2025-05-26,7,12,1,15,1,2,18,16,2,2,0.33,6.78,55.4,0,-0.5
2025-05-26,7,12,1,15,1,2,18,16,3,3,0.08,6.78,52,0,-0.5
2025-05-26,7,12,1,15,1,2,18,16,4,6,0.14,6.72,52,0,-0.5
2025-05-26,7,12,1,15,1,2,18,16,5,4,0.06,6.74,51.5,0.5,-0.5
2025-05-26,7,12,1,15,1,2,18,16,6,5,0.06,6.72,54.2,0,-0.5
2025-05-26,8,1,2,13,0,2,19,20,1,1,-0.02,6.84,53.2,0,0
2025-05-26,8,1,2,13,0,2,19,20,2,2,-0.01,6.77,51,1,-0.5
2025-05-26,8,1,2,13,0,2,19,20,3,3,0,6.79,52.5,0,0
2025-05-26,8,1,2,13,0,2,19,20,4,4,-0.03,6.83,51.5,0.5,-0.5
2025-05-26,8,1,2,13,0,2,19,20,5,5,-0.05,6.84,55.5,0,-0.5
2025-05-26,8,1,2,13,0,2,19,20,6,6,-0.03,6.84,53.7,0,-0.5
2025-05-26,8,2,2,13,0,2,18,20,1,1,0.05,6.75,52,0,-0.5
2025-05-26,8,2,2,13,0,2,18,20,2,2,0.08,6.76,51,1,0
2025-05-26,8,2,2,13,0,2,18,20,3,3,0.04,6.76,52,0,0
2025-05-26,8,2,2,13,0,2,18,20,4,4,0.13,6.78,55.1,0,-0.5
2025-05-26,8,2,2,13,0,2,18,20,5,5,0.08,6.74,52.2,0,0
2025-05-26,8,2,2,13,0,2,18,20,6,6,0.07,6.74,53.7,0,0
2025-05-26,8,3,3,13,1,2,18,20,1,1,0.32,6.74,52.5,0,0
2025-05-26,8,3,3,13,1,2,18,20,2,2,0.03,6.73,53.8,0,-0.5
2025-05-26,8,3,3,13,1,2,18,20,3,3,0.17,6.76,52,0,0
2025-05-26,8,3,3,13,1,2,18,20,4,4,0.14,6.7,52,0,0.5
2025-05-26,8,3,3,13,1,2,18,20,5,5,0.18,6.79,52.8,0,0
2025-05-26,8,3,3,13,1,2,18,20,6,6,0.15,6.75,53.9,0,-0.5
2025-05-26,8,4,3,13,1,2,18,20,1,1,0.08,6.79,52.9,0,0
2025-05-26,8,4,3,13,1,2,18,20,2,2,-0.05,6.82,52.2,0,0
2025-05-26,8,4,3,13,1,2,18,20,3,3,0.13,6.77,52.3,0,-0.5
2025-05-26,8,4,3,13,1,2,18,20,4,4,0.1,6.79,56,0,-0.5
2025-05-26,8,4,3,13,1,2,18,20,5,5,-0.07,6.66,52,0,0.5
2025-05-26,8,4,3,13,1,2,18,20,6,6,0.06,6.78,52,0,-0.5
2025-05-26,8,5,3,13,1,2,19,20,1,1,-0.08,6.74,51.5,0.5,0
2025-05-26,8,5,3,13,1,2,19,20,2,2,-0.02,6.81,54.3,0,0
2025-05-26,8,5,3,13,1,2,19,20,3,3,0.03,6.77,51.5,0.5,-0.5
2025-05-26,8,5,3,13,1,2,19,20,4,4,0.13,6.78,56.5,0,-0.5
2025-05-26,8,5,3,13,1,2,19,20,5,5,-0.01,6.73,52.7,0,0
2025-05-26,8,5,3,13,1,2,19,20,6,6,0.01,6.79,52.8,0,-0.5
2025-05-26,8,6,3,13,1,2,19,20,1,1,0.05,6.75,54.9,0,-0.5
2025-05-26,8,6,3,13,1,2,19,20,2,2,0.21,6.79,55.1,0,-0.5
2025-05-26,8,6,3,13,1,2,19,20,3,3,0.09,6.75,55,0,-0.5
2025-05-26,8,6,3,13,1,2,19,20,4,4,0.12,6.71,51,1,-0.5
2025-05-26,8,6,3,13,1,2,19,20,5,5,0.11,6.74,52,0,-0.5
2025-05-26,8,6,3,13,1,2,19,20,6,6,0.08,6.7,52,0,0
2025-05-26,8,7,2,13,0,2,19,20,1,1,0.06,6.69,51,1,-0.5
2025-05-26,8,7,2,13,0,2,19,20,2,2,0.24,6.77,52,0,-0.5
2025-05-26,8,7,2,13,0,2,19,20,3,3,0.15,6.68,52,0,0.5
2025-05-26,8,7,2,13,0,2,19,20,4,4,0.2,6.79,53.8,0,-0.5
2025-05-26,8,7,2,13,0,2,19,20,5,5,0.15,6.75,53.7,0,-0.5
2025-05-26,8,7,2,13,0,2,19,20,6,6,0.05,6.74,52,0,-0.5
2025-05-26,8,8,2,13,0,2,19,20,1,1,0.12,6.73,52.1,0,0
2025-05-26,8,8,2,13,0,2,19,20,2,2,0.12,6.82,52.5,0,0
2025-05-26,8,8,2,13,0,2,19,20,3,3,0.11,6.83,56,0,-0.5
2025-05-26,8,8,2,13,0,2,19,20,4,4,0.14,6.84,52.3,0,-0.5
2025-05-26,8,8,2,13,0,2,19,20,5,5,0.08,6.78,52.5,0,0
2025-05-26,8,8,2,13,0,2,19,20,6,6,0.22,6.82,55.5,0,-0.5
2025-05-26,8,9,2,13,0,2,19,20,1,1,0.02,6.72,52.1,0,0
2025-05-26,8,9,2,13,0,2,19,20,2,2,0.11,6.73,52.2,0,0
2025-05-26,8,9,2,13,0,2,19,20,3,3,0,6.76,52.2,0,0
2025-05-26,8,9,2,13,0,2,19,20,4,4,0.01,6.74,52,0,0
2025-05-26,8,9,2,13,0,2,19,20,5,5,0.11,6.77,53.2,0,0
2025-05-26,8,9,2,13,0,2,19,20,6,6,0.14,6.76,56.5,0,-0.5
2025-05-26,8,10,2,13,0,2,19,20,1,1,-0.01,6.71,52,0,0
2025-05-26,8,10,2,13,0,2,19,20,2,2,-0.08,6.74,52.8,0,0
2025-05-26,8,10,2,13,0,2,19,20,3,3,-0.11,6.81,54.3,0,0
2025-05-26,8,10,2,13,0,2,19,20,4,4,0.1,6.82,52.9,0,0
2025-05-26,8,10,2,13,0,2,19,20,5,5,0.2,6.76,51,1,0
2025-05-26,8,10,2,13,0,2,19,20,6,6,0.03,6.8,51.5,0.5,0
2025-05-26,8,11,2,13,0,2,19,20,1,1,0.34,6.74,52.7,0,0
2025-05-26,8,11,2,13,0,2,19,20,2,2,0.14,6.69,52.1,0,0
2025-05-26,8,11,2,13,0,2,19,20,3,3,0.15,6.79,52,0,-0.5
2025-05-26,8,11,2,13,0,2,19,20,4,4,0.03,6.76,55,0,-0.5
2025-05-26,8,11,2,13,0,2,19,20,5,5,0.25,6.79,52,0,-0.5
2025-05-26,8,11,2,13,0,2,19,20,6,6,0.15,6.76,54.9,0,0
2025-05-26,8,12,2,13,0,2,19,20,1,1,0,6.74,51,1,0
2025-05-26,8,12,2,13,0,2,19,20,2,2,0,6.69,51.5,0.5,-0.5
2025-05-26,8,12,2,13,0,2,19,20,3,3,-0.02,6.72,52,0,0
2025-05-26,8,12,2,13,0,2,19,20,4,4,0.1,6.67,52,0,-0.5
2025-05-26,8,12,2,13,0,2,19,20,5,5,0.15,6.73,52.5,0,0
2025-05-26,8,12,2,13,0,2,19,20,6,6,0.16,6.67,52,0,0.5
2025-05-26,9,1,1,12,1,2,19,21,1,1,0.01,6.64,52.5,0,0
2025-05-26,9,1,1,12,1,2,19,21,2,2,0.07,6.69,52.5,0,-0.5
2025-05-26,9,1,1,12,1,2,19,21,3,3,0.13,6.66,52.4,0,-0.5
2025-05-26,9,1,1,12,1,2,19,21,4,4,0.09,6.7,52.6,0,-0.5
2025-05-26,9,1,1,12,1,2,19,21,5,5,0.13,6.67,55.1,0,-0.5
2025-05-26,9,1,1,12,1,2,19,21,6,6,0.21,6.67,52,0,0
2025-05-26,9,2,4,14,2,2,18,21,1,1,-0.06,6.7,53,0,-0.5
2025-05-26,9,2,4,14,2,2,18,21,2,2,0.07,6.65,52,0,-0.5
2025-05-26,9,2,4,14,2,2,18,21,3,3,0.02,6.7,51,1,0
2025-05-26,9,2,4,14,2,2,18,21,4,4,0.27,6.69,54.4,0,-0.5
2025-05-26,9,2,4,14,2,2,18,21,5,5,0.25,6.66,53.6,0,-0.5
2025-05-26,9,2,4,14,2,2,18,21,6,6,0.21,6.71,51.5,0.5,0
2025-05-26,9,3,3,12,2,2,18,21,1,1,0.17,6.71,52.7,0,-0.5
2025-05-26,9,3,3,12,2,2,18,21,2,2,0.04,6.71,52.2,0,0
2025-05-26,9,3,3,12,2,2,18,21,3,3,-0.01,6.69,50,2,-0.5
2025-05-26,9,3,3,12,2,2,18,21,4,4,-0.06,6.7,52,0,-0.5
2025-05-26,9,3,3,12,2,2,18,21,5,5,0.06,6.75,54.5,0,-0.5
2025-05-26,9,3,3,12,2,2,18,21,6,6,0.33,6.72,57.8,0,-0.5
2025-05-26,9,4,3,12,2,2,19,21,1,1,-0.18,6.69,52,0,-0.5
2025-05-26,9,4,3,12,2,2,19,21,2,2,0.07,6.69,54.5,0,0
2025-05-26,9,4,3,12,2,2,19,21,3,3,0.08,6.68,51.5,0.5,0
2025-05-26,9,4,3,12,2,2,19,21,4,4,0.19,6.73,56.9,0,-0.5
2025-05-26,9,4,3,12,2,2,19,21,5,6,-0.02,6.76,52.4,0,-0.5
2025-05-26,9,4,3,12,2,2,19,21,6,5,0.24,6.78,53,0,-0.5
2025-05-26,9,5,2,12,1,2,19,21,1,1,-0.05,6.69,52.5,0,0
2025-05-26,9,5,2,12,1,2,19,21,2,2,-0.12,6.71,51,1,0
2025-05-26,9,5,2,12,1,2,19,21,3,3,0.1,6.62,52.1,0,-0.5
2025-05-26,9,5,2,12,1,2,19,21,4,4,-0.06,6.73,55,0,-0.5
2025-05-26,9,5,2,12,1,2,19,21,5,5,-0.01,6.71,52.4,0,-0.5
2025-05-26,9,5,2,12,1,2,19,21,6,6,0.06,6.75,51,1,-0.5
2025-05-26,9,6,3,12,2,2,20,21,1,1,0.11,6.74,52.9,0,-0.5
2025-05-26,9,6,3,12,2,2,20,21,2,2,0.11,6.72,55.8,0,0
2025-05-26,9,6,3,12,2,2,20,21,3,3,0.07,6.73,61.5,0,-0.5
2025-05-26,9,6,3,12,2,2,20,21,4,4,0.03,6.63,52,0,0
2025-05-26,9,6,3,12,2,2,20,21,5,5,0.21,6.62,52.6,0,-0.5
2025-05-26,9,6,3,12,2,2,20,21,6,6,0.11,6.58,53.7,0,2
2025-05-26,9,7,3,14,2,2,20,21,1,1,0.32,6.7,55.1,0,-0.5
2025-05-26,9,7,3,14,2,2,20,21,2,2,0.09,6.74,54.3,0,-0.5
2025-05-26,9,7,3,14,2,2,20,21,3,3,0.23,6.75,54.4,0,-0.5
2025-05-26,9,7,3,14,2,2,20,21,4,4,0.03,6.63,53.2,0,-0.5
2025-05-26,9,7,3,14,2,2,20,21,5,5,0.06,6.69,52.6,0,0
2025-05-26,9,7,3,14,2,2,20,21,6,6,0.18,6.68,52,0,-0.5
2025-05-26,9,8,2,14,1,2,20,21,1,1,0.1,6.66,52.1,0,-0.5
2025-05-26,9,8,2,14,1,2,20,21,2,2,0.1,6.69,52.4,0,-0.5
2025-05-26,9,8,2,14,1,2,20,21,3,3,0.05,6.71,52,0,-0.5
2025-05-26,9,8,2,14,1,2,20,21,4,4,0.1,6.7,53.6,0,-0.5
2025-05-26,9,8,2,14,1,2,20,21,5,5,0.03,6.69,52,0,-0.5
2025-05-26,9,8,2,14,1,2,20,21,6,6,-0.07,6.73,52.5,0,-0.5
2025-05-26,9,9,3,12,2,2,20,21,1,1,-0.05,6.7,54.5,0,-0.5
2025-05-26,9,9,3,12,2,2,20,21,2,2,-0.09,6.69,52,0,0
2025-05-26,9,9,3,12,2,2,20,21,3,3,0.03,6.69,53,0,-0.5
2025-05-26,9,9,3,12,2,2,20,21,4,4,0.08,6.66,53,0,-0.5
2025-05-26,9,9,3,12,2,2,20,21,5,5,0.3,6.67,52.9,0,0
2025-05-26,9,9,3,12,2,2,20,21,6,6,0.1,6.69,51,1,0
2025-05-26,9,10,3,12,2,2,19,21,1,1,0.05,6.7,54.2,0,-0.5
2025-05-26,9,10,3,12,2,2,19,21,2,2,0.3,6.76,50.5,1.5,-0.5
2025-05-26,9,10,3,12,2,2,19,21,3,3,0.15,6.75,56.5,0,-0.5
2025-05-26,9,10,3,12,2,2,19,21,4,4,-0.04,6.62,52.7,0,0
2025-05-26,9,10,3,12,2,2,19,21,5,5,0.04,6.78,49.5,2.5,0
2025-05-26,9,10,3,12,2,2,19,21,6,6,0.08,6.71,55.5,0,0
2025-05-26,9,11,3,12,2,2,19,21,1,1,0.04,6.65,52,0,0
2025-05-26,9,11,3,12,2,2,19,21,2,2,-0.02,6.67,52,0,0
2025-05-26,9,11,3,12,2,2,19,21,3,3,0.11,6.73,55,0,-0.5
2025-05-26,9,11,3,12,2,2,19,21,4,4,0.03,6.75,54.3,0,-0.5
2025-05-26,9,11,3,12,2,2,19,21,5,5,0.01,6.67,50,2,-0.5
2025-05-26,9,11,3,12,2,2,19,21,6,6,-0.02,6.68,54.5,0,0
2025-05-26,9,12,2,12,1,2,19,21,1,1,0.11,6.6,53.2,0,-0.5
2025-05-26,9,12,2,12,1,2,19,21,2,2,0.12,6.65,53.7,0,0
2025-05-26,9,12,2,12,1,2,19,21,3,3,0.08,6.66,52,0,-0.5
2025-05-26,9,12,2,12,1,2,19,21,4,4,0.02,6.7,51.5,0.5,0
2025-05-26,9,12,2,12,1,2,19,21,5,5,0.02,6.72,52.5,0,0
2025-05-26,9,12,2,12,1,2,19,21,6,6,0.1,6.67,52.2,0,0
2025-05-26,10,1,2,6,2,2,16,19,1,1,0.17,6.79,52.1,0,-0.5
2025-05-26,10,1,2,6,2,2,16,19,2,2,0.14,6.76,53.7,0,0
2025-05-26,10,1,2,6,2,2,16,19,3,3,0.01,6.83,58.4,0,-0.5
2025-05-26,10,1,2,6,2,2,16,19,4,4,0.09,6.78,57.4,0,-0.5
2025-05-26,10,1,2,6,2,2,16,19,5,5,0.05,6.77,52.2,0,-0.5
2025-05-26,10,1,2,6,2,2,16,19,6,6,0.14,6.78,54.1,0,-0.5
2025-05-26,10,2,2,6,2,1,15,18,1,1,0.17,6.78,52,0,-0.5
2025-05-26,10,2,2,6,2,1,15,18,2,2,0.07,6.82,52,0,-0.5
2025-05-26,10,2,2,6,2,1,15,18,3,3,0.02,6.78,53.8,0,0
2025-05-26,10,2,2,6,2,1,15,18,4,4,0.08,6.81,52.9,0,-0.5
2025-05-26,10,2,2,6,2,1,15,18,5,5,0.22,6.88,52.9,0,-0.5
2025-05-26,10,2,2,6,2,1,15,18,6,6,0.04,6.74,52.8,0,-0.5
2025-05-26,10,3,3,6,3,1,15,18,1,1,0.05,6.66,52,0,-0.5
2025-05-26,10,3,3,6,3,1,15,18,2,2,0.04,6.75,52.8,0,-0.5
2025-05-26,10,3,3,6,3,1,15,18,3,3,0.03,6.75,52.2,0,-0.5
2025-05-26,10,3,3,6,3,1,15,18,4,4,0.06,6.83,52.4,0,-0.5
2025-05-26,10,3,3,6,3,1,15,18,5,5,0.09,6.79,57.2,0,-0.5
2025-05-26,10,3,3,6,3,1,15,18,6,6,0.02,6.77,53.6,0,-0.5
2025-05-26,10,4,2,6,2,1,15,18,1,1,0.17,6.7,52,0,0
2025-05-26,10,4,2,6,2,1,15,18,2,2,0.04,6.76,55.4,0,-0.5
2025-05-26,10,4,2,6,2,1,15,18,3,3,0.04,6.8,54.4,0,-0.5
2025-05-26,10,4,2,6,2,1,15,18,4,4,-0.06,6.76,52,0,-0.5
2025-05-26,10,4,2,6,2,1,15,18,5,5,-0.06,6.69,52,0,0.5
2025-05-26,10,4,2,6,2,1,15,18,6,6,0.09,6.59,53.1,0,3
2025-05-26,10,5,2,6,2,2,15,18,1,1,-0.01,6.73,57.6,0,0
2025-05-26,10,5,2,6,2,2,15,18,2,2,0.01,6.78,52.2,0,-0.5
2025-05-26,10,5,2,6,2,2,15,18,3,3,0.02,6.83,55.7,0,0
2025-05-26,10,5,2,6,2,2,15,18,4,4,0.09,6.85,55.1,0,-0.5
2025-05-26,10,5,2,6,2,2,15,18,5,5,0.14,6.74,52.5,0,0.5
2025-05-26,10,5,2,6,2,2,15,18,6,6,0.12,6.85,58.4,0,-0.5
2025-05-26,10,6,2,6,2,2,15,18,1,1,0.05,6.76,53.7,0,0
2025-05-26,10,6,2,6,2,2,15,18,2,2,0.08,6.76,52.9,0,-0.5
2025-05-26,10,6,2,6,2,2,15,18,3,3,-0.04,6.76,55.8,0,-0.5
2025-05-26,10,6,2,6,2,2,15,18,4,6,0.13,6.78,54.1,0,-0.5
2025-05-26,10,6,2,6,2,2,15,18,5,4,0.04,6.75,52.1,0,0
2025-05-26,10,6,2,6,2,2,15,18,6,5,0.06,6.76,51,1,0
2025-05-26,10,7,2,6,2,2,15,18,1,1,-0.13,6.81,55.9,0,0
2025-05-26,10,7,2,6,2,2,15,18,2,2,-0.06,6.82,57.2,0,-0.5
2025-05-26,10,7,2,6,2,2,15,18,3,3,-0.04,6.74,53.5,0,-0.5
2025-05-26,10,7,2,6,2,2,15,18,4,4,0.05,6.79,58.4,0,-0.5
2025-05-26,10,7,2,6,2,2,15,18,5,5,0.07,6.72,53.8,0,-0.5
2025-05-26,10,7,2,6,2,2,15,18,6,6,0.07,6.88,52,0,-0.5
2025-05-26,10,8,3,6,3,2,15,19,1,1,0.19,6.8,53.6,0,-0.5
2025-05-26,10,8,3,6,3,2,15,19,2,3,0.05,6.81,57.4,0,-0.5
2025-05-26,10,8,3,6,3,2,15,19,3,2,0.1,6.72,52,0,-0.5
2025-05-26,10,8,3,6,3,2,15,19,4,4,0.11,6.79,52,0,-0.5
2025-05-26,10,8,3,6,3,2,15,19,5,5,0.15,6.8,52.8,0,-0.5
2025-05-26,10,8,3,6,3,2,15,19,6,6,0.03,6.7,51.5,0.5,-0.5
2025-05-26,10,9,2,6,2,2,16,19,1,1,0.04,6.74,53.1,0,0
2025-05-26,10,9,2,6,2,2,16,19,2,2,0.08,6.87,52.4,0,-0.5
2025-05-26,10,9,2,6,2,2,16,19,3,3,0.32,6.87,55.1,0,-0.5
2025-05-26,10,9,2,6,2,2,16,19,4,4,-0.04,6.8,54.4,0,0
2025-05-26,10,9,2,6,2,2,16,19,5,5,-0.04,6.8,52.1,0,-0.5
2025-05-26,10,9,2,6,2,2,16,19,6,6,0.04,6.79,55.7,0,-0.5
2025-05-26,10,10,3,6,3,2,15,19,1,1,-0.01,6.85,52.1,0,0
2025-05-26,10,10,3,6,3,2,15,19,2,3,0.06,6.8,52.5,0,0
2025-05-26,10,10,3,6,3,2,15,19,3,4,0.01,6.86,52.9,0,0
2025-05-26,10,10,3,6,3,2,15,19,4,2,-0.02,6.83,52.2,0,-0.5
2025-05-26,10,10,3,6,3,2,15,19,5,5,0.02,6.66,52,0,0
2025-05-26,10,10,3,6,3,2,15,19,6,6,0.05,6.85,53.7,0,0
2025-05-26,10,11,2,6,2,2,16,19,1,1,-0.02,6.78,52,0,0
2025-05-26,10,11,2,6,2,2,16,19,2,2,0.01,6.8,52,0,-0.5
2025-05-26,10,11,2,6,2,2,16,19,3,3,0.04,6.88,55.9,0,0
2025-05-26,10,11,2,6,2,2,16,19,4,4,0.06,6.9,53.7,0,0
2025-05-26,10,11,2,6,2,2,16,19,5,5,-0.01,6.91,52,0,-0.5
2025-05-26,10,11,2,6,2,2,16,19,6,6,0.12,6.76,57.6,0,0.5
2025-05-26,10,12,4,6,4,2,16,19,1,1,0.24,6.74,52,0,0
2025-05-26,10,12,4,6,4,2,16,19,2,4,0.11,6.65,52,0,0
2025-05-26,10,12,4,6,4,2,16,19,3,5,0.29,6.74,56.2,0,-0.5
2025-05-26,10,12,4,6,4,2,16,19,4,3,0.23,6.75,53.3,0,-0.5
2025-05-26,10,12,4,6,4,2,16,19,5,2,0.11,6.8,52.1,0,-0.5
2025-05-26,10,12,4,6,4,2,16,19,6,6,0.09,6.65,55.1,0,3
2025-05-26,12,1,2,5,1,2,18,21,1,1,0.07,6.87,52.1,0,-0.5
2025-05-26,12,1,2,5,1,2,18,21,2,2,-0.05,6.86,52,0,-0.5
2025-05-26,12,1,2,5,1,2,18,21,3,3,0.24,6.88,52,0,-0.5
2025-05-26,12,1,2,5,1,2,18,21,4,4,-0.04,6.82,53.1,0,-0.5
2025-05-26,12,1,2,5,1,2,18,21,5,5,0.02,6.88,52.2,0,0
2025-05-26,12,1,2,5,1,2,18,21,6,6,0.02,6.85,52,0,0
2025-05-26,12,2,0,17,1,2,21,21,1,1,0.09,6.87,52,0,-0.5
2025-05-26,12,2,0,17,1,2,21,21,2,2,0.04,6.95,50.5,1.5,-0.5
2025-05-26,12,2,0,17,1,2,21,21,3,3,0.1,6.9,52.1,0,-0.5
2025-05-26,12,2,0,17,1,2,21,21,4,4,0.19,6.85,52,0,0
2025-05-26,12,2,0,17,1,2,21,21,5,5,-0.08,6.83,46,1,-0.5
2025-05-26,12,2,0,17,1,2,21,21,6,6,0.13,6.83,48.5,0,-0.5
2025-05-26,12,3,2,7,1,2,21,21,1,1,0.28,6.93,51.5,0.5,-0.5
2025-05-26,12,3,2,7,1,2,21,21,2,2,0.19,6.84,52.3,0,0
2025-05-26,12,3,2,7,1,2,21,21,3,3,0.04,6.83,52.6,0,-0.5
2025-05-26,12,3,2,7,1,2,21,21,4,4,0.09,6.87,52,0,0
2025-05-26,12,3,2,7,1,2,21,21,5,5,0.02,6.81,52,0,-0.5
2025-05-26,12,3,2,7,1,2,21,21,6,6,0.04,6.75,49.9,0,-0.5
2025-05-26,12,4,0,17,1,2,21,21,1,1,-0.07,6.95,54.4,0,-0.5
2025-05-26,12,4,0,17,1,2,21,21,2,2,-0.02,6.77,45,2,-0.5
2025-05-26,12,4,0,17,1,2,21,21,3,3,0.02,6.87,54.1,0,-0.5
2025-05-26,12,4,0,17,1,2,21,21,4,4,0.07,6.83,53.9,0,-0.5
2025-05-26,12,4,0,17,1,2,21,21,5,5,-0.05,6.91,53.1,0,-0.5
2025-05-26,12,4,0,17,1,2,21,21,6,6,0.01,6.82,52.3,0,-0.5
2025-05-26,12,5,1,7,1,2,20,21,1,1,0.11,6.86,52.1,0,-0.5
2025-05-26,12,5,1,7,1,2,20,21,2,2,0.02,6.85,52,0,0
2025-05-26,12,5,1,7,1,2,20,21,3,3,0.19,6.86,52,0,0
2025-05-26,12,5,1,7,1,2,20,21,4,5,-0.01,6.85,50.8,0,-0.5
2025-05-26,12,5,1,7,1,2,20,21,5,4,0.1,6.9,53.6,0,-0.5
2025-05-26,12,5,1,7,1,2,20,21,6,6,0.07,6.85,52,0,-0.5
2025-05-26,12,6,1,5,1,2,20,21,1,1,0.17,6.84,53.2,0,-0.5
2025-05-26,12,6,1,5,1,2,20,21,2,2,0.14,6.83,50.5,1.5,-0.5
2025-05-26,12,6,1,5,1,2,20,21,3,3,0.04,6.79,52,0,0
2025-05-26,12,6,1,5,1,2,20,21,4,4,0.16,6.87,52,0,-0.5
2025-05-26,12,6,1,5,1,2,20,21,5,5,0.08,6.84,53,0,-0.5
2025-05-26,12,6,1,5,1,2,20,21,6,6,0.2,6.9,45,2,-0.5
2025-05-26,12,7,0,17,1,2,20,21,1,1,0.1,6.79,46,1,-0.5
2025-05-26,12,7,0,17,1,2,20,21,2,2,0.24,6.87,54.8,0,-0.5
2025-05-26,12,7,0,17,1,2,20,21,3,3,0.07,6.9,52,0,0
2025-05-26,12,7,0,17,1,2,20,21,4,4,0.12,6.85,52,0,0
2025-05-26,12,7,0,17,1,2,20,21,5,5,0.1,6.84,52.1,0,-0.5
2025-05-26,12,7,0,17,1,2,20,21,6,6,0.16,6.82,52.1,0,-0.5
2025-05-26,12,8,1,7,1,2,19,21,1,1,-0.02,6.83,54.7,0,0
2025-05-26,12,8,1,7,1,2,19,21,2,2,-0.04,6.82,52,0,-0.5
2025-05-26,12,8,1,7,1,2,19,21,3,3,-0.03,6.85,53.1,0,-0.5
2025-05-26,12,8,1,7,1,2,19,21,4,4,-0.04,6.84,45,2,-0.5
2025-05-26,12,8,1,7,1,2,19,21,5,5,0,6.97,54.4,0,-0.5
2025-05-26,12,8,1,7,1,2,19,21,6,6,-0.02,6.91,52,0,-0.5
2025-05-26,12,9,0,17,1,2,19,21,1,1,0.06,6.82,51,1,-0.5
2025-05-26,12,9,0,17,1,2,19,21,2,2,-0.04,6.85,52,0,-0.5
2025-05-26,12,9,0,17,1,2,19,21,3,3,0.13,6.89,50.5,1.5,-0.5
2025-05-26,12,9,0,17,1,2,19,21,4,4,-0.12,6.74,52,0,0.5
2025-05-26,12,9,0,17,1,2,19,21,5,5,0.03,6.87,52.1,0,-0.5
2025-05-26,12,9,0,17,1,2,19,21,6,6,-0.05,6.85,52,0,0
2025-05-26,12,10,2,5,1,2,19,21,1,1,0.07,6.89,52.2,0,-0.5
2025-05-26,12,10,2,5,1,2,19,21,2,2,0.03,6.82,53,0,-0.5
2025-05-26,12,10,2,5,1,2,19,21,3,3,0.05,6.84,52.3,0,0
2025-05-26,12,10,2,5,1,2,19,21,4,4,0.16,6.87,52.3,0,-0.5
2025-05-26,12,10,2,5,1,2,19,21,5,5,-0.08,6.85,52.1,0,-0.5
2025-05-26,12,10,2,5,1,2,19,21,6,6,0.03,6.97,52.1,0,-0.5
2025-05-26,12,11,2,5,1,2,19,21,1,1,-0.04,6.87,54.8,0,-0.5
2025-05-26,12,11,2,5,1,2,19,21,2,2,-0.02,6.86,52.6,0,-0.5
2025-05-26,12,11,2,5,1,2,19,21,3,3,0.08,6.91,53.6,0,0
2025-05-26,12,11,2,5,1,2,19,21,4,4,0.02,6.94,54.1,0,-0.5
2025-05-26,12,11,2,5,1,2,19,21,5,5,-0.01,6.89,56.1,0,-0.5
2025-05-26,12,11,2,5,1,2,19,21,6,6,-0.02,6.86,52,0,0
2025-05-26,12,12,2,5,1,2,18,21,1,1,0.11,6.84,45,2,-0.5
2025-05-26,12,12,2,5,1,2,18,21,2,2,0.13,6.89,45,2,-0.5
2025-05-26,12,12,2,5,1,2,18,21,3,3,0.15,6.89,46,1,-0.5
2025-05-26,12,12,2,5,1,2,18,21,4,4,0.07,6.85,45,2,-0.5
2025-05-26,12,12,2,5,1,2,18,21,5,5,0.12,6.86,50.8,0,-0.5
2025-05-26,12,12,2,5,1,2,18,21,6,6,0.18,6.83,46,1,-0.5
2025-05-26,13,1,3,4,0,2,19.8,20.4,1,1,0.08,7,52.5,0,-0.5
2025-05-26,13,1,3,4,0,2,19.8,20.4,2,2,0.15,0,48,4,-0.5
2025-05-26,13,1,3,4,0,2,19.8,20.4,3,3,0.09,6.88,52,0,-0.5
2025-05-26,13,1,3,4,0,2,19.8,20.4,4,4,0.17,6.9,52,0,-0.5
2025-05-26,13,1,3,4,0,2,19.8,20.4,5,5,0.07,6.83,52,0,-0.5
2025-05-26,13,1,3,4,0,2,19.8,20.4,6,6,-0.08,6.8,52,0,-0.5
2025-05-26,13,2,2,4,0,1,18.6,20.2,1,1,0.21,6.82,60.3,0,-0.5
2025-05-26,13,2,2,4,0,1,18.6,20.2,2,3,0.05,6.81,51.5,0.5,-0.5
2025-05-26,13,2,2,4,0,1,18.6,20.2,3,2,0.04,6.88,55.8,0,-0.5
2025-05-26,13,2,2,4,0,1,18.6,20.2,4,4,-0.07,6.84,52.4,0,-0.5
2025-05-26,13,2,2,4,0,1,18.6,20.2,5,5,0.03,6.81,52,0,-0.5
2025-05-26,13,2,2,4,0,1,18.6,20.2,6,6,0.03,6.82,53.2,0,-0.5
2025-05-26,13,3,1,10,0,1,19,20.2,1,1,0.14,6.81,52.6,0,-0.5
2025-05-26,13,3,1,10,0,1,19,20.2,2,2,0,6.86,55,0,-0.5
2025-05-26,13,3,1,10,0,1,19,20.2,3,3,-0.06,6.74,52,0,0
2025-05-26,13,3,1,10,0,1,19,20.2,4,4,0.01,6.76,52,0,-0.5
2025-05-26,13,3,1,10,0,1,19,20.2,5,5,0.02,6.81,52,0,-0.5
2025-05-26,13,3,1,10,0,1,19,20.2,6,6,0.07,6.84,59.5,0,-0.5
2025-05-26,13,4,1,4,0,1,19.1,20.2,1,1,-0.07,6.82,52.5,0,-0.5
2025-05-26,13,4,1,4,0,1,19.1,20.2,2,2,-0.01,6.89,54,0,0
2025-05-26,13,4,1,4,0,1,19.1,20.2,3,4,-0.11,6.86,52,0,-0.5
2025-05-26,13,4,1,4,0,1,19.1,20.2,4,5,-0.05,6.78,52.1,0,-0.5
2025-05-26,13,4,1,4,0,1,19.1,20.2,5,6,-0.01,6.89,52,0,-0.5
2025-05-26,13,4,1,4,0,1,19.1,20.2,6,3,-0.11,6.91,57.6,0,-0.5
2025-05-26,13,5,1,2,0,2,19.1,20.3,1,1,0.12,6.73,52,0,-0.5
2025-05-26,13,5,1,2,0,2,19.1,20.3,2,2,-0.06,6.7,53.2,0,0
2025-05-26,13,5,1,2,0,2,19.1,20.3,3,3,0.16,6.74,52,0,0
2025-05-26,13,5,1,2,0,2,19.1,20.3,4,4,0.09,6.79,52.4,0,-0.5
2025-05-26,13,5,1,2,0,2,19.1,20.3,5,5,0.29,6.76,52,0,-0.5
2025-05-26,13,5,1,2,0,2,19.1,20.3,6,6,0.06,6.75,55.4,0,-0.5
2025-05-26,13,6,0,17,0,2,19.9,20.4,1,1,0.13,6.79,52.7,0,0
2025-05-26,13,6,0,17,0,2,19.9,20.4,2,2,-0.05,6.81,55.8,0,-0.5
2025-05-26,13,6,0,17,0,2,19.9,20.4,3,3,-0.05,6.81,52,0,-0.5
2025-05-26,13,6,0,17,0,2,19.9,20.4,4,4,-0.04,6.84,52,0,-0.5
2025-05-26,13,6,0,17,0,2,19.9,20.4,5,5,-0.03,6.86,52.2,0,-0.5
2025-05-26,13,6,0,17,0,2,19.9,20.4,6,6,0.01,6.77,52.8,0,-0.5
2025-05-26,13,7,4,4,0,2,20,20.3,1,1,0.07,6.81,57,0,-0.5
2025-05-26,13,7,4,4,0,2,20,20.3,2,2,0.07,6.81,52,0,-0.5
2025-05-26,13,7,4,4,0,2,20,20.3,3,3,0.09,6.79,51.5,0.5,-0.5
2025-05-26,13,7,4,4,0,2,20,20.3,4,4,0.05,6.85,52.1,0,0
2025-05-26,13,7,4,4,0,2,20,20.3,5,5,0.16,6.84,52.5,0,-0.5
2025-05-26,13,7,4,4,0,2,20,20.3,6,6,0.01,6.92,52,0,-0.5
2025-05-26,13,8,5,4,3,2,20.2,20.4,1,1,0.04,6.86,52.2,0,-0.5
2025-05-26,13,8,5,4,3,2,20.2,20.4,2,2,0.01,6.84,52.8,0,-0.5
2025-05-26,13,8,5,4,3,2,20.2,20.4,3,3,0.12,6.81,52,0,-0.5
2025-05-26,13,8,5,4,3,2,20.2,20.4,4,4,0.08,6.88,53.3,0,0
2025-05-26,13,8,5,4,3,2,20.2,20.4,5,5,0.15,6.89,52.5,0,-0.5
2025-05-26,13,8,5,4,3,2,20.2,20.4,6,6,0.02,6.82,52,0,-0.5
2025-05-26,13,9,2,4,0,2,20.7,20.4,1,1,0.07,6.77,52,0,-0.5
2025-05-26,13,9,2,4,0,2,20.7,20.4,2,2,0.12,6.79,52,0,-0.5
2025-05-26,13,9,2,4,0,2,20.7,20.4,3,3,0.01,6.9,52,0,-0.5
2025-05-26,13,9,2,4,0,2,20.7,20.4,4,4,0.01,6.84,51,1,0
2025-05-26,13,9,2,4,0,2,20.7,20.4,5,5,-0.04,6.8,55.4,0,-0.5
2025-05-26,13,9,2,4,0,2,20.7,20.4,6,6,-0.01,6.75,54.3,0,2
2025-05-26,13,10,2,4,0,2,20.3,20.4,1,1,0.08,6.81,52,0,0
2025-05-26,13,10,2,4,0,2,20.3,20.4,2,2,0.09,6.78,51.5,0.5,-0.5
2025-05-26,13,10,2,4,0,2,20.3,20.4,3,3,0.17,6.88,52.4,0,-0.5
2025-05-26,13,10,2,4,0,2,20.3,20.4,4,4,0.1,6.85,60.3,0,-0.5
2025-05-26,13,10,2,4,0,2,20.3,20.4,5,5,-0.04,6.84,52.7,0,0
2025-05-26,13,10,2,4,0,2,20.3,20.4,6,6,0.01,6.84,52,0,-0.5
2025-05-26,13,11,0,17,0,2,20.1,20.4,1,1,0.08,6.83,54,0,0
2025-05-26,13,11,0,17,0,2,20.1,20.4,2,2,0.12,6.78,53.1,0,-0.5
2025-05-26,13,11,0,17,0,2,20.1,20.4,3,3,0.07,6.76,53.2,0,0
2025-05-26,13,11,0,17,0,2,20.1,20.4,4,4,-0.01,6.88,59.5,0,0
2025-05-26,13,11,0,17,0,2,20.1,20.4,5,5,0.18,6.82,52.4,0,-0.5
2025-05-26,13,11,0,17,0,2,20.1,20.4,6,6,0.17,6.84,53.5,0,-0.5
2025-05-26,13,12,0,17,0,2,20.1,20.4,1,1,0.04,6.77,52,0,0
2025-05-26,13,12,0,17,0,2,20.1,20.4,2,2,0.07,6.92,52,0,-0.5
2025-05-26,13,12,0,17,0,2,20.1,20.4,3,3,0.07,6.81,52,0,0
2025-05-26,13,12,0,17,0,2,20.1,20.4,4,4,0.14,6.86,53.2,0,-0.5
2025-05-26,13,12,0,17,0,2,20.1,20.4,5,5,0.13,6.82,52.8,0,-0.5
2025-05-26,13,12,0,17,0,2,20.1,20.4,6,6,0.13,6.84,52,0,0
2025-05-26,16,1,3,13,3,1,17,18,1,1,0.13,6.87,53,0,0
2025-05-26,16,1,3,13,3,1,17,18,2,2,0.02,6.86,52,0,-0.5
2025-05-26,16,1,3,13,3,1,17,18,3,3,0.08,6.9,53.1,0,-0.5
2025-05-26,16,1,3,13,3,1,17,18,4,4,0.31,6.91,56.5,0,0
2025-05-26,16,1,3,13,3,1,17,18,5,5,0.11,6.89,55.4,0,0
2025-05-26,16,1,3,13,3,1,17,18,6,6,0.07,6.96,51.5,0.5,-0.5
2025-05-26,16,2,1,7,1,2,15,18,1,1,0.04,6.83,52,0,-0.5
2025-05-26,16,2,1,7,1,2,15,18,2,2,0.01,6.91,57.3,0,-0.5
2025-05-26,16,2,1,7,1,2,15,18,3,3,0.03,6.83,54.6,0,0
2025-05-26,16,2,1,7,1,2,15,18,4,4,-0.01,6.79,51.5,0.5,0
2025-05-26,16,2,1,7,1,2,15,18,5,5,-0.03,6.86,52,0,-0.5
2025-05-26,16,2,1,7,1,2,15,18,6,6,0.02,6.9,53.9,0,0
2025-05-26,16,3,1,7,1,2,15,18,1,1,0.12,6.85,55.8,0,0
2025-05-26,16,3,1,7,1,2,15,18,2,2,0.06,6.78,52,0,-0.5
2025-05-26,16,3,1,7,1,2,15,18,3,3,0.13,6.85,53.7,0,0
2025-05-26,16,3,1,7,1,2,15,18,4,4,0.19,6.91,56.8,0,-0.5
2025-05-26,16,3,1,7,1,2,15,18,5,5,0.05,6.87,52,0,-0.5
2025-05-26,16,3,1,7,1,2,15,18,6,6,-0.01,6.85,52,0,0
2025-05-26,16,4,2,11,3,2,16,18,1,1,0.05,6.81,54.1,0,-0.5
2025-05-26,16,4,2,11,3,2,16,18,2,2,0.19,6.76,55.6,0,-0.5
2025-05-26,16,4,2,11,3,2,16,18,3,3,0.24,6.79,52.6,0,-0.5
2025-05-26,16,4,2,11,3,2,16,18,4,4,-0.06,6.88,52.4,0,0
2025-05-26,16,4,2,11,3,2,16,18,5,5,0.08,6.85,55.4,0,0
2025-05-26,16,4,2,11,3,2,16,18,6,6,0.25,7,52.9,0,0
2025-05-26,16,5,2,11,3,2,16,18,1,1,0.06,6.82,52.2,0,0
2025-05-26,16,5,2,11,3,2,16,18,2,2,0.1,6.78,52.6,0,-0.5
2025-05-26,16,5,2,11,3,2,16,18,3,5,0.11,6.84,53.3,0,-0.5
2025-05-26,16,5,2,11,3,2,16,18,4,3,0.09,6.78,50.5,1.5,-0.5
2025-05-26,16,5,2,11,3,2,16,18,5,6,0.29,6.88,51.5,0.5,-0.5
2025-05-26,16,5,2,11,3,2,16,18,6,4,0.09,6.85,60.2,0,-0.5
2025-05-26,16,6,3,11,3,2,16,18,1,1,0.04,6.89,52.6,0,-0.5
2025-05-26,16,6,3,11,3,2,16,18,2,2,0.27,6.84,52.6,0,-0.5
2025-05-26,16,6,3,11,3,2,16,18,3,3,0.05,6.78,52,0,-0.5
2025-05-26,16,6,3,11,3,2,16,18,4,4,0,6.86,51.5,0.5,-0.5
2025-05-26,16,6,3,11,3,2,16,18,5,5,0.02,6.78,52,0,0
2025-05-26,16,6,3,11,3,2,16,18,6,6,0.01,6.8,52.8,0,-0.5
2025-05-26,16,7,2,11,3,2,16,18,1,1,0.07,6.75,55.4,0,0
2025-05-26,16,7,2,11,3,2,16,18,2,2,0.11,6.78,52.3,0,-0.5
2025-05-26,16,7,2,11,3,2,16,18,3,3,0.03,6.78,52.7,0,-0.5
2025-05-26,16,7,2,11,3,2,16,18,4,4,-0.11,6.74,52.4,0,-0.5
2025-05-26,16,7,2,11,3,2,16,18,5,5,-0.1,6.79,57.3,0,-0.5
2025-05-26,16,7,2,11,3,2,16,18,6,6,0.01,6.78,52,0,-0.5
2025-05-26,16,8,3,11,3,2,16,18,1,1,0.06,6.73,55.6,0,0
2025-05-26,16,8,3,11,3,2,16,18,2,3,-0.01,6.71,52,0,0
2025-05-26,16,8,3,11,3,2,16,18,3,2,0.25,6.92,52.2,0,-0.5
2025-05-26,16,8,3,11,3,2,16,18,4,4,0.03,6.72,52.1,0,0
2025-05-26,16,8,3,11,3,2,16,18,5,5,0.13,6.79,52,0,-0.5
2025-05-26,16,8,3,11,3,2,16,18,6,6,0.15,6.75,53.1,0,0
2025-05-26,16,9,4,11,3,2,16,18,1,1,0.18,6.75,53.9,0,0
2025-05-26,16,9,4,11,3,2,16,18,2,2,0.16,6.71,54.6,0,0
2025-05-26,16,9,4,11,3,2,16,18,3,3,0.4,6.75,56.5,0,-0.5
2025-05-26,16,9,4,11,3,2,16,18,4,4,0.04,6.76,52.4,0,0
2025-05-26,16,9,4,11,3,2,16,18,5,5,0.07,6.7,52,0,-0.5
2025-05-26,16,9,4,11,3,2,16,18,6,6,-0.03,6.75,56.4,0,0
2025-05-26,16,10,2,11,3,2,16,18,1,1,0.11,6.93,52,0,-0.5
2025-05-26,16,10,2,11,3,2,16,18,2,2,0.19,6.89,52.4,0,0
2025-05-26,16,10,2,11,3,2,16,18,3,3,0.1,6.91,52.6,0,-0.5
2025-05-26,16,10,2,11,3,2,16,18,4,4,0.25,6.82,52.3,0,0
2025-05-26,16,10,2,11,3,2,16,18,5,6,0.09,6.82,53.7,0,0
2025-05-26,16,10,2,11,3,2,16,18,6,5,0.15,6.85,52,0,0
2025-05-26,16,11,2,11,3,2,17,18,1,1,0,6.79,52.3,0,-0.5
2025-05-26,16,11,2,11,3,2,17,18,2,2,0.08,6.77,53,0,0
2025-05-26,16,11,2,11,3,2,17,18,3,3,0.17,6.89,52.6,0,-0.5
2025-05-26,16,11,2,11,3,2,17,18,4,4,0.13,6.85,60.2,0,-0.5
2025-05-26,16,11,2,11,3,2,17,18,5,5,0.25,6.78,52.6,0,0
2025-05-26,16,11,2,11,3,2,17,18,6,6,0.11,6.86,52,0,-0.5
2025-05-26,16,12,2,11,3,2,17,18,1,1,0.28,6.94,52.2,0,-0.5
2025-05-26,16,12,2,11,3,2,17,18,2,2,-0.03,6.76,52.2,0,0
2025-05-26,16,12,2,11,3,2,17,18,3,3,-0.01,6.79,52,0,-0.5
2025-05-26,16,12,2,11,3,2,17,18,4,4,0.06,6.78,52,0,-0.5
2025-05-26,16,12,2,11,3,2,17,18,5,5,0.03,6.91,56.8,0,-0.5
2025-05-26,16,12,2,11,3,2,17,18,6,6,0.13,6.82,55.4,0,0
2025-05-26,20,1,3,4,3,1,18,19,1,1,0.05,6.8,52.9,0,0
2025-05-26,20,1,3,4,3,1,18,19,2,2,0.06,6.83,53.4,0,0
2025-05-26,20,1,3,4,3,1,18,19,3,3,-0.02,6.88,54.9,0,-0.5
2025-05-26,20,1,3,4,3,1,18,19,4,4,0.04,6.84,52,0,-0.5
2025-05-26,20,1,3,4,3,1,18,19,5,5,0.03,6.88,54,0,-0.5
2025-05-26,20,1,3,4,3,1,18,19,6,6,0.08,6.83,52,0,-0.5
2025-05-26,20,2,2,4,2,1,20,19,1,1,0.01,6.87,53.4,0,-0.5
2025-05-26,20,2,2,4,2,1,20,19,2,3,0.11,6.92,53.2,0,0
2025-05-26,20,2,2,4,2,1,20,19,3,4,-0.09,6.88,54.2,0,0
2025-05-26,20,2,2,4,2,1,20,19,4,5,-0.11,6.89,53.5,0,-0.5
2025-05-26,20,2,2,4,2,1,20,19,5,6,0.01,6.96,52.8,0,-0.5
2025-05-26,20,2,2,4,2,1,20,19,6,2,-0.05,6.91,55,0,0
2025-05-26,20,3,2,4,2,1,20,19,1,1,-0.09,6.85,55,0,-0.5
2025-05-26,20,3,2,4,2,1,20,19,2,2,-0.02,6.91,52.5,0,0
2025-05-26,20,3,2,4,2,1,20,19,3,3,-0.01,6.92,51,1,-0.5
2025-05-26,20,3,2,4,2,1,20,19,4,4,0.27,6.89,52.3,0,0
2025-05-26,20,3,2,4,2,1,20,19,5,5,0.05,6.91,53.2,0,-0.5
2025-05-26,20,3,2,4,2,1,20,19,6,6,0.08,6.86,50,2,-0.5
2025-05-26,20,4,2,4,2,1,20,19,1,1,0.01,6.83,52.2,0,-0.5
2025-05-26,20,4,2,4,2,1,20,19,2,2,0.18,6.87,52.4,0,-0.5
2025-05-26,20,4,2,4,2,1,20,19,3,3,0.02,6.84,52.2,0,-0.5
2025-05-26,20,4,2,4,2,1,20,19,4,4,0.17,6.86,52,0,0
2025-05-26,20,4,2,4,2,1,20,19,5,5,0.17,6.84,53.6,0,-0.5
2025-05-26,20,4,2,4,2,1,20,19,6,6,-0.06,6.86,53.4,0,-0.5
2025-05-26,20,5,3,4,3,1,20,19,1,1,-0.01,6.79,50,2,0
2025-05-26,20,5,3,4,3,1,20,19,2,2,-0.01,6.9,52.6,0,-0.5
2025-05-26,20,5,3,4,3,1,20,19,3,3,0.03,6.91,53.8,0,0
2025-05-26,20,5,3,4,3,1,20,19,4,4,0.01,6.92,52,0,0
2025-05-26,20,5,3,4,3,1,20,19,5,5,-0.06,6.91,54.9,0,-0.5
2025-05-26,20,5,3,4,3,1,20,19,6,6,0.01,6.88,53.4,0,-0.5
2025-05-26,20,6,3,4,3,1,20,19,1,1,0.08,6.9,52,0,-0.5
2025-05-26,20,6,3,4,3,1,20,19,2,2,0.04,6.79,52.4,0,-0.5
2025-05-26,20,6,3,4,3,1,20,19,3,,,0,52,0,0
2025-05-26,20,6,3,4,3,1,20,19,4,3,0.03,6.84,55,0,0
2025-05-26,20,6,3,4,3,1,20,19,5,4,0.06,6.81,53.2,0,0
2025-05-26,20,6,3,4,3,1,20,19,6,5,0.11,6.9,52,0,0
2025-05-26,20,7,3,4,3,1,20,19,1,1,0.01,6.77,52,0,0
2025-05-26,20,7,3,4,3,1,20,19,2,2,0.01,6.85,50,2,-0.5
2025-05-26,20,7,3,4,3,1,20,19,3,3,-0.02,6.87,54,0,0
2025-05-26,20,7,3,4,3,1,20,19,4,4,-0.04,6.86,54.2,0,0
2025-05-26,20,7,3,4,3,1,20,19,5,6,-0.12,6.87,52,0,-0.5
2025-05-26,20,7,3,4,3,1,20,19,6,5,0.01,6.67,52.1,0,2
2025-05-26,20,8,3,4,3,1,20,19,1,1,-0.01,6.76,52.9,0,0
2025-05-26,20,8,3,4,3,1,20,19,2,2,0.11,6.93,52.8,0,-0.5
2025-05-26,20,8,3,4,3,1,20,19,3,3,0.01,6.91,53.2,0,-0.5
2025-05-26,20,8,3,4,3,1,20,19,4,4,-0.02,6.88,52.4,0,-0.5
2025-05-26,20,8,3,4,3,1,20,19,5,5,-0.07,6.87,55,0,-0.5
2025-05-26,20,8,3,4,3,1,20,19,6,6,0.23,6.83,51,1,-0.5
2025-05-26,20,9,3,4,3,1,20,19,1,1,-0.08,6.93,52,0,0
2025-05-26,20,9,3,4,3,1,20,19,2,2,0.1,6.9,52.3,0,-0.5
2025-05-26,20,9,3,4,3,1,20,19,3,3,0.24,6.88,53.6,0,-0.5
2025-05-26,20,9,3,4,3,1,20,19,4,4,-0.03,6.82,52.6,0,0
2025-05-26,20,9,3,4,3,1,20,19,5,5,-0.09,6.91,53.2,0,0
2025-05-26,20,9,3,4,3,1,20,19,6,6,-0.06,6.88,52.5,0,0
2025-05-26,20,10,3,4,3,1,20,19,1,1,0.04,6.86,52,0,0
2025-05-26,20,10,3,4,3,1,20,19,2,3,0.15,6.91,52,0,-0.5
2025-05-26,20,10,3,4,3,1,20,19,3,5,0.04,6.83,52,0,0
2025-05-26,20,10,3,4,3,1,20,19,4,6,0.07,6.82,51,1,-0.5
2025-05-26,20,10,3,4,3,1,20,19,5,2,0.08,6.92,52.2,0,-0.5
2025-05-26,20,10,3,4,3,1,20,19,6,4,0.06,6.78,50,2,0
2025-05-26,20,11,3,4,3,1,19,19,1,1,0.06,6.88,52.6,0,-0.5
2025-05-26,20,11,3,4,3,1,19,19,2,2,-0.04,6.77,52.9,0,0
2025-05-26,20,11,3,4,3,1,19,19,3,3,0.09,6.79,53.2,0,0
2025-05-26,20,11,3,4,3,1,19,19,4,4,0.08,6.85,52.2,0,-0.5
2025-05-26,20,11,3,4,3,1,19,19,5,5,-0.08,6.78,52,0,0.5
2025-05-26,20,11,3,4,3,1,19,19,6,6,0.15,6.86,53.8,0,0
2025-05-26,20,12,3,4,3,1,19,19,1,1,-0.09,6.88,55.9,0,-0.5
2025-05-26,20,12,3,4,3,1,19,19,2,3,-0.11,6.82,53.3,0,-0.5
2025-05-26,20,12,3,4,3,1,19,19,3,4,-0.03,6.92,52.6,0,0
2025-05-26,20,12,3,4,3,1,19,19,4,5,-0.02,6.81,52.2,0,-0.5
2025-05-26,20,12,3,4,3,1,19,19,5,6,0.01,6.83,52.3,0,0
2025-05-26,20,12,3,4,3,1,19,19,6,2,-0.15,6.83,52.6,0,0
2025-05-26,21,1,2,7,2,1,19,20,1,1,0.05,6.66,49.1,0,0
2025-05-26,21,1,2,7,2,1,19,20,2,2,0.06,6.8,48.6,0,0
2025-05-26,21,1,2,7,2,1,19,20,3,3,0.02,6.77,47.8,0,-0.5
2025-05-26,21,1,2,7,2,1,19,20,4,4,0.05,6.75,48.7,0,-0.5
2025-05-26,21,1,2,7,2,1,19,20,5,5,0.09,6.76,47.3,0,-0.5
2025-05-26,21,1,2,7,2,1,19,20,6,6,0.19,6.78,44,3,-0.5
2025-05-26,21,2,1,15,1,1,15,20,1,1,0.16,6.7,46,1,-0.5
2025-05-26,21,2,1,15,1,1,15,20,2,2,0.27,6.8,48.7,0,-0.5
2025-05-26,21,2,1,15,1,1,15,20,3,3,0.13,6.73,49,0,-0.5
2025-05-26,21,2,1,15,1,1,15,20,4,4,0.24,6.72,43.5,3.5,-0.5
2025-05-26,21,2,1,15,1,1,15,20,5,5,0.19,6.68,50.2,0,-0.5
2025-05-26,21,2,1,15,1,1,15,20,6,6,0.23,6.75,48.2,0,-0.5
2025-05-26,21,3,1,15,1,1,15,20,1,1,0.21,6.71,47,0,-0.5
2025-05-26,21,3,1,15,1,1,15,20,2,2,0.08,6.7,46.5,0.5,0
2025-05-26,21,3,1,15,1,1,15,20,3,3,0.14,6.73,45.5,1.5,-0.5
2025-05-26,21,3,1,15,1,1,15,20,4,4,0.19,6.72,50.7,0,-0.5
2025-05-26,21,3,1,15,1,1,15,20,5,5,0.07,6.68,43.5,3.5,-0.5
2025-05-26,21,3,1,15,1,1,15,20,6,6,0.17,6.72,46.5,0.5,-0.5
2025-05-26,21,4,1,15,1,1,15,20,1,1,0.18,6.75,47.5,0,0
2025-05-26,21,4,1,15,1,1,15,20,2,2,0.14,6.73,47.1,0,-0.5
2025-05-26,21,4,1,15,1,1,15,20,3,3,-0.03,6.69,45.5,1.5,-0.5
2025-05-26,21,4,1,15,1,1,15,20,4,4,0,6.78,47,0,-0.5
2025-05-26,21,4,1,15,1,1,15,20,5,5,0.05,6.69,46,1,-0.5
2025-05-26,21,4,1,15,1,1,15,20,6,6,0.39,6.76,49.2,0,-0.5
2025-05-26,21,5,1,13,1,1,16,20,1,1,0.08,6.73,46,1,0
2025-05-26,21,5,1,13,1,1,16,20,2,2,0.15,6.74,47,0,-0.5
2025-05-26,21,5,1,13,1,1,16,20,3,3,0.14,6.69,45.5,1.5,-0.5
2025-05-26,21,5,1,13,1,1,16,20,4,4,0.15,6.71,47.8,0,-0.5
2025-05-26,21,5,1,13,1,1,16,20,5,5,0.04,6.78,51.5,0,0
2025-05-26,21,5,1,13,1,1,16,20,6,6,0.07,6.73,46.5,0.5,-0.5
2025-05-26,21,6,1,13,1,1,16,20,1,1,0.12,6.65,49,0,-0.5
2025-05-26,21,6,1,13,1,1,16,20,2,2,0.12,6.67,47,0,0
2025-05-26,21,6,1,13,1,1,16,20,3,3,0.24,6.72,50,0,-0.5
2025-05-26,21,6,1,13,1,1,16,20,4,4,0.02,6.75,48,0,-0.5
2025-05-26,21,6,1,13,1,1,16,20,5,5,-0.04,6.65,44,3,0
2025-05-26,21,6,1,13,1,1,16,20,6,6,-0.07,6.55,47,0,3
2025-05-26,21,7,1,13,1,1,17,20,1,1,-0.02,6.77,47.2,0,-0.5
2025-05-26,21,7,1,13,1,1,17,20,2,2,0.17,6.75,50.6,0,-0.5
2025-05-26,21,7,1,13,1,1,17,20,3,3,0.09,6.77,48.6,0,-0.5
2025-05-26,21,7,1,13,1,1,17,20,4,4,0.04,6.72,45.5,1.5,-0.5
2025-05-26,21,7,1,13,1,1,17,20,5,5,0.07,6.75,45.5,1.5,-0.5
2025-05-26,21,7,1,13,1,1,17,20,6,6,0.17,6.69,48.7,0,-0.5
2025-05-26,21,8,1,13,1,1,17,20,1,1,0.03,6.69,45.5,1.5,-0.5
2025-05-26,21,8,1,13,1,1,17,20,2,2,0.09,6.69,47,0,-0.5
2025-05-26,21,8,1,13,1,1,17,20,3,3,0.02,6.72,46.5,0.5,0
2025-05-26,21,8,1,13,1,1,17,20,4,6,0.22,6.68,49.2,0,-0.5
2025-05-26,21,8,1,13,1,1,17,20,5,4,-0.02,6.68,46.5,0.5,-0.5
2025-05-26,21,8,1,13,1,1,17,20,6,5,0.05,6.77,47.7,0,-0.5
2025-05-26,21,9,1,9,1,1,19,20,1,1,-0.03,6.73,47,0,-0.5
2025-05-26,21,9,1,9,1,1,19,20,2,2,0.03,6.77,49,0,-0.5
2025-05-26,21,9,1,9,1,1,19,20,3,3,0.07,6.75,46.5,0.5,-0.5
2025-05-26,21,9,1,9,1,1,19,20,4,4,-0.02,6.72,47.8,0,-0.5
2025-05-26,21,9,1,9,1,1,19,20,5,5,-0.06,6.79,48.6,0,0
2025-05-26,21,9,1,9,1,1,19,20,6,6,-0.07,6.78,45.5,1.5,-0.5
2025-05-26,21,10,2,7,2,1,19,20,1,1,0.19,6.7,43.5,3.5,-0.5
2025-05-26,21,10,2,7,2,1,19,20,2,2,0.28,6.71,50.2,0,-0.5
2025-05-26,21,10,2,7,2,1,19,20,3,3,0.08,6.77,51.5,0,0
2025-05-26,21,10,2,7,2,1,19,20,4,4,0.04,6.81,45.5,1.5,-0.5
2025-05-26,21,10,2,7,2,1,19,20,5,5,0.18,6.75,49,0,-0.5
2025-05-26,21,10,2,7,2,1,19,20,6,6,0.05,6.71,47,0,0
2025-05-26,21,11,1,9,1,1,18,20,1,1,0.14,6.72,45.5,1.5,-0.5
2025-05-26,21,11,1,9,1,1,18,20,2,2,-0.04,6.75,45.5,1.5,-0.5
2025-05-26,21,11,1,9,1,1,18,20,3,3,0.01,6.7,49.1,0,0
2025-05-26,21,11,1,9,1,1,18,20,4,4,0.02,6.84,47,0,-0.5
2025-05-26,21,11,1,9,1,1,18,20,5,5,0.12,6.76,47,0,0
2025-05-26,21,11,1,9,1,1,18,20,6,6,0.12,6.8,43.5,3.5,-0.5
2025-05-26,21,12,3,7,3,1,18,20,1,1,0.16,6.72,47,0,-0.5
2025-05-26,21,12,3,7,3,1,18,20,2,2,0.07,6.79,47,0,-0.5
2025-05-26,21,12,3,7,3,1,18,20,3,3,0.02,6.75,46,1,-0.5
2025-05-26,21,12,3,7,3,1,18,20,4,4,0.16,6.78,47.5,0,0
2025-05-26,21,12,3,7,3,1,18,20,5,6,-0.01,6.61,47,0,3
2025-05-26,21,12,3,7,3,1,18,20,6,5,0.16,6.76,45.5,1.5,-0.5
