race_date,stadium_number,race_number,race_closed_at,race_grade_number,race_title,boat_number,racer_number,racer_name,racer_class_number,racer_age,racer_weight,racer_flying_count,racer_late_count,racer_average_start_timing,racer_national_top_1_percent,racer_national_top_2_percent,racer_national_top_3_percent,racer_local_top_1_percent,racer_local_top_2_percent,racer_local_top_3_percent,racer_assigned_motor_top_2_percent,racer_assigned_motor_top_3_percent,racer_assigned_boat_top_2_percent,racer_assigned_boat_top_3_percent
2026-04-04,1,1,2026-04-04 15:18:00,5,第19回DKカップ 桐生歴代ファイナリスト頂上決戦,1,4281,大澤 大夢,3,42,52.6,0,0,0.14,4.9,29.58,47.89,4.53,11.76,52.94,36.11,58.33,36.25,53.75
2026-04-04,1,1,2026-04-04 15:18:00,5,第19回DKカップ 桐生歴代ファイナリスト頂上決戦,2,4036,金田 諭,1,47,52,0,0,0.16,6.42,47.19,68.54,6.19,40.38,69.23,44.07,57.63,34.62,57.69
2026-04-04,1,1,2026-04-04 15:18:00,5,第19回DKカップ 桐生歴代ファイナリスト頂上決戦,3,3475,橋本 久和,3,55,52.1,0,0,0.19,5.38,32.91,50.63,5.9,40.22,61.96,42.42,56.06,28.57,40.26
2026-04-04,1,1,2026-04-04 15:18:00,5,第19回DKカップ 桐生歴代ファイナリスト頂上決戦,4,3257,田頭 実,2,59,51.5,1,0,0.13,6.62,56.34,66.2,5.3,30,50,28.17,42.25,32.05,43.59
2026-04-04,1,1,2026-04-04 15:18:00,5,第19回DKカップ 桐生歴代ファイナリスト頂上決戦,5,3662,大庭 元明,3,56,55.4,1,0,0.16,5.48,39.18,56.7,5.79,47.37,57.89,37.93,53.45,42.86,62.86
2026-04-04,1,1,2026-04-04 15:18:00,5,第19回DKカップ 桐生歴代ファイナリスト頂上決戦,6,3805,高橋 英之,2,51,52.5,1,0,0.13,4.76,23.88,47.76,4.53,17.65,41.18,52.08,62.5,39.74,57.69
2026-04-04,1,2,2026-04-04 15:45:00,5,第19回DKカップ 桐生歴代ファイナリスト頂上決戦,1,3931,黒崎 竜也,3,49,51,1,0,0.16,5.61,37.66,58.44,6.2,30,70,32.26,43.55,31.17,46.75
2026-04-04,1,2,2026-04-04 15:45:00,5,第19回DKカップ 桐生歴代ファイナリスト頂上決戦,2,4983,前田 篤哉,1,29,52.3,0,0,0.17,7.07,56.52,72.17,6.49,48.57,65.71,38.46,55.77,33.77,57.14
2026-04-04,1,2,2026-04-04 15:45:00,5,第19回DKカップ 桐生歴代ファイナリスト頂上決戦,3,4538,笠置 博之,2,35,52.5,0,0,0.14,6.6,51.55,64.95,6.65,58.82,64.71,43.75,64.58,31.58,50
2026-04-04,1,2,2026-04-04 15:45:00,5,第19回DKカップ 桐生歴代ファイナリスト頂上決戦,4,5304,井田 涼介,4,22,60.3,1,0,0.17,1.6,0,2.33,1.49,1.89,1.89,40,52.73,22.86,35.71
2026-04-04,1,2,2026-04-04 15:45:00,5,第19回DKカップ 桐生歴代ファイナリスト頂上決戦,5,5434,藤田 康生,4,21,51,1,0,,2.8,7.14,14.29,0,0,0,33.87,56.45,48.75,70
2026-04-04,1,2,2026-04-04 15:45:00,5,第19回DKカップ 桐生歴代ファイナリスト頂上決戦,6,4505,島田 賢人,2,37,53.4,1,0,0.16,6.34,46.27,64.18,5.32,35.48,51.61,40,57.5,39.19,52.7
2026-04-04,1,3,2026-04-04 16:10:00,5,第19回DKカップ 桐生歴代ファイナリスト頂上決戦,1,4866,橋本 英一,3,35,52.9,1,0,0.16,4.25,17.54,40.35,5.27,38.46,57.69,36.36,52.73,29.49,41.03
2026-04-04,1,3,2026-04-04 16:10:00,5,第19回DKカップ 桐生歴代ファイナリスト頂上決戦,2,3159,江口 晃生,1,61,52.4,1,0,0.16,6.8,53.33,73.33,7.19,56.78,75.42,51.92,69.23,37.33,61.33
2026-04-04,1,3,2026-04-04 16:10:00,5,第19回DKカップ 桐生歴代ファイナリスト頂上決戦,3,4086,寺本 重宣,2,45,50,0,0,0.14,6.44,47.13,66.67,6.08,46.15,61.54,52,64,29.58,42.25
2026-04-04,1,3,2026-04-04 16:10:00,5,第19回DKカップ 桐生歴代ファイナリスト頂上決戦,4,5383,中村 楓,4,21,53.4,0,0,0.17,2.04,1.33,5.33,2.5,0,0,32.86,42.86,29.33,48
2026-04-04,1,3,2026-04-04 16:10:00,5,第19回DKカップ 桐生歴代ファイナリスト頂上決戦,5,4625,渡邊 裕貴,3,40,52.7,0,0,0.16,4.77,30.86,43.21,4.05,15.79,26.32,34.29,47.14,50,64.71
2026-04-04,1,3,2026-04-04 16:10:00,5,第19回DKカップ 桐生歴代ファイナリスト頂上決戦,6,4610,佐藤 大佑,2,35,53.5,0,0,0.16,6.54,49.06,63.21,6.29,52.94,58.82,39.68,60.32,38.16,55.26
2026-04-04,1,4,2026-04-04 16:35:00,5,第19回DKカップ 桐生歴代ファイナリスト頂上決戦,1,3282,池本 輝明,3,59,51.5,0,0,0.2,4.4,22.35,35.29,4.47,22.22,44.44,32.81,56.25,32.43,44.59
2026-04-04,1,4,2026-04-04 16:35:00,5,第19回DKカップ 桐生歴代ファイナリスト頂上決戦,2,4649,和田 操拓,2,41,52,0,0,0.12,4.71,21.9,43.81,5.8,40,60,34.29,45.71,28,42.67
2026-04-04,1,4,2026-04-04 16:35:00,5,第19回DKカップ 桐生歴代ファイナリスト頂上決戦,3,4109,谷津 幸宏,1,45,52.1,0,0,0.13,5.86,39.83,59.32,7.21,55.17,75.86,35.71,55.36,31.94,47.22
2026-04-04,1,4,2026-04-04 16:35:00,5,第19回DKカップ 桐生歴代ファイナリスト頂上決戦,4,3973,崎 利仁,3,49,53.5,0,0,0.19,4.16,19.51,32.93,4.93,28.09,42.7,37.93,58.62,26.58,43.04
2026-04-04,1,4,2026-04-04 16:35:00,5,第19回DKカップ 桐生歴代ファイナリスト頂上決戦,5,3582,吉川 昭男,2,53,52.7,0,0,0.15,6.09,44.76,60,5.5,35,50,42.11,66.67,34.72,50
2026-04-04,1,4,2026-04-04 16:35:00,5,第19回DKカップ 桐生歴代ファイナリスト頂上決戦,6,3300,川崎 智幸,1,58,52.6,0,0,0.15,5.62,39.13,51.09,6.1,60,70,28.3,50.94,32.39,45.07
2026-04-04,1,5,2026-04-04 17:01:00,5,第19回DKカップ 桐生歴代ファイナリスト頂上決戦,1,4798,浜先 真範,1,32,52.3,0,0,0.13,6.46,43.24,61.26,5.94,38.89,55.56,40.79,61.84,34.21,51.32
2026-04-04,1,5,2026-04-04 17:01:00,5,第19回DKカップ 桐生歴代ファイナリスト頂上決戦,2,5029,中 亮太,2,28,52.7,1,0,0.13,6.28,46.67,60,4.72,28,44,43.55,53.23,28,45.33
2026-04-04,1,5,2026-04-04 17:01:00,5,第19回DKカップ 桐生歴代ファイナリスト頂上決戦,3,4637,中田 友也,2,36,56.1,1,0,0.16,5.51,38.1,52.38,4.89,26.42,43.4,36.51,52.38,26.09,37.68
2026-04-04,1,5,2026-04-04 17:01:00,5,第19回DKカップ 桐生歴代ファイナリスト頂上決戦,4,4161,黒柳 浩孝,2,44,53.9,0,0,0.16,5.39,34.41,50.54,6,31.25,56.25,48.94,76.6,25.33,38.67
2026-04-04,1,5,2026-04-04 17:01:00,5,第19回DKカップ 桐生歴代ファイナリスト頂上決戦,5,3929,杢野 誓良,3,50,51.5,0,0,0.16,4.74,27.03,44.59,4.29,17.65,41.18,30,41.67,25.33,48
2026-04-04,1,5,2026-04-04 17:01:00,5,第19回DKカップ 桐生歴代ファイナリスト頂上決戦,6,3662,大庭 元明,3,56,55.4,1,0,0.16,5.48,39.18,56.7,5.79,47.37,57.89,37.93,53.45,42.86,62.86
2026-04-04,1,6,2026-04-04 17:28:00,5,第19回DKカップ 桐生歴代ファイナリスト頂上決戦,1,4335,若林 将,1,42,52.8,0,0,0.12,7.24,53.4,78.64,7.63,66.67,73.33,43.18,70.45,32.05,51.28
2026-04-04,1,6,2026-04-04 17:28:00,5,第19回DKカップ 桐生歴代ファイナリスト頂上決戦,2,4988,牟田 奨太,3,28,54.6,0,0,0.16,4.45,32.94,42.35,4,28,36,31.58,50.88,45.21,60.27
2026-04-04,1,6,2026-04-04 17:28:00,5,第19回DKカップ 桐生歴代ファイナリスト頂上決戦,3,4138,中井 俊祐,3,45,52.1,0,0,0.17,4.38,24.66,35.62,6.67,57.14,66.67,44.26,65.57,47.44,66.67
2026-04-04,1,6,2026-04-04 17:28:00,5,第19回DKカップ 桐生歴代ファイナリスト頂上決戦,4,3475,橋本 久和,3,55,52.1,0,0,0.19,5.38,32.91,50.63,5.9,40.22,61.96,42.42,56.06,28.57,40.26
2026-04-04,1,6,2026-04-04 17:28:00,5,第19回DKカップ 桐生歴代ファイナリスト頂上決戦,5,5293,眞崎 武蔵,4,24,52.5,1,0,0.24,2.62,7.69,19.23,4.13,25,31.25,39.19,60.81,47.44,62.82
2026-04-04,1,6,2026-04-04 17:28:00,5,第19回DKカップ 桐生歴代ファイナリスト頂上決戦,6,3687,花田 和明,3,56,53.2,0,0,0.17,5.28,34.78,49.28,6.29,57.14,71.43,48.15,59.26,25.32,36.71
2026-04-04,1,7,2026-04-04 17:55:00,5,第19回DKカップ 桐生歴代ファイナリスト頂上決戦,1,3898,平田 忠則,1,49,52.5,1,0,0.14,7.01,55.13,74.36,6.69,51.72,65.52,33.33,50.88,25.32,49.37
2026-04-04,1,7,2026-04-04 17:55:00,5,第19回DKカップ 桐生歴代ファイナリスト頂上決戦,2,5304,井田 涼介,4,22,60.3,1,0,0.17,1.6,0,2.33,1.49,1.89,1.89,40,52.73,22.86,35.71
2026-04-04,1,7,2026-04-04 17:55:00,5,第19回DKカップ 桐生歴代ファイナリスト頂上決戦,3,3251,平石 和男,2,59,51,0,0,0.19,5.72,39.52,57.26,5.31,38.46,53.85,32.76,50,37.5,56.25
2026-04-04,1,7,2026-04-04 17:55:00,5,第19回DKカップ 桐生歴代ファイナリスト頂上決戦,4,4486,野村 誠,3,39,52,0,0,0.17,5.26,37.93,50,5.41,38.67,50.67,36.21,58.62,22.08,36.36
2026-04-04,1,7,2026-04-04 17:55:00,5,第19回DKカップ 桐生歴代ファイナリスト頂上決戦,5,5383,中村 楓,4,21,53.4,0,0,0.17,2.04,1.33,5.33,2.5,0,0,32.86,42.86,29.33,48
2026-04-04,1,7,2026-04-04 17:55:00,5,第19回DKカップ 桐生歴代ファイナリスト頂上決戦,6,3362,間嶋 仁志,3,56,54.5,0,0,0.19,5.59,41.98,55.56,5.31,38.18,47.27,42.31,53.85,33.73,54.22
2026-04-04,1,8,2026-04-04 18:23:00,5,第19回DKカップ 桐生歴代ファイナリスト頂上決戦,1,4983,前田 篤哉,1,29,52.3,0,0,0.17,7.07,56.52,72.17,6.49,48.57,65.71,38.46,55.77,33.77,57.14
2026-04-04,1,8,2026-04-04 18:23:00,5,第19回DKカップ 桐生歴代ファイナリスト頂上決戦,2,4625,渡邊 裕貴,3,40,52.7,0,0,0.16,4.77,30.86,43.21,4.05,15.79,26.32,34.29,47.14,50,64.71
2026-04-04,1,8,2026-04-04 18:23:00,5,第19回DKカップ 桐生歴代ファイナリスト頂上決戦,3,3973,崎 利仁,3,49,53.5,0,0,0.19,4.16,19.51,32.93,4.93,28.09,42.7,37.93,58.62,26.58,43.04
2026-04-04,1,8,2026-04-04 18:23:00,5,第19回DKカップ 桐生歴代ファイナリスト頂上決戦,4,5004,河野 主樹,3,29,51.5,0,0,0.16,5.37,32.18,50.57,5.68,36,48,36.96,50,37.84,51.35
2026-04-04,1,8,2026-04-04 18:23:00,5,第19回DKカップ 桐生歴代ファイナリスト頂上決戦,5,4036,金田 諭,1,47,52,0,0,0.16,6.42,47.19,68.54,6.19,40.38,69.23,44.07,57.63,34.62,57.69
2026-04-04,1,8,2026-04-04 18:23:00,5,第19回DKカップ 桐生歴代ファイナリスト頂上決戦,6,3546,中里 昌志,3,57,52,0,0,0.19,4.27,13.92,41.77,5,25,44.44,39.13,59.42,32,48
2026-04-04,1,9,2026-04-04 18:54:00,5,第19回DKカップ 桐生歴代ファイナリスト頂上決戦,1,4086,寺本 重宣,2,45,50,0,0,0.14,6.44,47.13,66.67,6.08,46.15,61.54,52,64,29.58,42.25
2026-04-04,1,9,2026-04-04 18:54:00,5,第19回DKカップ 桐生歴代ファイナリスト頂上決戦,2,4109,谷津 幸宏,1,45,52.1,0,0,0.13,5.86,39.83,59.32,7.21,55.17,75.86,35.71,55.36,31.94,47.22
2026-04-04,1,9,2026-04-04 18:54:00,5,第19回DKカップ 桐生歴代ファイナリスト頂上決戦,3,4281,大澤 大夢,3,42,52.6,0,0,0.14,4.9,29.58,47.89,4.53,11.76,52.94,36.11,58.33,36.25,53.75
2026-04-04,1,9,2026-04-04 18:54:00,5,第19回DKカップ 桐生歴代ファイナリスト頂上決戦,4,4798,浜先 真範,1,32,52.3,0,0,0.13,6.46,43.24,61.26,5.94,38.89,55.56,40.79,61.84,34.21,51.32
2026-04-04,1,9,2026-04-04 18:54:00,5,第19回DKカップ 桐生歴代ファイナリスト頂上決戦,5,4509,平見 真彦,3,37,53.4,0,0,0.18,5.88,33.68,62.11,6.56,50,50,32.2,52.54,20.51,32.05
2026-04-04,1,9,2026-04-04 18:54:00,5,第19回DKカップ 桐生歴代ファイナリスト頂上決戦,6,5434,藤田 康生,4,21,51,1,0,,2.8,7.14,14.29,0,0,0,33.87,56.45,48.75,70
2026-04-04,1,10,2026-04-04 19:25:00,5,第19回DKカップ 桐生歴代ファイナリスト頂上決戦,1,3159,江口 晃生,1,61,52.4,1,0,0.16,6.8,53.33,73.33,7.19,56.78,75.42,51.92,69.23,37.33,61.33
2026-04-04,1,10,2026-04-04 19:25:00,5,第19回DKカップ 桐生歴代ファイナリスト頂上決戦,2,3300,川崎 智幸,1,58,52.6,0,0,0.15,5.62,39.13,51.09,6.1,60,70,28.3,50.94,32.39,45.07
2026-04-04,1,10,2026-04-04 19:25:00,5,第19回DKカップ 桐生歴代ファイナリスト頂上決戦,3,4505,島田 賢人,2,37,53.4,1,0,0.16,6.34,46.27,64.18,5.32,35.48,51.61,40,57.5,39.19,52.7
2026-04-04,1,10,2026-04-04 19:25:00,5,第19回DKカップ 桐生歴代ファイナリスト頂上決戦,4,5293,眞崎 武蔵,4,24,52.5,1,0,0.24,2.62,7.69,19.23,4.13,25,31.25,39.19,60.81,47.44,62.82
2026-04-04,1,10,2026-04-04 19:25:00,5,第19回DKカップ 桐生歴代ファイナリスト頂上決戦,5,3562,山下 和彦,2,56,52.1,0,0,0.16,5.71,41.67,57.29,6.96,55.56,77.78,36.07,50.82,39.71,57.35
2026-04-04,1,10,2026-04-04 19:25:00,5,第19回DKカップ 桐生歴代ファイナリスト頂上決戦,6,4875,大塚 康雅,3,31,50.5,0,0,0.18,4.92,26.67,45.33,4.22,11.11,22.22,37.88,51.52,28.95,44.74
2026-04-04,1,11,2026-04-04 19:58:00,5,第19回DKカップ 桐生歴代ファイナリスト頂上決戦,1,5029,中 亮太,2,28,52.7,1,0,0.13,6.28,46.67,60,4.72,28,44,43.55,53.23,28,45.33
2026-04-04,1,11,2026-04-04 19:58:00,5,第19回DKカップ 桐生歴代ファイナリスト頂上決戦,2,3805,高橋 英之,2,51,52.5,1,0,0.13,4.76,23.88,47.76,4.53,17.65,41.18,52.08,62.5,39.74,57.69
2026-04-04,1,11,2026-04-04 19:58:00,5,第19回DKカップ 桐生歴代ファイナリスト頂上決戦,3,3687,花田 和明,3,56,53.2,0,0,0.17,5.28,34.78,49.28,6.29,57.14,71.43,48.15,59.26,25.32,36.71
2026-04-04,1,11,2026-04-04 19:58:00,5,第19回DKカップ 桐生歴代ファイナリスト頂上決戦,4,4538,笠置 博之,2,35,52.5,0,0,0.14,6.6,51.55,64.95,6.65,58.82,64.71,43.75,64.58,31.58,50
2026-04-04,1,11,2026-04-04 19:58:00,5,第19回DKカップ 桐生歴代ファイナリスト頂上決戦,5,4649,和田 操拓,2,41,52,0,0,0.12,4.71,21.9,43.81,5.8,40,60,34.29,45.71,28,42.67
2026-04-04,1,11,2026-04-04 19:58:00,5,第19回DKカップ 桐生歴代ファイナリスト頂上決戦,6,4486,野村 誠,3,39,52,0,0,0.17,5.26,37.93,50,5.41,38.67,50.67,36.21,58.62,22.08,36.36
2026-04-04,1,12,2026-04-04 20:30:00,5,第19回DKカップ 桐生歴代ファイナリスト頂上決戦,1,3251,平石 和男,2,59,51,0,0,0.19,5.72,39.52,57.26,5.31,38.46,53.85,32.76,50,37.5,56.25
2026-04-04,1,12,2026-04-04 20:30:00,5,第19回DKカップ 桐生歴代ファイナリスト頂上決戦,2,3582,吉川 昭男,2,53,52.7,0,0,0.15,6.09,44.76,60,5.5,35,50,42.11,66.67,34.72,50
2026-04-04,1,12,2026-04-04 20:30:00,5,第19回DKカップ 桐生歴代ファイナリスト頂上決戦,3,3931,黒崎 竜也,3,49,51,1,0,0.16,5.61,37.66,58.44,6.2,30,70,32.26,43.55,31.17,46.75
2026-04-04,1,12,2026-04-04 20:30:00,5,第19回DKカップ 桐生歴代ファイナリスト頂上決戦,4,4610,佐藤 大佑,2,35,53.5,0,0,0.16,6.54,49.06,63.21,6.29,52.94,58.82,39.68,60.32,38.16,55.26
2026-04-04,1,12,2026-04-04 20:30:00,5,第19回DKカップ 桐生歴代ファイナリスト頂上決戦,5,5004,河野 主樹,3,29,51.5,0,0,0.16,5.37,32.18,50.57,5.68,36,48,36.96,50,37.84,51.35
2026-04-04,1,12,2026-04-04 20:30:00,5,第19回DKカップ 桐生歴代ファイナリスト頂上決戦,6,4637,中田 友也,2,36,56.1,1,0,0.16,5.51,38.1,52.38,4.89,26.42,43.4,36.51,52.38,26.09,37.68
2026-04-04,4,1,2026-04-04 10:55:00,5,にっぽん未来プロジェクト競走in平和島,1,5245,倉富 大誠,3,24,52.5,1,0,0.17,4.26,21.92,38.36,4,23.53,29.41,32.24,48.63,38.16,58.55
2026-04-04,4,1,2026-04-04 10:55:00,5,にっぽん未来プロジェクト競走in平和島,2,4578,藤山 雅弘,1,36,52.3,1,0,0.15,5.27,42.67,49.33,5.45,36.36,50,39.23,56.91,20,40
2026-04-04,4,1,2026-04-04 10:55:00,5,にっぽん未来プロジェクト競走in平和島,3,4735,角山 雄哉,3,35,54,0,0,0.15,4.67,30.38,39.24,5.18,41.18,41.18,34.46,54.24,28.95,45.39
2026-04-04,4,1,2026-04-04 10:55:00,5,にっぽん未来プロジェクト競走in平和島,4,3988,古川 誠之,2,47,55.7,0,0,0.15,5.6,40.78,54.37,5,30.77,46.15,29.87,46.75,34.62,49.36
2026-04-04,4,1,2026-04-04 10:55:00,5,にっぽん未来プロジェクト競走in平和島,5,3880,浅見 宗孝,3,53,56.4,0,0,0.18,4.83,25.97,44.16,5,19.23,57.69,36.32,58.42,29.22,39.61
2026-04-04,4,1,2026-04-04 10:55:00,5,にっぽん未来プロジェクト競走in平和島,6,3319,山崎 義明,3,59,52,0,0,0.17,5.14,28.74,52.87,4.91,31.25,43.75,47.24,66.83,34.19,44.52
2026-04-04,4,2,2026-04-04 11:24:00,5,にっぽん未来プロジェクト競走in平和島,1,4952,吉武 真也,3,32,52,0,0,0.16,3.71,12.5,25,3.57,14.29,42.86,40.32,57.53,30,50.63
2026-04-04,4,2,2026-04-04 11:24:00,5,にっぽん未来プロジェクト競走in平和島,2,4218,吉川 喜継,1,44,52,1,0,0.15,6.78,54.96,74.81,7.86,57.14,100,29.22,47.4,33.13,51.81
2026-04-04,4,2,2026-04-04 11:24:00,5,にっぽん未来プロジェクト競走in平和島,3,3627,井上 恵一,2,56,54.1,0,0,0.18,5.43,36.26,49.45,4.28,22.22,38.89,31.68,47.2,38.13,55
2026-04-04,4,2,2026-04-04 11:24:00,5,にっぽん未来プロジェクト競走in平和島,4,4020,川上 清人,3,46,63.8,0,0,0.2,4.14,21.74,38.04,3.78,11.11,22.22,44.2,60.77,37.65,52.35
2026-04-04,4,2,2026-04-04 11:24:00,5,にっぽん未来プロジェクト競走in平和島,5,4819,蜂須 瑞生,2,34,46.5,0,0,0.16,5.79,36.67,63.33,0,0,0,47.09,64.55,42.04,57.96
2026-04-04,4,2,2026-04-04 11:24:00,5,にっぽん未来プロジェクト競走in平和島,6,3542,清水 紀克,3,57,55.9,0,0,0.19,4.06,19.72,32.39,3.44,6.25,31.25,34.12,49.41,39.51,56.79
2026-04-04,4,3,2026-04-04 11:53:00,5,にっぽん未来プロジェクト競走in平和島,1,3652,森下 勇,3,52,54.9,0,0,0.18,3.74,15.28,26.39,3.54,12.5,25,30.08,44.36,41.4,59.24
2026-04-04,4,3,2026-04-04 11:53:00,5,にっぽん未来プロジェクト競走in平和島,2,4936,戸敷 晃美,2,29,47.8,1,0,0.17,5.83,41.86,56.98,0,0,0,33.33,49.73,37.28,56.21
2026-04-04,4,3,2026-04-04 11:53:00,5,にっぽん未来プロジェクト競走in平和島,3,4514,上條 嘉嗣,1,36,52.2,1,0,0.18,6.97,55.45,75.25,6.45,55.17,65.52,35.29,53.48,36.47,58.82
2026-04-04,4,3,2026-04-04 11:53:00,5,にっぽん未来プロジェクト競走in平和島,4,4089,妹尾 忠幸,2,45,55.1,1,0,0.15,5.95,33.62,60.34,6.27,45.45,72.73,35.56,50,27.97,46.15
2026-04-04,4,3,2026-04-04 11:53:00,5,にっぽん未来プロジェクト競走in平和島,5,5347,井澤 聖奈,4,22,47.3,0,0,0.21,1.95,0,7.14,1.32,0,0,36.36,56.15,28.17,44.37
2026-04-04,4,3,2026-04-04 11:53:00,5,にっぽん未来プロジェクト競走in平和島,6,4067,永井 源,1,46,53,0,0,0.17,5.85,40.66,58.24,6.88,53.13,71.88,37.43,49.2,30,44.29
2026-04-04,4,4,2026-04-04 12:22:00,5,にっぽん未来プロジェクト競走in平和島,1,4079,出畑 孝典,2,47,52,1,0,0.16,5.52,36.47,57.65,6.71,57.14,71.43,32.48,47.13,35.26,54.49
2026-04-04,4,4,2026-04-04 12:22:00,5,にっぽん未来プロジェクト競走in平和島,2,4738,清埜 翔子,2,34,46.5,0,0,0.16,5.39,34.78,51.3,6.52,44.83,62.07,33.9,56.5,34.94,52.41
2026-04-04,4,4,2026-04-04 12:22:00,5,にっぽん未来プロジェクト競走in平和島,3,5028,原田 才一郎,1,29,52,1,0,0.16,6.3,43.66,60.56,6.14,42.86,57.14,30.28,49.3,37.25,53.59
2026-04-04,4,4,2026-04-04 12:22:00,5,にっぽん未来プロジェクト競走in平和島,4,5362,中嶋 世奈,4,19,49.6,1,0,0.18,1.78,0,3.7,1,0,0,35.98,50.79,34.62,50.64
2026-04-04,4,4,2026-04-04 12:22:00,5,にっぽん未来プロジェクト競走in平和島,5,4491,田中 堅,3,39,52.5,0,0,0.19,4.37,19.75,35.8,5.45,40,50,36.93,52.27,27.48,41.22
2026-04-04,4,4,2026-04-04 12:22:00,5,にっぽん未来プロジェクト競走in平和島,6,3721,守田 俊介,1,50,53.3,0,0,0.12,6.15,41.67,52.78,8.18,81.82,81.82,46.88,63.02,40.44,54.41
2026-04-04,4,5,2026-04-04 12:52:00,5,にっぽん未来プロジェクト競走in平和島,1,4351,里岡 右貴,1,40,52,0,0,0.14,7.18,55.56,73.02,0,0,0,35.79,51.05,31.72,48.28
2026-04-04,4,5,2026-04-04 12:52:00,5,にっぽん未来プロジェクト競走in平和島,2,3156,金子 良昭,3,61,53.7,0,0,0.16,4.16,23.44,34.38,4.44,31.25,43.75,38.04,52.17,30.82,46.54
2026-04-04,4,5,2026-04-04 12:52:00,5,にっぽん未来プロジェクト競走in平和島,3,4382,高山 智至,3,41,53,1,0,0.16,4.97,20.31,53.13,4.86,42.86,42.86,42.7,59.46,25,44.53
2026-04-04,4,5,2026-04-04 12:52:00,5,にっぽん未来プロジェクト競走in平和島,4,3518,倉田 郁美,3,58,48.8,0,0,0.18,4.3,22.54,38.03,0,0,0,36.7,55.32,40.24,53.05
2026-04-04,4,5,2026-04-04 12:52:00,5,にっぽん未来プロジェクト競走in平和島,5,4864,小川 日紀太,3,36,52.1,1,0,0.14,3.97,18.64,33.9,5.59,34.48,55.17,30.88,49.26,29.37,43.36
2026-04-04,4,5,2026-04-04 12:52:00,5,にっぽん未来プロジェクト競走in平和島,6,4440,萩原 知哉,3,39,53.6,0,0,0.17,4.62,18.99,40.51,4.29,0,28.57,37.63,59.14,39.02,59.76
2026-04-04,4,6,2026-04-04 13:22:00,5,にっぽん未来プロジェクト競走in平和島,1,5036,福田 翔吾,3,28,52.2,0,0,0.19,5.11,36,46,0,0,0,30.63,48.13,32.24,46.71
2026-04-04,4,6,2026-04-04 13:22:00,5,にっぽん未来プロジェクト競走in平和島,2,3999,大瀧 明日香,1,46,45,0,0,0.15,5.77,37.84,54.05,6.43,42.86,71.43,41.62,57.3,36.36,60.61
2026-04-04,4,6,2026-04-04 13:22:00,5,にっぽん未来プロジェクト競走in平和島,3,3542,清水 紀克,3,57,55.9,0,0,0.19,4.06,19.72,32.39,3.44,6.25,31.25,34.12,49.41,39.51,56.79
2026-04-04,4,6,2026-04-04 13:22:00,5,にっぽん未来プロジェクト競走in平和島,4,3811,石田 章央,2,50,53,0,0,0.15,6.47,52.22,64.44,5.73,40,63.33,29.81,47.2,37.27,57.76
2026-04-04,4,6,2026-04-04 13:22:00,5,にっぽん未来プロジェクト競走in平和島,5,4460,後藤 翔之,2,40,54.6,1,0,0.14,6.17,41,63,6.11,45.16,62.9,34.15,50,28.87,42.96
2026-04-04,4,6,2026-04-04 13:22:00,5,にっぽん未来プロジェクト競走in平和島,6,5257,西丸 侑太朗,1,21,52,0,0,0.15,6.38,43.51,66.41,4.7,30,60,33.9,54.24,27.04,45.28
2026-04-04,4,7,2026-04-04 13:53:00,5,にっぽん未来プロジェクト競走in平和島,1,4306,畔柳 俊吾,2,42,52,1,0,0.17,4.68,21.54,44.62,5.92,32,60,27.82,42.86,33.77,48.7
2026-04-04,4,7,2026-04-04 13:53:00,5,にっぽん未来プロジェクト競走in平和島,2,4514,上條 嘉嗣,1,36,52.2,1,0,0.18,6.97,55.45,75.25,6.45,55.17,65.52,35.29,53.48,36.47,58.82
2026-04-04,4,7,2026-04-04 13:53:00,5,にっぽん未来プロジェクト競走in平和島,3,5144,中尾 彩香,3,24,47,0,0,0.17,5.53,41.11,56.67,0,0,0,39.89,56.28,31.37,50.33
2026-04-04,4,7,2026-04-04 13:53:00,5,にっぽん未来プロジェクト競走in平和島,4,4944,田代 達也,3,34,53.8,1,0,0.15,3.94,20.51,32.05,4.27,19.7,33.33,34.97,51.37,33.33,48.43
2026-04-04,4,7,2026-04-04 13:53:00,5,にっぽん未来プロジェクト競走in平和島,5,4069,山本 修一,1,45,52.5,0,0,0.18,6.21,44.64,67.86,7.45,54.55,72.73,32.02,48.31,39.52,53.89
2026-04-04,4,7,2026-04-04 13:53:00,5,にっぽん未来プロジェクト競走in平和島,6,3627,井上 恵一,2,56,54.1,0,0,0.18,5.43,36.26,49.45,4.28,22.22,38.89,31.68,47.2,38.13,55
2026-04-04,4,8,2026-04-04 14:24:00,5,にっぽん未来プロジェクト競走in平和島,1,4089,妹尾 忠幸,2,45,55.1,1,0,0.15,5.95,33.62,60.34,6.27,45.45,72.73,35.56,50,27.97,46.15
2026-04-04,4,8,2026-04-04 14:24:00,5,にっぽん未来プロジェクト競走in平和島,2,3880,浅見 宗孝,3,53,56.4,0,0,0.18,4.83,25.97,44.16,5,19.23,57.69,36.32,58.42,29.22,39.61
2026-04-04,4,8,2026-04-04 14:24:00,5,にっぽん未来プロジェクト競走in平和島,3,3305,小野 信樹,3,58,53.2,0,0,0.17,4.32,28.38,37.84,2.92,8.33,16.67,33.94,53.33,35.44,50
2026-04-04,4,8,2026-04-04 14:24:00,5,にっぽん未来プロジェクト競走in平和島,4,4748,渡邉 雄朗,1,39,52,1,0,0.13,6.53,48.45,62.89,7.79,67.65,70.59,37.2,52.44,27.21,44.9
2026-04-04,4,8,2026-04-04 14:24:00,5,にっぽん未来プロジェクト競走in平和島,5,3503,堂原 洋史,3,56,52,0,0,0.16,4.42,22.37,36.84,3.77,15.38,23.08,35.98,55.03,24.18,38.56
2026-04-04,4,8,2026-04-04 14:24:00,5,にっぽん未来プロジェクト競走in平和島,6,5362,中嶋 世奈,4,19,49.6,1,0,0.18,1.78,0,3.7,1,0,0,35.98,50.79,34.62,50.64
2026-04-04,4,9,2026-04-04 14:56:00,5,にっぽん未来プロジェクト競走in平和島,1,3499,市川 哲也,2,57,52,0,0,0.13,6.7,51.61,68.82,5.68,35.71,50,28.47,46.53,29.8,49.67
2026-04-04,4,9,2026-04-04 14:56:00,5,にっぽん未来プロジェクト競走in平和島,2,3652,森下 勇,3,52,54.9,0,0,0.18,3.74,15.28,26.39,3.54,12.5,25,30.08,44.36,41.4,59.24
2026-04-04,4,9,2026-04-04 14:56:00,5,にっぽん未来プロジェクト競走in平和島,3,4578,藤山 雅弘,1,36,52.3,1,0,0.15,5.27,42.67,49.33,5.45,36.36,50,39.23,56.91,20,40
2026-04-04,4,9,2026-04-04 14:56:00,5,にっぽん未来プロジェクト競走in平和島,4,4952,吉武 真也,3,32,52,0,0,0.16,3.71,12.5,25,3.57,14.29,42.86,40.32,57.53,30,50.63
2026-04-04,4,9,2026-04-04 14:56:00,5,にっぽん未来プロジェクト競走in平和島,5,3721,守田 俊介,1,50,53.3,0,0,0.12,6.15,41.67,52.78,8.18,81.82,81.82,46.88,63.02,40.44,54.41
2026-04-04,4,9,2026-04-04 14:56:00,5,にっぽん未来プロジェクト競走in平和島,6,4540,相原 利章,2,38,52.1,0,0,0.12,5.61,33.73,59.04,4.51,23.08,43.59,25.74,38.24,43.45,60
2026-04-04,4,10,2026-04-04 15:29:00,5,にっぽん未来プロジェクト競走in平和島,1,5161,登玉 隼百,2,26,53.7,1,0,0.13,5.74,41.46,56.1,5.88,43.75,53.13,38.12,49.72,45.51,58.33
2026-04-04,4,10,2026-04-04 15:29:00,5,にっぽん未来プロジェクト競走in平和島,2,4440,萩原 知哉,3,39,53.6,0,0,0.17,4.62,18.99,40.51,4.29,0,28.57,37.63,59.14,39.02,59.76
2026-04-04,4,10,2026-04-04 15:29:00,5,にっぽん未来プロジェクト競走in平和島,3,4067,永井 源,1,46,53,0,0,0.17,5.85,40.66,58.24,6.88,53.13,71.88,37.43,49.2,30,44.29
2026-04-04,4,10,2026-04-04 15:29:00,5,にっぽん未来プロジェクト競走in平和島,4,4079,出畑 孝典,2,47,52,1,0,0.16,5.52,36.47,57.65,6.71,57.14,71.43,32.48,47.13,35.26,54.49
2026-04-04,4,10,2026-04-04 15:29:00,5,にっぽん未来プロジェクト競走in平和島,5,3679,飯島 昌弘,1,53,52.1,1,0,0.14,6,37.76,62.24,6.48,45,66.67,42.7,64.86,36.42,54.3
2026-04-04,4,10,2026-04-04 15:29:00,5,にっぽん未来プロジェクト競走in平和島,6,4735,角山 雄哉,3,35,54,0,0,0.15,4.67,30.38,39.24,5.18,41.18,41.18,34.46,54.24,28.95,45.39
2026-04-04,4,11,2026-04-04 16:03:00,5,にっぽん未来プロジェクト競走in平和島,1,4218,吉川 喜継,1,44,52,1,0,0.15,6.78,54.96,74.81,7.86,57.14,100,29.22,47.4,33.13,51.81
2026-04-04,4,11,2026-04-04 16:03:00,5,にっぽん未来プロジェクト競走in平和島,2,4991,宗行 治哉,2,28,52,0,0,0.18,6.55,47.31,69.89,5.73,27.27,72.73,31.37,46.41,43.02,61.05
2026-04-04,4,11,2026-04-04 16:03:00,5,にっぽん未来プロジェクト競走in平和島,3,3988,古川 誠之,2,47,55.7,0,0,0.15,5.6,40.78,54.37,5,30.77,46.15,29.87,46.75,34.62,49.36
2026-04-04,4,11,2026-04-04 16:03:00,5,にっぽん未来プロジェクト競走in平和島,4,5036,福田 翔吾,3,28,52.2,0,0,0.19,5.11,36,46,0,0,0,30.63,48.13,32.24,46.71
2026-04-04,4,11,2026-04-04 16:03:00,5,にっぽん未来プロジェクト競走in平和島,5,4351,里岡 右貴,1,40,52,0,0,0.14,7.18,55.56,73.02,0,0,0,35.79,51.05,31.72,48.28
2026-04-04,4,11,2026-04-04 16:03:00,5,にっぽん未来プロジェクト競走in平和島,6,4944,田代 達也,3,34,53.8,1,0,0.15,3.94,20.51,32.05,4.27,19.7,33.33,34.97,51.37,33.33,48.43
2026-04-04,4,12,2026-04-04 16:38:00,5,にっぽん未来プロジェクト競走in平和島,1,3999,大瀧 明日香,1,46,44.5,0,0,0.15,5.77,37.84,54.05,6.43,42.86,71.43,41.62,57.3,36.36,60.61
2026-04-04,4,12,2026-04-04 16:38:00,5,にっぽん未来プロジェクト競走in平和島,2,3518,倉田 郁美,3,58,48.9,0,0,0.18,4.3,22.54,38.03,0,0,0,36.7,55.32,40.24,53.05
2026-04-04,4,12,2026-04-04 16:38:00,5,にっぽん未来プロジェクト競走in平和島,3,4819,蜂須 瑞生,2,34,46,0,0,0.16,5.79,36.67,63.33,0,0,0,47.09,64.55,42.04,57.96
2026-04-04,4,12,2026-04-04 16:38:00,5,にっぽん未来プロジェクト競走in平和島,4,4936,戸敷 晃美,2,29,48.2,1,0,0.17,5.83,41.86,56.98,0,0,0,33.33,49.73,37.28,56.21
2026-04-04,4,12,2026-04-04 16:38:00,5,にっぽん未来プロジェクト競走in平和島,5,5144,中尾 彩香,3,24,47,0,0,0.17,5.53,41.11,56.67,0,0,0,39.89,56.28,31.37,50.33
2026-04-04,4,12,2026-04-04 16:38:00,5,にっぽん未来プロジェクト競走in平和島,6,4738,清埜 翔子,2,34,47,0,0,0.16,5.39,34.78,51.3,6.52,44.83,62.07,33.9,56.5,34.94,52.41
2026-04-04,9,1,2026-04-04 10:41:00,2,津ダイヤモンドカップ,1,4963,實森 美祐,1,29,45.5,0,0,0.15,6.68,52.87,65.52,6.2,55,60,48.48,63.64,44.44,61.11
2026-04-04,9,1,2026-04-04 10:41:00,2,津ダイヤモンドカップ,2,4524,深谷 知博,1,38,52,0,0,0.12,6.86,40.71,55.75,6.97,35.48,67.74,38.89,63.89,57.89,68.42
2026-04-04,9,1,2026-04-04 10:41:00,2,津ダイヤモンドカップ,3,5051,松本 純平,1,31,52.5,0,0,0.16,6.68,47,71,6.73,40,66.67,65.52,75.86,26.47,47.06
2026-04-04,9,1,2026-04-04 10:41:00,2,津ダイヤモンドカップ,4,4579,中嶋 健一郎,1,36,52,0,0,0.16,5.99,35.58,59.62,6.81,48.36,72.13,39.47,52.63,25,37.5
2026-04-04,9,1,2026-04-04 10:41:00,2,津ダイヤモンドカップ,5,4985,井本 昌也,1,29,52.3,0,0,0.14,6.74,45.37,62.04,0,0,0,22.92,37.5,50,56.67
2026-04-04,9,1,2026-04-04 10:41:00,2,津ダイヤモンドカップ,6,4596,葛原 大陽,1,42,52.2,0,0,0.14,5.9,39.8,61.22,5.76,47.62,52.38,31.25,37.5,29.41,44.12
2026-04-04,9,2,2026-04-04 11:10:00,2,津ダイヤモンドカップ,1,4824,松井 洪弥,1,33,52,0,0,0.12,6.51,50,62.26,6.41,47.62,61.9,30.56,47.22,51.35,64.86
2026-04-04,9,2,2026-04-04 11:10:00,2,津ダイヤモンドカップ,2,4500,山田 康二,1,38,53.1,0,0,0.12,7.17,46.96,66.09,8,44.44,55.56,50,65,25,40
2026-04-04,9,2,2026-04-04 11:10:00,2,津ダイヤモンドカップ,3,4776,竹田 和哉,1,32,52.5,0,0,0.15,6.77,51.33,69.03,6.93,40,66.67,45.83,66.67,41.18,47.06
2026-04-04,9,2,2026-04-04 11:10:00,2,津ダイヤモンドカップ,4,4013,中島 孝平,1,46,52,0,0,0.13,7.17,44.76,64.76,6.82,50,64.71,17.65,41.18,44.12,61.76
2026-04-04,9,2,2026-04-04 11:10:00,2,津ダイヤモンドカップ,5,4804,高田 ひかる,1,31,46.5,1,0,0.17,6.79,52.5,68.33,6.43,48.39,64.52,43.75,56.25,25.93,44.44
2026-04-04,9,2,2026-04-04 11:10:00,2,津ダイヤモンドカップ,6,4543,重木 輝彦,1,38,52,0,0,0.17,6.74,49.48,70.1,6.93,57.14,78.57,25.71,42.86,23.53,47.06
2026-04-04,9,3,2026-04-04 11:39:00,2,津ダイヤモンドカップ,1,4886,入海 馨,1,30,53.1,1,0,0.14,6.13,31.25,55.21,7.25,56.25,75,31.25,46.88,41.46,58.54
2026-04-04,9,3,2026-04-04 11:39:00,2,津ダイヤモンドカップ,2,4398,船岡 洋一郎,1,39,52.7,0,0,0.14,6.63,48.33,66.67,7.7,60,90,41.94,74.19,54.05,78.38
2026-04-04,9,3,2026-04-04 11:39:00,2,津ダイヤモンドカップ,3,4397,西村 拓也,1,39,52,0,0,0.14,6.82,46.3,61.11,8,77.78,88.89,13.64,31.82,25.71,48.57
2026-04-04,9,3,2026-04-04 11:39:00,2,津ダイヤモンドカップ,4,5084,末永 和也,1,27,52,0,0,0.13,7.29,45.71,63.81,8.14,53.57,75,18.75,34.38,31.43,57.14
2026-04-04,9,3,2026-04-04 11:39:00,2,津ダイヤモンドカップ,5,4544,松田 大志郎,1,38,52.3,0,0,0.16,7.69,65.38,81.54,8.4,68,80,31.58,52.63,23.08,30.77
2026-04-04,9,3,2026-04-04 11:39:00,2,津ダイヤモンドカップ,6,5256,中山 翔太,1,22,52,1,0,0.13,7.16,58.54,71.95,6.31,44.17,61.67,30.95,47.62,34.09,50
2026-04-04,9,4,2026-04-04 12:08:00,2,津ダイヤモンドカップ,1,4659,木下 翔太,1,34,53,0,0,0.14,6.77,43.75,66.96,6.42,34.62,65.38,34.09,50,37.93,48.28
2026-04-04,9,4,2026-04-04 12:08:00,2,津ダイヤモンドカップ,2,3783,瓜生 正義,1,50,52.5,0,0,0.15,6.41,34.95,58.25,0,0,0,33.33,36.11,31.58,42.11
2026-04-04,9,4,2026-04-04 12:08:00,2,津ダイヤモンドカップ,3,4290,稲田 浩二,1,41,52,0,0,0.13,6.89,48.45,64.95,6.21,42.11,47.37,46.43,82.14,50,56.67
2026-04-04,9,4,2026-04-04 12:08:00,2,津ダイヤモンドカップ,4,4428,有賀 達也,1,40,52,1,0,0.14,6.41,48,65,6.15,40.74,62.96,48.72,79.49,28.13,53.13
2026-04-04,9,4,2026-04-04 12:08:00,2,津ダイヤモンドカップ,5,4757,山田 祐也,1,36,52.1,0,0,0.13,7.11,50.42,72.27,6.39,42.11,57.89,45.24,54.76,42.42,57.58
2026-04-04,9,4,2026-04-04 12:08:00,2,津ダイヤモンドカップ,6,4324,海野 康志郎,1,38,56.9,0,0,0.14,7.44,56.2,69.42,6.7,55.56,59.26,25,52.78,38.64,63.64
2026-04-04,9,5,2026-04-04 12:38:00,2,津ダイヤモンドカップ,1,4528,黒井 達矢,1,37,52,1,0,0.15,6.58,47.37,69.47,6.71,52.94,52.94,36.36,54.55,35.14,40.54
2026-04-04,9,5,2026-04-04 12:38:00,2,津ダイヤモンドカップ,2,4960,黒野 元基,1,29,52,0,0,0.14,7.96,75,83.65,6.51,45.71,60,35.14,48.65,27.59,55.17
2026-04-04,9,5,2026-04-04 12:38:00,2,津ダイヤモンドカップ,3,4361,柳生 泰二,1,41,51.5,0,0,0.15,7.24,52.44,70.73,7.19,51.85,74.07,44.12,52.94,48.78,68.29
2026-04-04,9,5,2026-04-04 12:38:00,2,津ダイヤモンドカップ,4,4472,尾嶋 一広,1,38,53.9,0,0,0.16,6.32,43.61,64.66,5.44,44.44,55.56,50,58.82,30.23,46.51
2026-04-04,9,5,2026-04-04 12:38:00,2,津ダイヤモンドカップ,5,4344,新田 雄史,1,41,52,0,0,0.12,7.5,46.94,69.39,7.89,66,81,26.67,42.22,45,62.5
2026-04-04,9,5,2026-04-04 12:38:00,2,津ダイヤモンドカップ,6,5043,中村 日向,1,27,52.4,0,0,0.13,6.3,39.22,54.9,8.9,80,90,41.67,75,25.58,44.19
2026-04-04,9,6,2026-04-04 13:09:00,2,津ダイヤモンドカップ,1,4084,杉山 正樹,1,46,52,0,0,0.16,6.73,49.57,63.48,5.92,38.46,57.69,60,76,25,37.5
2026-04-04,9,6,2026-04-04 13:09:00,2,津ダイヤモンドカップ,2,4418,茅原 悠紀,1,38,53.2,1,0,0.12,8.49,57.14,80.22,8.04,48,80,20.51,30.77,39.39,57.58
2026-04-04,9,6,2026-04-04 13:09:00,2,津ダイヤモンドカップ,3,4061,萩原 秀人,1,46,52.8,0,0,0.13,6.95,48.89,71.11,7.34,54.29,68.57,22.22,40.74,63.64,72.73
2026-04-04,9,6,2026-04-04 13:09:00,2,津ダイヤモンドカップ,4,4543,重木 輝彦,1,38,52,0,0,0.17,6.74,49.48,70.1,6.93,57.14,78.57,25.71,42.86,23.53,47.06
2026-04-04,9,6,2026-04-04 13:09:00,2,津ダイヤモンドカップ,5,4532,秋元 哲,1,37,51.5,0,0,0.13,7.28,60.83,73.33,6.15,29.41,55.88,45,55,38.24,58.82
2026-04-04,9,6,2026-04-04 13:09:00,2,津ダイヤモンドカップ,6,5034,若林 義人,1,28,53.9,0,0,0.14,6.41,51.15,61.07,6.41,48.28,68.97,39.53,62.79,24.24,36.36
2026-04-04,9,7,2026-04-04 13:41:00,2,津ダイヤモンドカップ,1,4908,上田 龍星,1,30,52,1,0,0.14,7,48.89,65.56,8.05,72.73,81.82,29.41,52.94,33.33,43.33
2026-04-04,9,7,2026-04-04 13:41:00,2,津ダイヤモンドカップ,2,4586,磯部 誠,1,35,52.5,0,0,0.12,7.04,50.54,60.22,7.75,50,78.13,54.17,79.17,47.06,64.71
2026-04-04,9,7,2026-04-04 13:41:00,2,津ダイヤモンドカップ,3,5256,中山 翔太,1,22,52,1,0,0.13,7.16,58.54,71.95,6.31,44.17,61.67,30.95,47.62,34.09,50
2026-04-04,9,7,2026-04-04 13:41:00,2,津ダイヤモンドカップ,4,5051,松本 純平,1,31,52.5,0,0,0.16,6.68,47,71,6.73,40,66.67,65.52,75.86,26.47,47.06
2026-04-04,9,7,2026-04-04 13:41:00,2,津ダイヤモンドカップ,5,4566,塩田 北斗,1,38,52.9,0,0,0.14,6.31,32.98,52.13,8.56,71.88,84.38,35.14,48.65,24.14,41.38
2026-04-04,9,7,2026-04-04 13:41:00,2,津ダイヤモンドカップ,6,4477,篠崎 仁志,1,38,55,0,0,0.13,7.22,50,69.23,5.33,16.67,50,48.15,66.67,44.12,52.94
2026-04-04,9,8,2026-04-04 14:14:00,2,津ダイヤモンドカップ,1,4757,山田 祐也,1,36,52.1,0,0,0.13,7.11,50.42,72.27,6.39,42.11,57.89,45.24,54.76,42.42,57.58
2026-04-04,9,8,2026-04-04 14:14:00,2,津ダイヤモンドカップ,2,3960,菊地 孝平,1,47,54.3,0,0,0.11,6.78,46,58,7.1,52.38,66.67,40,60,26.67,40
2026-04-04,9,8,2026-04-04 14:14:00,2,津ダイヤモンドカップ,3,4963,實森 美祐,1,29,45.5,0,0,0.15,6.68,52.87,65.52,6.2,55,60,48.48,63.64,44.44,61.11
2026-04-04,9,8,2026-04-04 14:14:00,2,津ダイヤモンドカップ,4,4824,松井 洪弥,1,33,52,0,0,0.12,6.51,50,62.26,6.41,47.62,61.9,30.56,47.22,51.35,64.86
2026-04-04,9,8,2026-04-04 14:14:00,2,津ダイヤモンドカップ,5,5084,末永 和也,1,27,52,0,0,0.13,7.29,45.71,63.81,8.14,53.57,75,18.75,34.38,31.43,57.14
2026-04-04,9,8,2026-04-04 14:14:00,2,津ダイヤモンドカップ,6,5224,西岡 顕心,1,24,52,0,0,0.15,7.05,48.62,71.56,5.91,36.36,72.73,44.44,70.37,26.92,50
2026-04-04,9,9,2026-04-04 14:47:00,2,津ダイヤモンドカップ,1,4544,松田 大志郎,1,38,52.3,0,0,0.16,7.69,65.38,81.54,8.4,68,80,31.58,52.63,23.08,30.77
2026-04-04,9,9,2026-04-04 14:47:00,2,津ダイヤモンドカップ,2,4472,尾嶋 一広,1,38,53.9,0,0,0.16,6.32,43.61,64.66,5.44,44.44,55.56,50,58.82,30.23,46.51
2026-04-04,9,9,2026-04-04 14:47:00,2,津ダイヤモンドカップ,3,4939,宮之原 輝紀,1,28,52,0,0,0.14,6.86,51.02,62.24,7.8,64,80,53.13,68.75,48.65,67.57
2026-04-04,9,9,2026-04-04 14:47:00,2,津ダイヤモンドカップ,4,4524,深谷 知博,1,38,52,0,0,0.12,6.86,40.71,55.75,6.97,35.48,67.74,38.89,63.89,57.89,68.42
2026-04-04,9,9,2026-04-04 14:47:00,2,津ダイヤモンドカップ,5,3783,瓜生 正義,1,50,52.5,0,0,0.15,6.41,34.95,58.25,0,0,0,33.33,36.11,31.58,42.11
2026-04-04,9,9,2026-04-04 14:47:00,2,津ダイヤモンドカップ,6,4804,高田 ひかる,1,31,46.5,1,0,0.17,6.79,52.5,68.33,6.43,48.39,64.52,43.75,56.25,25.93,44.44
2026-04-04,9,10,2026-04-04 15:22:00,2,津ダイヤモンドカップ,1,3590,濱野谷 憲吾,1,52,54.4,0,0,0.14,6.77,46.67,64.76,7.66,62.5,78.13,25,38.89,28.21,43.59
2026-04-04,9,10,2026-04-04 15:22:00,2,津ダイヤモンドカップ,2,4428,有賀 達也,1,40,52,1,0,0.14,6.41,48,65,6.15,40.74,62.96,48.72,79.49,28.13,53.13
2026-04-04,9,10,2026-04-04 15:22:00,2,津ダイヤモンドカップ,3,4024,井口 佳典,1,48,52.3,1,0,0.14,6.61,34.04,58.51,7.71,64.04,78.65,28.95,42.11,59.38,84.38
2026-04-04,9,10,2026-04-04 15:22:00,2,津ダイヤモンドカップ,4,4961,西橋 奈未,1,29,47,0,0,0.15,6.14,39.13,58.7,6.32,46.43,71.43,35.29,58.82,30.95,45.24
2026-04-04,9,10,2026-04-04 15:22:00,2,津ダイヤモンドカップ,5,4960,黒野 元基,1,29,52,0,0,0.14,7.96,75,83.65,6.51,45.71,60,35.14,48.65,27.59,55.17
2026-04-04,9,10,2026-04-04 15:22:00,2,津ダイヤモンドカップ,6,4445,宮地 元輝,1,39,53.7,0,0,0.11,6.85,36.36,55.45,7.36,48,64,33.33,50,25.81,54.84
2026-04-04,9,11,2026-04-04 15:57:00,2,津ダイヤモンドカップ,1,4013,中島 孝平,1,46,51.5,0,0,0.13,7.17,44.76,64.76,6.82,50,64.71,17.65,41.18,44.12,61.76
2026-04-04,9,11,2026-04-04 15:57:00,2,津ダイヤモンドカップ,2,4596,葛原 大陽,1,42,52,0,0,0.14,5.9,39.8,61.22,5.76,47.62,52.38,31.25,37.5,29.41,44.12
2026-04-04,9,11,2026-04-04 15:57:00,2,津ダイヤモンドカップ,3,4344,新田 雄史,1,41,52.2,0,0,0.12,7.5,46.94,69.39,7.89,66,81,26.67,42.22,45,62.5
2026-04-04,9,11,2026-04-04 15:57:00,2,津ダイヤモンドカップ,4,4932,新開 航,1,30,52.5,0,0,0.15,7.57,52.43,77.67,6.4,53.33,60,32.26,54.84,39.29,64.29
2026-04-04,9,11,2026-04-04 15:57:00,2,津ダイヤモンドカップ,5,4886,入海 馨,1,30,53,1,0,0.14,6.13,31.25,55.21,7.25,56.25,75,31.25,46.88,41.46,58.54
2026-04-04,9,11,2026-04-04 15:57:00,2,津ダイヤモンドカップ,6,4483,北野 輝季,1,37,52.9,0,0,0.14,7.13,53.41,70.45,6.67,46.67,63.33,54.84,61.29,33.33,40.74
2026-04-04,9,12,2026-04-04 16:35:00,2,津ダイヤモンドカップ,1,4371,西山 貴浩,1,38,52.2,0,0,0.13,6.95,39.29,53.57,4.24,9.52,19.05,43.48,65.22,30.77,53.85
2026-04-04,9,12,2026-04-04 16:35:00,2,津ダイヤモンドカップ,2,4266,長田 頼宗,1,40,52,0,0,0.14,6.31,40,55.24,7.17,55.17,72.41,33.33,57.58,23.53,35.29
2026-04-04,9,12,2026-04-04 16:35:00,2,津ダイヤモンドカップ,3,4418,茅原 悠紀,1,38,53.2,1,0,0.12,8.49,57.14,80.22,8.04,48,80,20.51,30.77,39.39,57.58
2026-04-04,9,12,2026-04-04 16:35:00,2,津ダイヤモンドカップ,4,4856,豊田 健士郎,1,30,52.2,0,0,0.14,6.84,46.49,64.91,7.48,63.04,73.91,34.15,53.66,44.74,55.26
2026-04-04,9,12,2026-04-04 16:35:00,2,津ダイヤモンドカップ,5,4500,山田 康二,1,38,53.1,0,0,0.12,7.17,46.96,66.09,8,44.44,55.56,50,65,25,40
2026-04-04,9,12,2026-04-04 16:35:00,2,津ダイヤモンドカップ,6,4290,稲田 浩二,1,41,52,0,0,0.13,6.89,48.45,64.95,6.21,42.11,47.37,46.43,82.14,50,56.67
2026-04-04,12,1,2026-04-04 15:14:00,2,太閤賞競走開設70周年記念,1,5267,石本 裕武,1,25,52,0,0,0.15,6.41,44.88,63.78,6.31,47.55,62.24,14.29,28.57,0,0
2026-04-04,12,1,2026-04-04 15:14:00,2,太閤賞競走開設70周年記念,2,4547,中田 竜太,1,37,52,0,0,0.15,6.76,43.88,64.29,7.92,50,76.92,0,57.14,0,0
2026-04-04,12,1,2026-04-04 15:14:00,2,太閤賞競走開設70周年記念,3,4715,村上 遼,1,33,52,2,0,0.12,6.47,43,73,5.53,38.24,47.06,55.56,88.89,0,0
2026-04-04,12,1,2026-04-04 15:14:00,2,太閤賞競走開設70周年記念,4,3556,田中 信一郎,1,53,53.4,0,0,0.14,6.74,50,69.79,5.96,38.46,52.99,14.29,14.29,28.57,57.14
2026-04-04,12,1,2026-04-04 15:14:00,2,太閤賞競走開設70周年記念,5,4362,土屋 智則,1,41,52.4,0,0,0.13,6.67,45.45,71.21,6.8,40,60,44.44,44.44,28.57,42.86
2026-04-04,12,1,2026-04-04 15:14:00,2,太閤賞競走開設70周年記念,6,4364,池永 太,1,41,52,0,0,0.14,6.58,48.51,64.36,6.94,35.29,52.94,33.33,33.33,44.44,77.78
2026-04-04,12,2,2026-04-04 15:42:00,2,太閤賞競走開設70周年記念,1,3557,太田 和美,1,53,53.3,0,0,0.15,6.81,50,68.94,6.79,48.61,64.58,44.44,66.67,0,0
2026-04-04,12,2,2026-04-04 15:42:00,2,太閤賞競走開設70周年記念,2,4933,板橋 侑我,1,29,52.5,1,0,0.13,6.33,41.11,61.11,7.17,55.56,77.78,44.44,77.78,0,0
2026-04-04,12,2,2026-04-04 15:42:00,2,太閤賞競走開設70周年記念,3,4772,石丸 海渡,1,32,54.5,0,0,0.11,6.46,50,66.67,3.5,25,25,14.29,42.86,0,0
2026-04-04,12,2,2026-04-04 15:42:00,2,太閤賞競走開設70周年記念,4,4734,安河内 将,1,36,51.5,0,0,0.15,7.36,58.88,73.83,6.5,53.33,70,28.57,42.86,0,0
2026-04-04,12,2,2026-04-04 15:42:00,2,太閤賞競走開設70周年記念,5,4851,関 浩哉,1,31,49.5,0,0,0.14,7.57,52.22,68.89,7.2,36.67,63.33,28.57,28.57,75,75
2026-04-04,12,2,2026-04-04 15:42:00,2,太閤賞競走開設70周年記念,6,3854,吉川 元浩,1,53,51.5,1,0,0.13,6.37,40.7,59.3,6.59,43.48,52.17,0,0,50,62.5
2026-04-04,12,3,2026-04-04 16:16:00,2,太閤賞競走開設70周年記念,1,4342,谷野 錬志,1,41,52.2,1,0,0.14,6.31,49.02,60.78,6.6,46.67,66.67,0,0,0,0
2026-04-04,12,3,2026-04-04 16:16:00,2,太閤賞競走開設70周年記念,2,4832,権藤 俊光,1,39,52,0,0,0.15,7.11,49.54,69.72,7.2,57.78,76.67,33.33,55.56,50,50
2026-04-04,12,3,2026-04-04 16:16:00,2,太閤賞競走開設70周年記念,3,5112,砂長 知輝,1,26,52,0,0,0.14,7.03,52.5,70,6.47,50,63.33,44.44,44.44,0,0
2026-04-04,12,3,2026-04-04 16:16:00,2,太閤賞競走開設70周年記念,4,4604,岩瀬 裕亮,1,37,52.3,0,0,0.15,6.92,45.05,65.77,6.46,42.31,57.69,37.5,37.5,0,0
2026-04-04,12,3,2026-04-04 16:16:00,2,太閤賞競走開設70周年記念,5,4713,白神 優,1,35,52.8,0,0,0.13,6.91,51.11,74.07,6.67,42.31,71.15,0,42.86,50,62.5
2026-04-04,12,3,2026-04-04 16:16:00,2,太閤賞競走開設70周年記念,6,3415,松井 繁,1,56,51.5,0,0,0.14,6.89,35.29,61.76,7.14,50,71.82,50,62.5,0,0
2026-04-04,12,4,2026-04-04 16:50:00,2,太閤賞競走開設70周年記念,1,5221,竹間 隆晟,1,25,52.2,0,0,0.15,6.36,46.27,63.43,5.68,38.46,55.56,0,0,0,0
2026-04-04,12,4,2026-04-04 16:50:00,2,太閤賞競走開設70周年記念,2,4236,松村 敏,1,42,52.3,0,0,0.11,7.16,53.54,81.1,4.7,30,30,42.86,42.86,0,0
2026-04-04,12,4,2026-04-04 16:50:00,2,太閤賞競走開設70周年記念,3,4719,上條 暢嵩,1,32,52,0,0,0.13,7.24,44.44,62.96,7.75,61.33,74.67,0,42.86,55.56,88.89
2026-04-04,12,4,2026-04-04 16:50:00,2,太閤賞競走開設70周年記念,4,4261,岡 祐臣,1,42,54.8,0,0,0.16,6.18,40.87,64.35,5.21,25.64,48.72,14.29,42.86,14.29,42.86
2026-04-04,12,4,2026-04-04 16:50:00,2,太閤賞競走開設70周年記念,5,4537,渡邉 和将,1,36,51.5,0,0,0.14,6.75,49.51,64.08,6,31.25,43.75,25,50,14.29,14.29
2026-04-04,12,4,2026-04-04 16:50:00,2,太閤賞競走開設70周年記念,6,4743,木村 仁紀,1,33,53.8,0,0,0.15,6.66,45.38,73.85,6.68,45.95,62.16,0,0,0,0
2026-04-04,12,5,2026-04-04 17:18:00,2,太閤賞競走開設70周年記念,1,4959,井上 忠政,1,30,52,0,0,0.15,6.73,46.43,60.71,6.49,45.65,64.49,50,75,0,0
2026-04-04,12,5,2026-04-04 17:18:00,2,太閤賞競走開設70周年記念,2,3942,寺田 祥,1,47,54,0,0,0.15,6.88,49.5,66.34,7.12,32,56,62.5,75,57.14,57.14
2026-04-04,12,5,2026-04-04 17:18:00,2,太閤賞競走開設70周年記念,3,4907,小池 修平,1,30,52,0,0,0.13,6.9,52.22,64.44,6.67,51.3,68.7,44.44,77.78,33.33,33.33
2026-04-04,12,5,2026-04-04 17:18:00,2,太閤賞競走開設70周年記念,4,3779,原田 幸哉,1,50,52,0,0,0.1,6.46,36.67,47.78,6.83,32.5,52.5,0,0,62.5,62.5
2026-04-04,12,5,2026-04-04 17:18:00,2,太閤賞競走開設70周年記念,5,4759,今泉 友吾,1,36,52,0,0,0.15,6.73,43.84,63.01,7.03,48.28,79.31,25,37.5,25,37.5
2026-04-04,12,5,2026-04-04 17:18:00,2,太閤賞競走開設70周年記念,6,4914,吉田 裕平,1,29,52,0,0,0.11,6.74,42.71,55.21,7,34.38,53.13,50,62.5,37.5,37.5
2026-04-04,12,6,2026-04-04 17:46:00,2,太閤賞競走開設70周年記念,1,4772,石丸 海渡,1,32,54.5,0,0,0.11,6.46,50,66.67,3.5,25,25,14.29,42.86,0,0
2026-04-04,12,6,2026-04-04 17:46:00,2,太閤賞競走開設70周年記念,2,4297,山田 哲也,1,43,52,0,0,0.12,6.72,51.85,67.59,5.68,28,52,28.57,57.14,62.5,75
2026-04-04,12,6,2026-04-04 17:46:00,2,太閤賞競走開設70周年記念,3,4019,笠原 亮,1,46,52.3,0,0,0.16,6.91,48.57,65.71,6.22,33.33,72.22,12.5,25,25,50
2026-04-04,12,6,2026-04-04 17:46:00,2,太閤賞競走開設70周年記念,4,4320,峰 竜太,1,41,52,0,0,0.14,8.08,51.09,78.26,7.11,37.04,48.15,37.5,62.5,44.44,66.67
2026-04-04,12,6,2026-04-04 17:46:00,2,太閤賞競走開設70周年記念,5,4364,池永 太,1,41,52,0,0,0.14,6.58,48.51,64.36,6.94,35.29,52.94,33.33,33.33,44.44,77.78
2026-04-04,12,6,2026-04-04 17:46:00,2,太閤賞競走開設70周年記念,6,4760,山崎 郡,1,36,52,0,0,0.14,7.4,53.91,71.09,7.06,49.28,64.49,0,28.57,44.44,44.44
2026-04-04,12,7,2026-04-04 18:14:00,2,太閤賞競走開設70周年記念,1,4850,野中 一平,1,31,52,0,0,0.12,6.3,40.95,62.86,6.45,47.5,65,62.5,75,0,0
2026-04-04,12,7,2026-04-04 18:14:00,2,太閤賞競走開設70周年記念,2,4262,馬場 貴也,1,42,52.8,0,0,0.14,6.92,43.27,60.58,8.22,58.54,68.29,75,75,75,75
2026-04-04,12,7,2026-04-04 18:14:00,2,太閤賞競走開設70周年記念,3,5267,石本 裕武,1,25,52,0,0,0.15,6.41,44.88,63.78,6.31,47.55,62.24,14.29,28.57,0,0
2026-04-04,12,7,2026-04-04 18:14:00,2,太閤賞競走開設70周年記念,4,3557,太田 和美,1,53,53.3,0,0,0.15,6.81,50,68.94,6.79,48.61,64.58,44.44,66.67,0,0
2026-04-04,12,7,2026-04-04 18:14:00,2,太閤賞競走開設70周年記念,5,4754,松尾 充,1,37,51.5,0,0,0.15,6.05,45.31,51.56,7.33,66.67,66.67,28.57,57.14,28.57,57.14
2026-04-04,12,7,2026-04-04 18:14:00,2,太閤賞競走開設70周年記念,6,4305,金子 拓矢,1,42,52.5,1,0,0.15,7.72,65.66,83.84,7.32,61.29,74.19,0,0,33.33,55.56
2026-04-04,12,8,2026-04-04 18:42:00,2,太閤賞競走開設70周年記念,1,4030,森高 一真,1,47,50,0,0,0.14,6.44,32.74,53.98,7.28,46.88,68.75,75,75,50,75
2026-04-04,12,8,2026-04-04 18:42:00,2,太閤賞競走開設70周年記念,2,4734,安河内 将,1,36,51.5,0,0,0.15,7.36,58.88,73.83,6.5,53.33,70,28.57,42.86,0,0
2026-04-04,12,8,2026-04-04 18:42:00,2,太閤賞競走開設70周年記念,3,4762,藤原 啓史朗,1,36,51.5,0,0,0.12,6.63,40.63,62.5,6.34,34.29,51.43,62.5,62.5,37.5,37.5
2026-04-04,12,8,2026-04-04 18:42:00,2,太閤賞競走開設70周年記念,4,3415,松井 繁,1,56,51.5,0,0,0.14,6.89,35.29,61.76,7.14,50,71.82,50,62.5,0,0
2026-04-04,12,8,2026-04-04 18:42:00,2,太閤賞競走開設70周年記念,5,4715,村上 遼,1,33,52,2,0,0.12,6.47,43,73,5.53,38.24,47.06,55.56,88.89,0,0
2026-04-04,12,8,2026-04-04 18:42:00,2,太閤賞競走開設70周年記念,6,4044,湯川 浩司,1,46,52,0,0,0.13,7.19,50.44,69.03,6.61,47.71,59.63,50,50,44.44,77.78
2026-04-04,12,9,2026-04-04 19:11:00,2,太閤賞競走開設70周年記念,1,4166,吉田 拡郎,1,43,53,0,0,0.12,6.87,45.19,61.54,6.62,42.86,54.76,16.67,66.67,0,0
2026-04-04,12,9,2026-04-04 19:11:00,2,太閤賞競走開設70周年記念,2,4851,関 浩哉,1,31,49.5,0,0,0.14,7.57,52.22,68.89,7.2,36.67,63.33,28.57,28.57,75,75
2026-04-04,12,9,2026-04-04 19:11:00,2,太閤賞競走開設70周年記念,3,3556,田中 信一郎,1,53,53.4,0,0,0.14,6.74,50,69.79,5.96,38.46,52.99,14.29,14.29,28.57,57.14
2026-04-04,12,9,2026-04-04 19:11:00,2,太閤賞競走開設70周年記念,4,4446,和田 兼輔,1,39,52,0,0,0.13,7.18,57.6,73.6,6.9,52.08,70.83,28.57,42.86,0,0
2026-04-04,12,9,2026-04-04 19:11:00,2,太閤賞競走開設70周年記念,5,3942,寺田 祥,1,47,54,0,0,0.15,6.88,49.5,66.34,7.12,32,56,62.5,75,57.14,57.14
2026-04-04,12,9,2026-04-04 19:11:00,2,太閤賞競走開設70周年記念,6,4826,井上 一輝,1,31,52,1,0,0.13,6.84,50,66.95,6.7,42.45,73.58,25,50,0,0
2026-04-04,12,10,2026-04-04 19:41:00,2,太閤賞競走開設70周年記念,1,3779,原田 幸哉,1,50,52,0,0,0.1,6.46,36.67,47.78,6.83,32.5,52.5,0,0,62.5,62.5
2026-04-04,12,10,2026-04-04 19:41:00,2,太閤賞競走開設70周年記念,2,4075,中野 次郎,1,44,54.1,0,0,0.13,6.56,44.95,65.14,5.72,33.33,44.44,57.14,57.14,55.56,88.89
2026-04-04,12,10,2026-04-04 19:41:00,2,太閤賞競走開設70周年記念,3,4743,木村 仁紀,1,33,53.8,0,0,0.15,6.66,45.38,73.85,6.68,45.95,62.16,0,0,0,0
2026-04-04,12,10,2026-04-04 19:41:00,2,太閤賞競走開設70周年記念,4,4547,中田 竜太,1,37,52,0,0,0.15,6.76,43.88,64.29,7.92,50,76.92,0,57.14,0,0
2026-04-04,12,10,2026-04-04 19:41:00,2,太閤賞競走開設70周年記念,5,4320,峰 竜太,1,41,52,0,0,0.14,8.08,51.09,78.26,7.11,37.04,48.15,37.5,62.5,44.44,66.67
2026-04-04,12,10,2026-04-04 19:41:00,2,太閤賞競走開設70周年記念,6,4832,権藤 俊光,1,39,52,0,0,0.15,7.11,49.54,69.72,7.2,57.78,76.67,33.33,55.56,50,50
2026-04-04,12,11,2026-04-04 20:12:00,2,太閤賞競走開設70周年記念,1,4719,上條 暢嵩,1,32,52,0,0,0.13,7.24,44.44,62.96,7.75,61.33,74.67,0,42.86,55.56,88.89
2026-04-04,12,11,2026-04-04 20:12:00,2,太閤賞競走開設70周年記念,2,4362,土屋 智則,1,41,52.4,0,0,0.13,6.67,45.45,71.21,6.8,40,60,44.44,44.44,28.57,42.86
2026-04-04,12,11,2026-04-04 20:12:00,2,太閤賞競走開設70周年記念,3,4759,今泉 友吾,1,36,52,0,0,0.15,6.73,43.84,63.01,7.03,48.28,79.31,25,37.5,25,37.5
2026-04-04,12,11,2026-04-04 20:12:00,2,太閤賞競走開設70周年記念,4,4713,白神 優,1,35,52.8,0,0,0.13,6.91,51.11,74.07,6.67,42.31,71.15,0,42.86,50,62.5
2026-04-04,12,11,2026-04-04 20:12:00,2,太閤賞競走開設70周年記念,5,4019,笠原 亮,1,46,52.3,0,0,0.16,6.91,48.57,65.71,6.22,33.33,72.22,12.5,25,25,50
2026-04-04,12,11,2026-04-04 20:12:00,2,太閤賞競走開設70周年記念,6,4262,馬場 貴也,1,42,52.8,0,0,0.14,6.92,43.27,60.58,8.22,58.54,68.29,75,75,75,75
2026-04-04,12,12,2026-04-04 20:45:00,2,太閤賞競走開設70周年記念,1,4444,桐生 順平,1,39,52,0,0,0.14,7.35,46.24,66.67,8.95,70,85,37.5,62.5,62.5,75
2026-04-04,12,12,2026-04-04 20:45:00,2,太閤賞競走開設70周年記念,2,3897,白井 英治,1,49,52.9,0,0,0.13,7.18,42.11,67.37,6.12,15.15,42.42,0,0,37.5,62.5
2026-04-04,12,12,2026-04-04 20:45:00,2,太閤賞競走開設70周年記念,3,4337,平本 真之,1,41,52.4,0,0,0.13,7.35,48.91,68.48,5.63,18.75,34.38,55.56,88.89,0,0
2026-04-04,12,12,2026-04-04 20:45:00,2,太閤賞競走開設70周年記念,4,4168,石野 貴之,1,43,52.1,0,0,0.13,6.47,45.37,58.33,6.62,48,62.4,14.29,14.29,42.86,42.86
2026-04-04,12,12,2026-04-04 20:45:00,2,太閤賞競走開設70周年記念,5,4573,佐藤 翼,1,37,52.1,0,0,0.13,7.21,44.44,65.74,6.64,38.1,45.24,0,0,44.44,44.44
2026-04-04,12,12,2026-04-04 20:45:00,2,太閤賞競走開設70周年記念,6,5121,定松 勇樹,1,24,52,0,0,0.14,8,63.11,76.23,6.81,37.5,56.25,37.5,37.5,0,0
2026-04-04,15,1,2026-04-04 15:19:00,5,日本トーター杯,1,4894,原村 拓也,3,35,52,0,0,0.22,4.86,25.96,50.96,5,25.51,51.02,40.8,59.2,29.38,40.63
2026-04-04,15,1,2026-04-04 15:19:00,5,日本トーター杯,2,3981,今坂 晃広,3,48,54.1,0,0,0.2,4.28,19.79,34.38,4.27,20,36.67,34.75,44.07,35,51.67
2026-04-04,15,1,2026-04-04 15:19:00,5,日本トーター杯,3,4420,津久井 拓也,2,38,52.5,0,0,0.16,5.79,37.78,60,0,0,0,35.59,48.31,29.3,47.13
2026-04-04,15,1,2026-04-04 15:19:00,5,日本トーター杯,4,3107,平岡 重典,3,62,52,0,0,0.16,4.3,17.39,34.78,5.71,28.57,57.14,26.05,43.7,33.11,52.03
2026-04-04,15,1,2026-04-04 15:19:00,5,日本トーター杯,5,4552,杉山 勝匡,3,37,51.5,0,0,0.15,5.36,36.28,53.98,5.57,42.86,42.86,38.14,57.63,29.22,51.95
2026-04-04,15,1,2026-04-04 15:19:00,5,日本トーター杯,6,5406,小畑 楓夏,4,21,49.5,0,0,0.24,1.31,0,2.67,0,0,0,26.89,47.9,31.82,52.6
2026-04-04,15,2,2026-04-04 15:48:00,5,日本トーター杯,1,3454,井川 大作,3,55,55.1,0,0,0.15,5.51,37.36,54.95,4.35,23.53,29.41,33.86,53.54,40.85,60.37
2026-04-04,15,2,2026-04-04 15:48:00,5,日本トーター杯,2,4694,高田 綾,3,41,45.5,1,0,0.18,4.48,23.88,46.27,6.25,37.5,50,35.48,51.61,39.49,55.41
2026-04-04,15,2,2026-04-04 15:48:00,5,日本トーター杯,3,3459,中野 和裕,3,59,54,1,0,0.17,3.53,10.13,25.32,0,0,0,43.65,60.32,35.71,48.05
2026-04-04,15,2,2026-04-04 15:48:00,5,日本トーター杯,4,4349,犬童 千秋,3,40,48.6,0,0,0.14,4.31,23.94,36.62,6,45.45,63.64,28.46,46.34,28.48,46.84
2026-04-04,15,2,2026-04-04 15:48:00,5,日本トーター杯,5,5418,堀内 亜海,4,20,53.3,0,0,0.22,1.2,0,0,0,0,0,19.53,34.38,30.72,46.41
2026-04-04,15,2,2026-04-04 15:48:00,5,日本トーター杯,6,4015,前野 竜一,2,46,58.3,0,0,0.16,6.28,43.31,64.57,4.72,20,48,23.14,35.54,40.91,55.84
2026-04-04,15,3,2026-04-04 16:13:00,5,日本トーター杯,1,4747,山戸 信二,3,40,51,1,0,0.17,3.94,23.33,30,3,0,14.29,45.24,60.32,32.68,49.67
2026-04-04,15,3,2026-04-04 16:13:00,5,日本トーター杯,2,3947,寺本 昇平,3,50,50,0,0,0.17,4.3,17.17,39.39,3.78,0,22.22,40.48,62.7,28.03,38.85
2026-04-04,15,3,2026-04-04 16:13:00,5,日本トーター杯,3,4060,島田 一生,3,46,55,1,0,0.17,5.23,37.63,53.76,5,33.33,55.56,28.81,44.92,35.95,51.63
2026-04-04,15,3,2026-04-04 16:13:00,5,日本トーター杯,4,5352,西岡 蒼志,3,21,53.9,0,0,0.15,4.52,25.61,36.59,2.69,6.56,16.39,28.13,42.19,33.33,45.51
2026-04-04,15,3,2026-04-04 16:13:00,5,日本トーター杯,5,4383,竹田 吉行,2,40,52,0,0,0.16,5.82,35.58,59.62,6.04,42.31,61.54,32.5,59.17,25.95,50
2026-04-04,15,3,2026-04-04 16:13:00,5,日本トーター杯,6,5311,小林 京平,3,28,52,1,0,0.17,5.13,29,51,3.27,9.09,18.18,35.34,48.28,35.71,55.19
2026-04-04,15,4,2026-04-04 16:42:00,5,日本トーター杯,1,4209,藤田 竜弘,3,43,57.2,0,0,0.17,5.36,30.36,52.68,4.94,5.88,58.82,36.29,54.84,37.27,53.42
2026-04-04,15,4,2026-04-04 16:42:00,5,日本トーター杯,2,4204,柴田 大輔,3,43,52,0,0,0.2,5.25,35.05,51.55,4.5,14.29,42.86,25.41,42.62,26,40.67
2026-04-04,15,4,2026-04-04 16:42:00,5,日本トーター杯,3,5199,垂水 悠,3,24,54.8,0,0,0.14,5.11,26.25,50,5.73,53.33,60,33.06,51.24,22.93,38.22
2026-04-04,15,4,2026-04-04 16:42:00,5,日本トーター杯,4,5148,松本 怜,3,32,46,0,0,0.19,5.08,29.23,46.15,4.36,14.29,50,51.61,67.74,30.97,50.97
2026-04-04,15,4,2026-04-04 16:42:00,5,日本トーター杯,5,4298,宮下 元胤,1,43,52.4,0,0,0.17,6.41,45.05,69.37,6.63,36.84,84.21,30,45.83,43.04,58.23
2026-04-04,15,4,2026-04-04 16:42:00,5,日本トーター杯,6,4097,貫地谷 直人,3,44,56.6,0,0,0.2,3.81,12.66,31.65,3.1,3.23,19.35,27.42,42.74,31.65,52.53
2026-04-04,15,5,2026-04-04 17:08:00,5,日本トーター杯,1,4214,林 祐介,2,41,55.5,0,0,0.17,5.29,34.78,53.26,5.31,38.46,48.72,27.91,41.09,20.92,38.56
2026-04-04,15,5,2026-04-04 17:08:00,5,日本トーター杯,2,4000,松本 博昭,2,49,55.4,0,0,0.17,6.11,41.98,61.83,6,14.29,71.43,22.88,42.37,36.88,51.25
2026-04-04,15,5,2026-04-04 17:08:00,5,日本トーター杯,3,3981,今坂 晃広,3,48,54.1,0,0,0.2,4.28,19.79,34.38,4.27,20,36.67,34.75,44.07,35,51.67
2026-04-04,15,5,2026-04-04 17:08:00,5,日本トーター杯,4,4199,北川 潤二,2,43,55.7,0,0,0.14,6.56,48,68.67,7.36,68,80,25.2,39.37,27.63,46.71
2026-04-04,15,5,2026-04-04 17:08:00,5,日本トーター杯,5,5406,小畑 楓夏,4,21,49.5,0,0,0.24,1.31,0,2.67,0,0,0,26.89,47.9,31.82,52.6
2026-04-04,15,5,2026-04-04 17:08:00,5,日本トーター杯,6,4692,酒井 俊弘,3,42,53.3,0,0,0.15,5.45,40.86,51.61,5.11,33.33,44.44,21.49,33.88,39.13,57.14
2026-04-04,15,6,2026-04-04 17:36:00,5,日本トーター杯,1,4348,宮崎 奨,2,40,53.2,0,0,0.16,6.04,37.5,63.39,6.13,39.81,61.17,28.23,37.9,39.61,51.95
2026-04-04,15,6,2026-04-04 17:36:00,5,日本トーター杯,2,3470,新田 芳美,3,56,47,0,0,0.17,4.99,29.76,48.81,5.85,33.33,51.85,41.27,55.56,40.24,56.1
2026-04-04,15,6,2026-04-04 17:36:00,5,日本トーター杯,3,3107,平岡 重典,3,62,52,0,0,0.16,4.3,17.39,34.78,5.71,28.57,57.14,26.05,43.7,33.11,52.03
2026-04-04,15,6,2026-04-04 17:36:00,5,日本トーター杯,4,3459,中野 和裕,3,59,54,1,0,0.17,3.53,10.13,25.32,0,0,0,43.65,60.32,35.71,48.05
2026-04-04,15,6,2026-04-04 17:36:00,5,日本トーター杯,5,4694,高田 綾,3,41,45.5,1,0,0.18,4.48,23.88,46.27,6.25,37.5,50,35.48,51.61,39.49,55.41
2026-04-04,15,6,2026-04-04 17:36:00,5,日本トーター杯,6,5125,高井 雄基,2,29,52.7,1,0,0.17,5.88,39.22,58.82,5.4,35,45,28.3,43.4,36.65,50.31
2026-04-04,15,7,2026-04-04 18:04:00,5,日本トーター杯,1,4121,富永 修一,1,44,52,1,0,0.13,5.95,39.2,58.4,5.91,37.5,59.38,25.21,40.34,31.82,45.45
2026-04-04,15,7,2026-04-04 18:04:00,5,日本トーター杯,2,4552,杉山 勝匡,3,37,51.5,0,0,0.15,5.36,36.28,53.98,5.57,42.86,42.86,38.14,57.63,29.22,51.95
2026-04-04,15,7,2026-04-04 18:04:00,5,日本トーター杯,3,3947,寺本 昇平,3,50,50,0,0,0.17,4.3,17.17,39.39,3.78,0,22.22,40.48,62.7,28.03,38.85
2026-04-04,15,7,2026-04-04 18:04:00,5,日本トーター杯,4,5311,小林 京平,3,28,52,1,0,0.17,5.13,29,51,3.27,9.09,18.18,35.34,48.28,35.71,55.19
2026-04-04,15,7,2026-04-04 18:04:00,5,日本トーター杯,5,4927,関野 文,2,32,45,0,0,0.16,5.51,33.08,51.88,5.3,40,40,20.66,44.63,36.77,56.13
2026-04-04,15,7,2026-04-04 18:04:00,5,日本トーター杯,6,3777,樋口 亮,2,50,52,0,0,0.17,6.24,45.93,60.74,5.64,40,56,27.5,40.83,24.84,41.18
2026-04-04,15,8,2026-04-04 18:32:00,5,日本トーター杯,1,4653,小野 達哉,1,40,52,0,0,0.14,6.69,51.97,70.87,6.41,51.85,66.67,33.06,45.16,30.82,44.65
2026-04-04,15,8,2026-04-04 18:32:00,5,日本トーター杯,2,4420,津久井 拓也,2,38,52.5,0,0,0.16,5.79,37.78,60,0,0,0,35.59,48.31,29.3,47.13
2026-04-04,15,8,2026-04-04 18:32:00,5,日本トーター杯,3,4204,柴田 大輔,3,43,52,0,0,0.2,5.25,35.05,51.55,4.5,14.29,42.86,25.41,42.62,26,40.67
2026-04-04,15,8,2026-04-04 18:32:00,5,日本トーター杯,4,4298,宮下 元胤,1,43,52.4,0,0,0.17,6.41,45.05,69.37,6.63,36.84,84.21,30,45.83,43.04,58.23
2026-04-04,15,8,2026-04-04 18:32:00,5,日本トーター杯,5,4060,島田 一生,3,46,55,1,0,0.17,5.23,37.63,53.76,5,33.33,55.56,28.81,44.92,35.95,51.63
2026-04-04,15,8,2026-04-04 18:32:00,5,日本トーター杯,6,5418,堀内 亜海,4,20,53.3,0,0,0.22,1.2,0,0,0,0,0,19.53,34.38,30.72,46.41
2026-04-04,15,9,2026-04-04 19:02:00,5,日本トーター杯,1,4015,前野 竜一,2,46,58.3,0,0,0.16,6.28,43.31,64.57,4.72,20,48,23.14,35.54,40.91,55.84
2026-04-04,15,9,2026-04-04 19:02:00,5,日本トーター杯,2,5148,松本 怜,3,32,46,0,0,0.19,5.08,29.23,46.15,4.36,14.29,50,51.61,67.74,30.97,50.97
2026-04-04,15,9,2026-04-04 19:02:00,5,日本トーター杯,3,4349,犬童 千秋,3,40,48.6,0,0,0.14,4.31,23.94,36.62,6,45.45,63.64,28.46,46.34,28.48,46.84
2026-04-04,15,9,2026-04-04 19:02:00,5,日本トーター杯,4,4894,原村 拓也,3,35,52,0,0,0.22,4.86,25.96,50.96,5,25.51,51.02,40.8,59.2,29.38,40.63
2026-04-04,15,9,2026-04-04 19:02:00,5,日本トーター杯,5,5199,垂水 悠,3,24,54.8,0,0,0.14,5.11,26.25,50,5.73,53.33,60,33.06,51.24,22.93,38.22
2026-04-04,15,9,2026-04-04 19:02:00,5,日本トーター杯,6,5352,西岡 蒼志,3,21,53.9,0,0,0.15,4.52,25.61,36.59,2.69,6.56,16.39,28.13,42.19,33.33,45.51
2026-04-04,15,10,2026-04-04 19:31:00,5,日本トーター杯,1,4383,竹田 吉行,2,40,52,0,0,0.16,5.82,35.58,59.62,6.04,42.31,61.54,32.5,59.17,25.95,50
2026-04-04,15,10,2026-04-04 19:31:00,5,日本トーター杯,2,4199,北川 潤二,2,43,55.7,0,0,0.14,6.56,48,68.67,7.36,68,80,25.2,39.37,27.63,46.71
2026-04-04,15,10,2026-04-04 19:31:00,5,日本トーター杯,3,4000,松本 博昭,2,49,55.4,0,0,0.17,6.11,41.98,61.83,6,14.29,71.43,22.88,42.37,36.88,51.25
2026-04-04,15,10,2026-04-04 19:31:00,5,日本トーター杯,4,4209,藤田 竜弘,3,43,57.2,0,0,0.17,5.36,30.36,52.68,4.94,5.88,58.82,36.29,54.84,37.27,53.42
2026-04-04,15,10,2026-04-04 19:31:00,5,日本トーター杯,5,3454,井川 大作,3,55,55.1,0,0,0.15,5.51,37.36,54.95,4.35,23.53,29.41,33.86,53.54,40.85,60.37
2026-04-04,15,10,2026-04-04 19:31:00,5,日本トーター杯,6,4348,宮崎 奨,2,40,53.2,0,0,0.16,6.04,37.5,63.39,6.13,39.81,61.17,28.23,37.9,39.61,51.95
2026-04-04,15,11,2026-04-04 20:01:00,5,日本トーター杯,1,4927,関野 文,2,32,45,0,0,0.16,5.51,33.08,51.88,5.3,40,40,20.66,44.63,36.77,56.13
2026-04-04,15,11,2026-04-04 20:01:00,5,日本トーター杯,2,4121,富永 修一,1,44,52,1,0,0.13,5.95,39.2,58.4,5.91,37.5,59.38,25.21,40.34,31.82,45.45
2026-04-04,15,11,2026-04-04 20:01:00,5,日本トーター杯,3,4214,林 祐介,2,41,55.5,0,0,0.17,5.29,34.78,53.26,5.31,38.46,48.72,27.91,41.09,20.92,38.56
2026-04-04,15,11,2026-04-04 20:01:00,5,日本トーター杯,4,4747,山戸 信二,3,40,51,1,0,0.17,3.94,23.33,30,3,0,14.29,45.24,60.32,32.68,49.67
2026-04-04,15,11,2026-04-04 20:01:00,5,日本トーター杯,5,3470,新田 芳美,3,56,47,0,0,0.17,4.99,29.76,48.81,5.85,33.33,51.85,41.27,55.56,40.24,56.1
2026-04-04,15,11,2026-04-04 20:01:00,5,日本トーター杯,6,4653,小野 達哉,1,40,52,0,0,0.14,6.69,51.97,70.87,6.41,51.85,66.67,33.06,45.16,30.82,44.65
2026-04-04,15,12,2026-04-04 20:37:00,5,日本トーター杯,1,4295,小坂 尚哉,1,39,52,0,0,0.15,6.71,49.64,67.88,7.41,59.46,70.27,38.89,59.52,34,51.33
2026-04-04,15,12,2026-04-04 20:37:00,5,日本トーター杯,2,3918,深井 利寿,2,51,51,0,0,0.18,6.37,48.84,68.22,5.7,50,60,34.43,53.28,33.12,48.05
2026-04-04,15,12,2026-04-04 20:37:00,5,日本トーター杯,3,5255,藤原 仙二,2,22,52,1,0,0.17,6.64,49.62,68.7,6.11,39.29,60.71,27.12,47.46,41.36,58.64
2026-04-04,15,12,2026-04-04 20:37:00,5,日本トーター杯,4,4736,高倉 和士,1,34,51,1,0,0.12,6.65,52.21,64.6,0,0,0,29.23,44.62,40.51,63.92
2026-04-04,15,12,2026-04-04 20:37:00,5,日本トーター杯,5,4644,山田 亮太,2,47,51.5,0,0,0.15,6.22,49.47,63.16,6.67,50,66.67,42.06,58.73,36.42,56.79
2026-04-04,15,12,2026-04-04 20:37:00,5,日本トーター杯,6,4688,永井 彪也,1,33,52.3,0,0,0.13,6.39,41.12,57.94,5.63,18.75,50,30.23,44.19,27.39,46.5
2026-04-04,16,1,2026-04-04 11:01:00,5,倉敷市議会議長杯,1,4066,東本 勝利,1,46,52.3,0,0,0.15,5.94,35.96,62.92,6.19,44.19,67.44,44.05,58.33,37.5,54.55
2026-04-04,16,1,2026-04-04 11:01:00,5,倉敷市議会議長杯,2,5031,渡辺 空依,3,28,53.7,0,0,0.2,4.35,18.75,41.25,4.13,19.35,38.71,42.11,55.79,24.36,43.59
2026-04-04,16,1,2026-04-04 11:01:00,5,倉敷市議会議長杯,3,3519,冨田 秀幸,3,57,52,0,0,0.15,4.51,18.52,39.51,2.75,0,12.5,29.47,50.53,21.35,35.96
2026-04-04,16,1,2026-04-04 11:01:00,5,倉敷市議会議長杯,4,4173,岡谷 健吾,3,43,55.2,0,0,0.18,4.71,32.56,46.51,5.15,44.44,51.85,54.84,77.42,36.36,62.5
2026-04-04,16,1,2026-04-04 11:01:00,5,倉敷市議会議長杯,5,4965,福岡 泉水,3,28,51.2,1,0,0.19,4.93,27.12,49.15,0,0,0,36.96,52.17,28.24,45.88
2026-04-04,16,1,2026-04-04 11:01:00,5,倉敷市議会議長杯,6,5443,西村 仁吾,4,18,53.5,1,0,,1.35,0,0,1.25,0,0,44.09,65.59,44.83,65.52
2026-04-04,16,2,2026-04-04 11:32:00,5,倉敷市議会議長杯,1,3982,福田 理,3,48,55.6,0,0,0.15,3.6,16.88,28.57,4.08,20.51,29.49,31.46,56.18,38.37,48.84
2026-04-04,16,2,2026-04-04 11:32:00,5,倉敷市議会議長杯,2,3614,谷 勝幸,3,53,54.5,0,0,0.16,4.41,24.42,34.88,3.43,17.86,28.57,29.67,49.45,32.18,47.13
2026-04-04,16,2,2026-04-04 11:32:00,5,倉敷市議会議長杯,3,5195,北村 寧々,3,24,47,1,0,0.14,5.61,36.23,56.52,3.14,0,28.57,35.96,53.93,30.68,43.18
2026-04-04,16,2,2026-04-04 11:32:00,5,倉敷市議会議長杯,4,3444,香月 大介,3,56,53,1,0,0.18,3.36,13.1,20.24,4.04,25,32.14,24.47,46.81,35.96,51.69
2026-04-04,16,2,2026-04-04 11:32:00,5,倉敷市議会議長杯,5,4656,大崎 翔,3,38,55.5,0,0,0.14,5.88,41.33,53.33,4.22,22.22,33.33,32.22,52.22,31.82,50
2026-04-04,16,2,2026-04-04 11:32:00,5,倉敷市議会議長杯,6,3701,大西 隆洋,3,53,56.8,1,0,0.16,3.63,17.54,24.56,5.18,33.33,42.42,34.78,50,21.69,38.55
2026-04-04,16,3,2026-04-04 12:01:00,5,倉敷市議会議長杯,1,4506,稗田 聖也,3,37,52,0,0,0.14,6.92,59.09,72.73,5.26,36.84,47.37,30.43,43.48,25.29,44.83
2026-04-04,16,3,2026-04-04 12:01:00,5,倉敷市議会議長杯,2,4925,森 悠稀,2,33,52,1,0,0.12,5.3,29.79,47.87,5.11,0,33.33,33.7,52.17,37.5,62.5
2026-04-04,16,3,2026-04-04 12:01:00,5,倉敷市議会議長杯,3,4950,高岡 竜也,2,32,51.5,0,0,0.17,6.73,51.49,67.33,4.82,27.27,40.91,21.11,44.44,40.3,55.22
2026-04-04,16,3,2026-04-04 12:01:00,5,倉敷市議会議長杯,4,4603,谷川 将太,3,38,53.5,1,0,0.17,5,29.47,47.37,5,32.14,50,41.94,51.61,24.1,37.35
2026-04-04,16,3,2026-04-04 12:01:00,5,倉敷市議会議長杯,5,3554,仲口 博崇,1,53,52.1,0,0,0.18,6.6,51.97,71.65,6.67,55.56,77.78,39.56,56.04,40.86,53.76
2026-04-04,16,3,2026-04-04 12:01:00,5,倉敷市議会議長杯,6,4421,森作 広大,3,37,56.2,1,0,0.17,3.68,11.76,30.88,0,0,0,27.66,41.49,39.77,68.18
2026-04-04,16,4,2026-04-04 12:31:00,5,倉敷市議会議長杯,1,5095,小原 聡将,2,31,52.2,1,0,0.14,5.96,36.56,65.59,6.05,45,65,22.35,34.12,24.14,39.08
2026-04-04,16,4,2026-04-04 12:31:00,5,倉敷市議会議長杯,2,5037,田頭 虎親,3,28,51.5,0,0,0.19,5.51,37.66,57.14,5.54,37.5,58.33,51.11,65.56,44.83,59.77
2026-04-04,16,4,2026-04-04 12:31:00,5,倉敷市議会議長杯,3,4601,森野 正弘,2,41,54.6,0,0,0.14,6.6,50.85,65.25,6.88,54.55,72.73,35.56,53.33,40.45,56.18
2026-04-04,16,4,2026-04-04 12:31:00,5,倉敷市議会議長杯,4,4581,吉村 誠,1,36,52,0,0,0.14,6.18,46.67,60,5.8,43.33,50,30.68,48.86,32.18,47.13
2026-04-04,16,4,2026-04-04 12:31:00,5,倉敷市議会議長杯,5,3589,西村 勝,3,52,56.1,0,0,0.16,3.89,19.18,35.62,0,0,0,29.35,44.57,30.86,54.32
2026-04-04,16,4,2026-04-04 12:31:00,5,倉敷市議会議長杯,6,4156,浜野 孝志,2,45,59,1,0,0.14,5.78,39.13,58.7,6.57,28.57,85.71,20.43,40.86,45.35,70.93
2026-04-04,16,5,2026-04-04 12:59:00,5,倉敷市議会議長杯,1,4788,小池 哲也,2,36,53.5,0,0,0.15,6.13,41.51,68.87,6.4,52.38,66.67,31.87,42.86,39.19,55.41
2026-04-04,16,5,2026-04-04 12:59:00,5,倉敷市議会議長杯,2,5208,屋良 龍紀,3,28,52,0,0,0.15,4.33,22.78,39.24,2.45,3.23,16.13,30.11,39.78,36.78,52.87
2026-04-04,16,5,2026-04-04 12:59:00,5,倉敷市議会議長杯,3,3514,山一 鉄也,2,58,52,0,0,0.16,5.58,34.91,50.94,5.38,33.33,52.38,18.89,24.44,35.29,52.94
2026-04-04,16,5,2026-04-04 12:59:00,5,倉敷市議会議長杯,4,4583,古田 祐貴,2,36,52.2,1,0,0.14,5.01,27.83,46.96,5.06,27.78,44.44,30.53,49.47,37.93,51.72
2026-04-04,16,5,2026-04-04 12:59:00,5,倉敷市議会議長杯,5,3719,辻 栄蔵,1,51,52,0,0,0.15,6.99,45.92,69.39,8,66.67,88.89,22.34,40.43,48.24,68.24
2026-04-04,16,5,2026-04-04 12:59:00,5,倉敷市議会議長杯,6,5416,龍田 真白,4,20,45.5,0,0,0.19,2.62,10.34,12.07,4,22.22,33.33,26.09,45.65,41.38,55.17
2026-04-04,16,6,2026-04-04 13:28:00,5,倉敷市議会議長杯,1,4588,田中 京介,2,35,54.5,0,0,0.15,5.49,38.83,53.4,6.15,39.39,72.73,30.53,44.21,34.52,47.62
2026-04-04,16,6,2026-04-04 13:28:00,5,倉敷市議会議長杯,2,4411,沢田 昭宏,2,40,54.6,0,0,0.16,5.67,39.05,55.24,5.73,37.5,60.42,17.02,37.23,36.9,47.62
2026-04-04,16,6,2026-04-04 13:28:00,5,倉敷市議会議長杯,3,4033,伊藤 将吉,1,47,53.2,1,0,0.13,6.35,51.02,67.35,7.61,72.22,77.78,39.78,53.76,38.82,55.29
2026-04-04,16,6,2026-04-04 13:28:00,5,倉敷市議会議長杯,4,3519,冨田 秀幸,3,57,52,0,0,0.15,4.51,18.52,39.51,2.75,0,12.5,29.47,50.53,21.35,35.96
2026-04-04,16,6,2026-04-04 13:28:00,5,倉敷市議会議長杯,5,4277,金田 大輔,3,42,51,1,0,0.15,5.13,36.67,46.67,4.68,22.5,37.5,40.86,53.76,29.11,48.1
2026-04-04,16,6,2026-04-04 13:28:00,5,倉敷市議会議長杯,6,5173,谷口 佳蓮,3,24,46,0,0,0.15,4.68,29.49,43.59,3.33,22.22,22.22,29.03,50.54,27.78,45.56
2026-04-04,16,7,2026-04-04 14:05:00,5,倉敷市議会議長杯,1,5195,北村 寧々,3,24,47,1,0,0.14,5.61,36.23,56.52,3.14,0,28.57,35.96,53.93,30.68,43.18
2026-04-04,16,7,2026-04-04 14:05:00,5,倉敷市議会議長杯,2,4482,守屋 美穂,1,37,45.5,1,0,0.16,6.45,44.35,62.61,7.1,59.78,72.83,41.94,66.67,31.76,44.71
2026-04-04,16,7,2026-04-04 14:05:00,5,倉敷市議会議長杯,3,4965,福岡 泉水,3,28,51.2,1,0,0.19,4.93,27.12,49.15,0,0,0,36.96,52.17,28.24,45.88
2026-04-04,16,7,2026-04-04 14:05:00,5,倉敷市議会議長杯,4,4447,深川 麻奈美,1,39,50.5,1,0,0.15,5.21,39.68,49.21,0,0,0,44.68,63.83,28.57,46.43
2026-04-04,16,7,2026-04-04 14:05:00,5,倉敷市議会議長杯,5,4300,加藤 綾,3,43,50.3,0,0,0.17,4.96,23.81,47.62,0,0,0,30.43,47.83,29.76,45.24
2026-04-04,16,7,2026-04-04 14:05:00,5,倉敷市議会議長杯,6,4900,中田 夕貴,2,33,47.1,1,0,0.18,5.44,35.71,51.19,4.8,30,40,36.96,61.96,33.33,54.02
2026-04-04,16,8,2026-04-04 14:40:00,5,倉敷市議会議長杯,1,4603,谷川 将太,3,38,53.5,1,0,0.17,5,29.47,47.37,5,32.14,50,41.94,51.61,24.1,37.35
2026-04-04,16,8,2026-04-04 14:40:00,5,倉敷市議会議長杯,2,4230,濱崎 直矢,1,42,53.5,2,0,0.14,7.09,55.36,67.86,7.43,61.9,76.19,42.71,58.33,28.24,47.06
2026-04-04,16,8,2026-04-04 14:40:00,5,倉敷市議会議長杯,3,3982,福田 理,3,48,55.6,0,0,0.15,3.6,16.88,28.57,4.08,20.51,29.49,31.46,56.18,38.37,48.84
2026-04-04,16,8,2026-04-04 14:40:00,5,倉敷市議会議長杯,4,4039,村上 功祐,2,47,55.5,0,0,0.15,4.64,23.96,42.71,7.25,62.5,62.5,41.49,56.38,27.06,45.88
2026-04-04,16,8,2026-04-04 14:40:00,5,倉敷市議会議長杯,5,4640,山ノ内 雅人,2,35,52.7,0,0,0.15,6.08,42.86,64.71,6.06,41.18,70.59,38.95,52.63,25.88,42.35
2026-04-04,16,8,2026-04-04 14:40:00,5,倉敷市議会議長杯,6,4173,岡谷 健吾,3,43,55.2,0,0,0.18,4.71,32.56,46.51,5.15,44.44,51.85,54.84,77.42,36.36,62.5
2026-04-04,16,9,2026-04-04 15:10:00,5,倉敷市議会議長杯,1,4842,山下 昂大,2,33,53.8,0,0,0.17,6.05,45.05,61.26,5.04,33.33,50,17.78,32.22,41.18,52.94
2026-04-04,16,9,2026-04-04 15:10:00,5,倉敷市議会議長杯,2,4656,大崎 翔,3,38,55.5,0,0,0.14,5.88,41.33,53.33,4.22,22.22,33.33,32.22,52.22,31.82,50
2026-04-04,16,9,2026-04-04 15:10:00,5,倉敷市議会議長杯,3,4506,稗田 聖也,3,37,52,0,0,0.14,6.92,59.09,72.73,5.26,36.84,47.37,30.43,43.48,25.29,44.83
2026-04-04,16,9,2026-04-04 15:10:00,5,倉敷市議会議長杯,4,4601,森野 正弘,2,41,54.6,0,0,0.14,6.6,50.85,65.25,6.88,54.55,72.73,35.56,53.33,40.45,56.18
2026-04-04,16,9,2026-04-04 15:10:00,5,倉敷市議会議長杯,5,4066,東本 勝利,1,46,52.3,0,0,0.15,5.94,35.96,62.92,6.19,44.19,67.44,44.05,58.33,37.5,54.55
2026-04-04,16,9,2026-04-04 15:10:00,5,倉敷市議会議長杯,6,5420,吉原 快誓,4,19,52,1,0,0.21,1.58,0,2.22,1.25,0,0,26.37,43.96,27.94,52.94
2026-04-04,16,10,2026-04-04 15:39:00,5,倉敷市議会議長杯,1,4583,古田 祐貴,2,36,52.2,1,0,0.14,5.01,27.83,46.96,5.06,27.78,44.44,30.53,49.47,37.93,51.72
2026-04-04,16,10,2026-04-04 15:39:00,5,倉敷市議会議長杯,2,4118,宇佐見 淳,1,45,52.1,0,0,0.14,6,42.02,58.82,6,33.33,55.56,39.33,56.18,35.71,47.62
2026-04-04,16,10,2026-04-04 15:39:00,5,倉敷市議会議長杯,3,3614,谷 勝幸,3,53,54.5,0,0,0.16,4.41,24.42,34.88,3.43,17.86,28.57,29.67,49.45,32.18,47.13
2026-04-04,16,10,2026-04-04 15:39:00,5,倉敷市議会議長杯,4,5095,小原 聡将,2,31,52.2,1,0,0.14,5.96,36.56,65.59,6.05,45,65,22.35,34.12,24.14,39.08
2026-04-04,16,10,2026-04-04 15:39:00,5,倉敷市議会議長杯,5,5031,渡辺 空依,3,28,53.7,0,0,0.2,4.35,18.75,41.25,4.13,19.35,38.71,42.11,55.79,24.36,43.59
2026-04-04,16,10,2026-04-04 15:39:00,5,倉敷市議会議長杯,6,4950,高岡 竜也,2,32,51.5,0,0,0.17,6.73,51.49,67.33,4.82,27.27,40.91,21.11,44.44,40.3,55.22
2026-04-04,16,11,2026-04-04 16:09:00,5,倉敷市議会議長杯,1,4237,大峯 豊,1,42,52,0,0,0.18,7.42,54.55,67.27,6.65,47.06,70.59,51.11,66.67,33.71,51.69
2026-04-04,16,11,2026-04-04 16:09:00,5,倉敷市議会議長杯,2,4588,田中 京介,2,35,54.5,0,0,0.15,5.49,38.83,53.4,6.15,39.39,72.73,30.53,44.21,34.52,47.62
2026-04-04,16,11,2026-04-04 16:09:00,5,倉敷市議会議長杯,3,4788,小池 哲也,2,36,53.5,0,0,0.15,6.13,41.51,68.87,6.4,52.38,66.67,31.87,42.86,39.19,55.41
2026-04-04,16,11,2026-04-04 16:09:00,5,倉敷市議会議長杯,4,4900,中田 夕貴,2,33,47.1,1,0,0.18,5.44,35.71,51.19,4.8,30,40,36.96,61.96,33.33,54.02
2026-04-04,16,11,2026-04-04 16:09:00,5,倉敷市議会議長杯,5,4925,森 悠稀,2,33,52,1,0,0.12,5.3,29.79,47.87,5.11,0,33.33,33.7,52.17,37.5,62.5
2026-04-04,16,11,2026-04-04 16:09:00,5,倉敷市議会議長杯,6,5037,田頭 虎親,3,28,51.5,0,0,0.19,5.51,37.66,57.14,5.54,37.5,58.33,51.11,65.56,44.83,59.77
2026-04-04,16,12,2026-04-04 16:49:00,5,倉敷市議会議長杯,1,4482,守屋 美穂,1,37,45.5,1,0,0.16,6.45,44.35,62.61,7.1,59.78,72.83,41.94,66.67,31.76,44.71
2026-04-04,16,12,2026-04-04 16:49:00,5,倉敷市議会議長杯,2,3554,仲口 博崇,1,53,52.1,0,0,0.18,6.6,51.97,71.65,6.67,55.56,77.78,39.56,56.04,40.86,53.76
2026-04-04,16,12,2026-04-04 16:49:00,5,倉敷市議会議長杯,3,3719,辻 栄蔵,1,51,52,0,0,0.15,6.99,45.92,69.39,8,66.67,88.89,22.34,40.43,48.24,68.24
2026-04-04,16,12,2026-04-04 16:49:00,5,倉敷市議会議長杯,4,4033,伊藤 将吉,1,47,53.2,1,0,0.13,6.35,51.02,67.35,7.61,72.22,77.78,39.78,53.76,38.82,55.29
2026-04-04,16,12,2026-04-04 16:49:00,5,倉敷市議会議長杯,5,4230,濱崎 直矢,1,42,53.5,2,0,0.14,7.09,55.36,67.86,7.43,61.9,76.19,42.71,58.33,28.24,47.06
2026-04-04,16,12,2026-04-04 16:49:00,5,倉敷市議会議長杯,6,4581,吉村 誠,1,36,52,0,0,0.14,6.18,46.67,60,5.8,43.33,50,30.68,48.86,32.18,47.13
2026-04-04,17,1,2026-04-04 10:52:00,5,広島ホームテレビプレゼンツういちの大ブッちぎりィ祭,1,4600,井内 将太郎,2,41,52.4,0,0,0.13,6.84,53.68,75.79,7.07,54.35,72.46,33.33,42.34,28.26,44.57
2026-04-04,17,1,2026-04-04 10:52:00,5,広島ホームテレビプレゼンツういちの大ブッちぎりィ祭,2,4299,中島 浩哉,3,43,53.9,0,0,0.14,4.47,21.33,41.33,2.11,0,11.11,26.21,48.54,27.69,50
2026-04-04,17,1,2026-04-04 10:52:00,5,広島ホームテレビプレゼンツういちの大ブッちぎりィ祭,3,5120,山本 稔太朗,3,25,53.5,0,0,0.16,5.34,39.73,56.16,5.53,35.29,58.82,28.3,49.06,40.78,58.25
2026-04-04,17,1,2026-04-04 10:52:00,5,広島ホームテレビプレゼンツういちの大ブッちぎりィ祭,4,4100,松田 隆司,3,47,53.5,0,0,0.17,5.16,33.73,49.4,5.12,33.33,45.24,34.96,54.47,32.48,42.74
2026-04-04,17,1,2026-04-04 10:52:00,5,広島ホームテレビプレゼンツういちの大ブッちぎりィ祭,5,4248,岡本 大,3,43,53.1,0,0,0.16,3.92,16,34.67,3.89,15.79,36.84,30.36,51.79,36.75,60.68
2026-04-04,17,1,2026-04-04 10:52:00,5,広島ホームテレビプレゼンツういちの大ブッちぎりィ祭,6,4092,岡部 大輔,3,45,52.4,0,0,0.14,5.32,31.65,51.9,5.11,22.22,55.56,38.39,50,44.8,62.4
2026-04-04,17,2,2026-04-04 11:18:00,5,広島ホームテレビプレゼンツういちの大ブッちぎりィ祭,1,4134,杉山 貴博,2,45,54.6,1,0,0.16,6.25,49.45,64.84,5.97,37.5,65.63,35.71,48.41,29.37,41.27
2026-04-04,17,2,2026-04-04 11:18:00,5,広島ホームテレビプレゼンツういちの大ブッちぎりィ祭,2,5106,山崎 祥,3,27,51.5,0,0,0.19,5.46,30.26,51.32,0,0,0,47.06,64.71,35.88,54.2
2026-04-04,17,2,2026-04-04 11:18:00,5,広島ホームテレビプレゼンツういちの大ブッちぎりィ祭,3,5073,上原 健次郎,2,30,52.4,0,0,0.16,5.44,32.1,54.32,5.42,26.32,63.16,36.07,54.1,27.69,46.15
2026-04-04,17,2,2026-04-04 11:18:00,5,広島ホームテレビプレゼンツういちの大ブッちぎりィ祭,4,4899,占部 一真,3,34,52,0,0,0.15,4.23,22.86,37.14,5.4,40,53.33,32.41,48.15,33.86,49.61
2026-04-04,17,2,2026-04-04 11:18:00,5,広島ホームテレビプレゼンツういちの大ブッちぎりィ祭,5,4343,村岡 賢,3,41,53.2,0,0,0.18,4.86,25,43.06,3.33,11.11,22.22,25.44,39.47,23.3,36.89
2026-04-04,17,2,2026-04-04 11:18:00,5,広島ホームテレビプレゼンツういちの大ブッちぎりィ祭,6,4980,佐々木 完太,1,29,52,0,0,0.15,7.21,55.1,66.33,7.17,44.44,55.56,21.5,38.32,33.07,54.33
2026-04-04,17,3,2026-04-04 11:49:00,5,広島ホームテレビプレゼンツういちの大ブッちぎりィ祭,1,5281,井上 遥妃,1,23,47,1,0,0.14,6.65,49.4,66.27,4.4,24,40,43.85,56.15,29.67,53.85
2026-04-04,17,3,2026-04-04 11:49:00,5,広島ホームテレビプレゼンツういちの大ブッちぎりィ祭,2,4964,土屋 南,4,29,46,0,0,0.2,5.42,32.91,50.63,4.77,30.77,38.46,33.03,46.79,22,47
2026-04-04,17,3,2026-04-04 11:49:00,5,広島ホームテレビプレゼンツういちの大ブッちぎりィ祭,3,4733,赤井 睦,3,36,47.2,1,0,0.15,5.07,31.51,43.84,6,40,65,25.41,31.97,25.47,44.34
2026-04-04,17,3,2026-04-04 11:49:00,5,広島ホームテレビプレゼンツういちの大ブッちぎりィ祭,4,4479,矢野 真梨菜,3,38,46.5,0,0,0.18,4.18,19.3,38.6,3.75,18.75,31.25,19.39,37.76,41.51,50
2026-04-04,17,3,2026-04-04 11:49:00,5,広島ホームテレビプレゼンツういちの大ブッちぎりィ祭,5,4011,堀之内 紀代子,1,46,46.5,1,0,0.15,5.79,36.76,52.94,6,41.67,55.56,19.47,31.86,21.15,34.62
2026-04-04,17,3,2026-04-04 11:49:00,5,広島ホームテレビプレゼンツういちの大ブッちぎりィ祭,6,4611,今井 美亜,2,35,47.6,0,0,0.14,6.64,48.45,64.95,6.67,44.44,55.56,27.73,53.78,26.61,44.95
2026-04-04,17,4,2026-04-04 12:19:00,5,広島ホームテレビプレゼンツういちの大ブッちぎりィ祭,1,4415,下出 卓矢,2,39,55,1,0,0.13,6.08,44.87,53.85,4.15,25,40,31.86,55.75,40.31,53.49
2026-04-04,17,4,2026-04-04 12:19:00,5,広島ホームテレビプレゼンツういちの大ブッちぎりィ祭,2,3922,菅沼 佳昭,3,50,51,0,0,0.19,4.09,20.65,35.87,3.06,11.11,16.67,40.74,53.7,31.48,54.63
2026-04-04,17,4,2026-04-04 12:19:00,5,広島ホームテレビプレゼンツういちの大ブッちぎりィ祭,3,5018,竹下 大樹,1,27,53.8,0,0,0.16,6.21,43.94,62.88,5.88,25,50,29.03,48.39,25.93,44.44
2026-04-04,17,4,2026-04-04 12:19:00,5,広島ホームテレビプレゼンツういちの大ブッちぎりィ祭,4,4272,大場 広孝,3,43,55.6,1,0,0.16,4.77,24.24,39.39,5.49,31.43,57.14,22.22,36.36,28.46,45.38
2026-04-04,17,4,2026-04-04 12:19:00,5,広島ホームテレビプレゼンツういちの大ブッちぎりィ祭,5,4106,坂井 康嗣,3,46,52,0,0,0.19,3.15,12.31,27.69,4.24,23.81,38.1,22.77,42.57,34.81,51.85
2026-04-04,17,4,2026-04-04 12:19:00,5,広島ホームテレビプレゼンツういちの大ブッちぎりィ祭,6,5252,荒木 颯斗,2,23,52.7,0,0,0.15,5.92,40.57,66.98,5,30.3,45.45,28.43,44.12,25,41.07
2026-04-04,17,5,2026-04-04 12:50:00,5,広島ホームテレビプレゼンツういちの大ブッちぎりィ祭,1,4928,栗城 匠,1,30,52.3,0,0,0.14,6.37,48.31,60.67,6.17,48.28,65.52,39.84,60.16,22.45,35.71
2026-04-04,17,5,2026-04-04 12:50:00,5,広島ホームテレビプレゼンツういちの大ブッちぎりィ祭,2,4054,福嶋 智之,3,47,53,0,0,0.16,4.38,28.09,38.2,4.25,25,32.14,37.61,56.41,41.07,56.25
2026-04-04,17,5,2026-04-04 12:50:00,5,広島ホームテレビプレゼンツういちの大ブッちぎりィ祭,3,4633,森 智也,2,36,52.1,0,0,0.15,5.94,39.58,57.29,3.4,20,30,23.01,38.05,31.97,50.82
2026-04-04,17,5,2026-04-04 12:50:00,5,広島ホームテレビプレゼンツういちの大ブッちぎりィ祭,4,5298,水谷 理人,2,23,51.5,1,0,0.15,6.76,49.02,73.53,6.57,40,73.33,35.45,54.55,36.59,53.66
2026-04-04,17,5,2026-04-04 12:50:00,5,広島ホームテレビプレゼンツういちの大ブッちぎりィ祭,5,4389,伊藤 喜智,3,40,52,0,0,0.18,5.69,34.88,55.81,5.91,34.29,65.71,28.21,40.17,42.11,61.4
2026-04-04,17,5,2026-04-04 12:50:00,5,広島ホームテレビプレゼンツういちの大ブッちぎりィ祭,6,4409,坂元 浩仁,2,40,53.2,0,0,0.14,6.79,51.92,73.08,6.75,55,65,37.5,56.25,26.32,43.86
2026-04-04,17,6,2026-04-04 13:20:00,5,広島ホームテレビプレゼンツういちの大ブッちぎりィ祭,1,3392,小森 信雄,3,60,52,0,0,0.18,4.53,22.78,40.51,4.53,6.67,53.33,28.44,48.62,38.55,56.63
2026-04-04,17,6,2026-04-04 13:20:00,5,広島ホームテレビプレゼンツういちの大ブッちぎりィ祭,2,4848,仲谷 颯仁,1,31,52,1,0,0.15,6.84,41.38,55.17,6.9,40,60,22.55,36.27,39.56,51.65
2026-04-04,17,6,2026-04-04 13:20:00,5,広島ホームテレビプレゼンツういちの大ブッちぎりィ祭,3,3484,芝田 浩治,2,54,52,0,0,0.16,6.13,47.27,61.82,5.52,34.48,58.62,33.93,49.11,37.74,53.77
2026-04-04,17,6,2026-04-04 13:20:00,5,広島ホームテレビプレゼンツういちの大ブッちぎりィ祭,4,5275,松田 淳平,2,24,52,0,0,0.15,6.52,50.96,67.31,3.7,10,10,42.02,55.46,38.93,54.96
2026-04-04,17,6,2026-04-04 13:20:00,5,広島ホームテレビプレゼンツういちの大ブッちぎりィ祭,5,5106,山崎 祥,3,27,51.5,0,0,0.19,5.46,30.26,51.32,0,0,0,47.06,64.71,35.88,54.2
2026-04-04,17,6,2026-04-04 13:20:00,5,広島ホームテレビプレゼンツういちの大ブッちぎりィ祭,6,4100,松田 隆司,3,47,53.5,0,0,0.17,5.16,33.73,49.4,5.12,33.33,45.24,34.96,54.47,32.48,42.74
2026-04-04,17,7,2026-04-04 13:51:00,5,広島ホームテレビプレゼンツういちの大ブッちぎりィ祭,1,4574,東 潤樹,3,37,52.6,0,0,0.17,5.61,34.48,58.62,5.44,36.84,49.12,25.62,43.8,32.17,47.83
2026-04-04,17,7,2026-04-04 13:51:00,5,広島ホームテレビプレゼンツういちの大ブッちぎりィ祭,2,3289,高橋 淳美,3,62,45,0,0,0.2,3.68,12.9,25.81,2.43,14.29,14.29,31.3,51.3,34.38,50
2026-04-04,17,7,2026-04-04 13:51:00,5,広島ホームテレビプレゼンツういちの大ブッちぎりィ祭,3,4343,村岡 賢,3,41,53.2,0,0,0.18,4.86,25,43.06,3.33,11.11,22.22,25.44,39.47,23.3,36.89
2026-04-04,17,7,2026-04-04 13:51:00,5,広島ホームテレビプレゼンツういちの大ブッちぎりィ祭,4,5120,山本 稔太朗,3,25,53.5,0,0,0.16,5.34,39.73,56.16,5.53,35.29,58.82,28.3,49.06,40.78,58.25
2026-04-04,17,7,2026-04-04 13:51:00,5,広島ホームテレビプレゼンツういちの大ブッちぎりィ祭,5,5367,赤松 咲香,4,24,50.9,1,0,0.17,1.89,4.35,6.52,1.35,0,0,31.9,48.28,33.33,41.03
2026-04-04,17,7,2026-04-04 13:51:00,5,広島ホームテレビプレゼンツういちの大ブッちぎりィ祭,6,3578,塩田 雄一,3,53,51,1,0,0.19,3.99,20.9,35.82,3.89,22.22,33.33,33.9,49.15,41.35,58.65
2026-04-04,17,8,2026-04-04 14:33:00,5,広島ホームテレビプレゼンツういちの大ブッちぎりィ祭,1,4122,安東 幸治,2,44,54.1,0,0,0.16,5.66,34.19,56.41,6.38,43.75,71.88,24.04,38.46,26.92,33.65
2026-04-04,17,8,2026-04-04 14:33:00,5,広島ホームテレビプレゼンツういちの大ブッちぎりィ祭,2,4568,廣瀬 真也,2,38,51.5,0,0,0.16,5.41,37.04,53.09,5.33,33.33,55.56,23.42,40.54,30.56,51.85
2026-04-04,17,8,2026-04-04 14:33:00,5,広島ホームテレビプレゼンツういちの大ブッちぎりィ祭,3,4964,土屋 南,4,29,46,0,0,0.2,5.42,32.91,50.63,4.77,30.77,38.46,33.03,46.79,22,47
2026-04-04,17,8,2026-04-04 14:33:00,5,広島ホームテレビプレゼンツういちの大ブッちぎりィ祭,4,4299,中島 浩哉,3,43,53.9,0,0,0.14,4.47,21.33,41.33,2.11,0,11.11,26.21,48.54,27.69,50
2026-04-04,17,8,2026-04-04 14:33:00,5,広島ホームテレビプレゼンツういちの大ブッちぎりィ祭,5,4427,秦 英悟,1,40,52,0,0,0.14,6.37,39.36,55.32,6.53,47.37,63.16,31.25,47.32,37.39,54.78
2026-04-04,17,8,2026-04-04 14:33:00,5,広島ホームテレビプレゼンツういちの大ブッちぎりィ祭,6,3814,金子 貴志,3,50,51,0,0,0.17,4.59,25.93,41.98,4.44,22.22,44.44,33.64,59.81,43.1,54.31
2026-04-04,17,9,2026-04-04 15:02:00,5,広島ホームテレビプレゼンツういちの大ブッちぎりィ祭,1,4248,岡本 大,3,43,53.4,0,0,0.16,3.92,16,34.67,3.89,15.79,36.84,30.36,51.79,36.75,60.68
2026-04-04,17,9,2026-04-04 15:02:00,5,広島ホームテレビプレゼンツういちの大ブッちぎりィ祭,2,4710,福田 宗平,1,36,52,0,0,0.14,5.82,40.57,59.43,6.18,54.55,63.64,35.14,47.75,29.03,48.39
2026-04-04,17,9,2026-04-04 15:02:00,5,広島ホームテレビプレゼンツういちの大ブッちぎりィ祭,3,4980,佐々木 完太,1,29,51.5,0,0,0.15,7.21,55.1,66.33,7.17,44.44,55.56,21.5,38.32,33.07,54.33
2026-04-04,17,9,2026-04-04 15:02:00,5,広島ホームテレビプレゼンツういちの大ブッちぎりィ祭,4,3922,菅沼 佳昭,3,50,50,0,0,0.19,4.09,20.65,35.87,3.06,11.11,16.67,40.74,53.7,31.48,54.63
2026-04-04,17,9,2026-04-04 15:02:00,5,広島ホームテレビプレゼンツういちの大ブッちぎりィ祭,5,4733,赤井 睦,3,36,47.5,1,0,0.15,5.07,31.51,43.84,6,40,65,25.41,31.97,25.47,44.34
2026-04-04,17,9,2026-04-04 15:02:00,5,広島ホームテレビプレゼンツういちの大ブッちぎりィ祭,6,3935,岩津 徹郎,3,48,53.8,0,0,0.17,5.3,31.15,55.74,4.56,16.67,33.33,35.9,52.99,27.27,47.47
2026-04-04,17,10,2026-04-04 15:27:00,5,広島ホームテレビプレゼンツういちの大ブッちぎりィ祭,1,4106,坂井 康嗣,3,46,52,0,0,0.19,3.15,12.31,27.69,4.24,23.81,38.1,22.77,42.57,34.81,51.85
2026-04-04,17,10,2026-04-04 15:27:00,5,広島ホームテレビプレゼンツういちの大ブッちぎりィ祭,2,4899,占部 一真,3,34,52,0,0,0.15,4.23,22.86,37.14,5.4,40,53.33,32.41,48.15,33.86,49.61
2026-04-04,17,10,2026-04-04 15:27:00,5,広島ホームテレビプレゼンツういちの大ブッちぎりィ祭,3,4163,山崎 裕司,2,44,52,0,0,0.17,5.66,39.45,55.96,5.26,33.98,51.46,42.98,55.26,35.29,54.62
2026-04-04,17,10,2026-04-04 15:27:00,5,広島ホームテレビプレゼンツういちの大ブッちぎりィ祭,4,4389,伊藤 喜智,3,40,52,0,0,0.18,5.69,34.88,55.81,5.91,34.29,65.71,28.21,40.17,42.11,61.4
2026-04-04,17,10,2026-04-04 15:27:00,5,広島ホームテレビプレゼンツういちの大ブッちぎりィ祭,5,4479,矢野 真梨菜,3,38,46.5,0,0,0.18,4.18,19.3,38.6,3.75,18.75,31.25,19.39,37.76,41.51,50
2026-04-04,17,10,2026-04-04 15:27:00,5,広島ホームテレビプレゼンツういちの大ブッちぎりィ祭,6,4848,仲谷 颯仁,1,31,52,1,0,0.15,6.84,41.38,55.17,6.9,40,60,22.55,36.27,39.56,51.65
2026-04-04,17,11,2026-04-04 16:01:00,5,広島ホームテレビプレゼンツういちの大ブッちぎりィ祭,1,5018,竹下 大樹,1,27,53.8,0,0,0.16,6.21,43.94,62.88,5.88,25,50,29.03,48.39,25.93,44.44
2026-04-04,17,11,2026-04-04 16:01:00,5,広島ホームテレビプレゼンツういちの大ブッちぎりィ祭,2,5281,井上 遥妃,1,23,47,1,0,0.14,6.65,49.4,66.27,4.4,24,40,43.85,56.15,29.67,53.85
2026-04-04,17,11,2026-04-04 16:01:00,5,広島ホームテレビプレゼンツういちの大ブッちぎりィ祭,3,4134,杉山 貴博,2,45,54.6,1,0,0.16,6.25,49.45,64.84,5.97,37.5,65.63,35.71,48.41,29.37,41.27
2026-04-04,17,11,2026-04-04 16:01:00,5,広島ホームテレビプレゼンツういちの大ブッちぎりィ祭,4,3484,芝田 浩治,2,54,52,0,0,0.16,6.13,47.27,61.82,5.52,34.48,58.62,33.93,49.11,37.74,53.77
2026-04-04,17,11,2026-04-04 16:01:00,5,広島ホームテレビプレゼンツういちの大ブッちぎりィ祭,5,4600,井内 将太郎,2,41,52.4,0,0,0.13,6.84,53.68,75.79,7.07,54.35,72.46,33.33,42.34,28.26,44.57
2026-04-04,17,11,2026-04-04 16:01:00,5,広島ホームテレビプレゼンツういちの大ブッちぎりィ祭,6,4633,森 智也,2,36,52.1,0,0,0.15,5.94,39.58,57.29,3.4,20,30,23.01,38.05,31.97,50.82
2026-04-04,17,12,2026-04-04 16:45:00,5,広島ホームテレビプレゼンツういちの大ブッちぎりィ祭,1,4427,秦 英悟,1,40,52,0,0,0.14,6.37,39.36,55.32,6.53,47.37,63.16,31.25,47.32,37.39,54.78
2026-04-04,17,12,2026-04-04 16:45:00,5,広島ホームテレビプレゼンツういちの大ブッちぎりィ祭,2,4011,堀之内 紀代子,1,46,46.5,1,0,0.15,5.79,36.76,52.94,6,41.67,55.56,19.47,31.86,21.15,34.62
2026-04-04,17,12,2026-04-04 16:45:00,5,広島ホームテレビプレゼンツういちの大ブッちぎりィ祭,3,5275,松田 淳平,2,24,52,0,0,0.15,6.52,50.96,67.31,3.7,10,10,42.02,55.46,38.93,54.96
2026-04-04,17,12,2026-04-04 16:45:00,5,広島ホームテレビプレゼンツういちの大ブッちぎりィ祭,4,5252,荒木 颯斗,2,23,52.7,0,0,0.15,5.92,40.57,66.98,5,30.3,45.45,28.43,44.12,25,41.07
2026-04-04,17,12,2026-04-04 16:45:00,5,広島ホームテレビプレゼンツういちの大ブッちぎりィ祭,5,4928,栗城 匠,1,30,52.3,0,0,0.14,6.37,48.31,60.67,6.17,48.28,65.52,39.84,60.16,22.45,35.71
2026-04-04,17,12,2026-04-04 16:45:00,5,広島ホームテレビプレゼンツういちの大ブッちぎりィ祭,6,5073,上原 健次郎,2,30,52.4,0,0,0.16,5.44,32.1,54.32,5.42,26.32,63.16,36.07,54.1,27.69,46.15
2026-04-04,18,1,2026-04-04 06:39:00,5,日本トーター杯争奪戦,1,4402,乙藤 智史,2,41,54,0,0,0.17,5.41,38.71,53.76,7.24,61.9,76.19,46.61,61.86,30.69,47.52
2026-04-04,18,1,2026-04-04 06:39:00,5,日本トーター杯争奪戦,2,5078,山川 波乙,3,28,46.5,0,0,0.17,4.25,26.37,39.56,3.44,11.11,22.22,31.86,47.55,37,49
2026-04-04,18,1,2026-04-04 06:39:00,5,日本トーター杯争奪戦,3,4567,上村 慎太郎,3,38,51.5,0,0,0.22,4.14,19.44,37.5,4.35,22.58,45.16,33.18,52.07,29,48
2026-04-04,18,1,2026-04-04 06:39:00,5,日本トーター杯争奪戦,4,4510,坂本 奈央,4,37,47.5,0,0,0.22,3.3,13.33,23.33,0,0,0,34.08,53.36,40.59,59.41
2026-04-04,18,1,2026-04-04 06:39:00,5,日本トーター杯争奪戦,5,4010,越智 照浩,3,46,56.3,0,0,0.18,3.85,12.35,28.4,0,0,0,46.15,63.8,34.65,50.5
2026-04-04,18,1,2026-04-04 06:39:00,5,日本トーター杯争奪戦,6,4082,濱崎 誠,3,46,52,0,0,0.15,5.29,33.68,48.42,4.44,22.22,33.33,33.91,51.5,35.05,52.58
2026-04-04,18,2,2026-04-04 06:44:00,5,日本トーター杯争奪戦,1,4302,西野 翔太,2,42,52,0,0,0.13,6.86,58.78,70.99,6.57,50.98,68.63,22.95,42.62,27.55,38.78
2026-04-04,18,2,2026-04-04 06:44:00,5,日本トーター杯争奪戦,2,5035,櫻井 優,3,28,52.4,0,0,0.17,5.37,34.31,53.92,5.06,38.89,44.44,37.92,55,31.31,42.42
2026-04-04,18,2,2026-04-04 06:44:00,5,日本トーター杯争奪戦,3,5322,根岸 真優,4,24,45.5,0,0,0.22,2.17,4.23,11.27,1.13,0,0,30.09,52.21,27.72,48.51
2026-04-04,18,2,2026-04-04 06:44:00,5,日本トーター杯争奪戦,4,3569,増田 進,3,54,52,0,0,0.18,4.29,20.21,36.17,0,0,0,36.24,50,40.59,52.48
2026-04-04,18,2,2026-04-04 06:44:00,5,日本トーター杯争奪戦,5,3641,一瀬 明,2,54,52.2,0,0,0.16,6.29,43.75,60.94,6.79,47.06,73.53,38.5,58.69,40.59,52.48
2026-04-04,18,2,2026-04-04 06:44:00,5,日本トーター杯争奪戦,6,4425,大井 清貴,3,40,53.4,1,0,0.16,4.59,17.57,45.95,5.02,18.52,50,31.19,52.97,25.24,41.75
2026-04-04,18,3,2026-04-04 06:50:00,5,日本トーター杯争奪戦,1,3541,三嶌 誠司,1,57,52.4,0,0,0.16,5.89,35.77,59.35,0,0,0,39.13,58.26,45.54,55.45
2026-04-04,18,3,2026-04-04 06:50:00,5,日本トーター杯争奪戦,2,5229,吉川 晴人,2,23,55.5,1,0,0.15,5.48,33,52,0,0,0,31.72,49.78,33.01,40.78
2026-04-04,18,3,2026-04-04 06:50:00,5,日本トーター杯争奪戦,3,4035,杉江 浩明,3,47,51,0,0,0.2,4.17,23.36,34.58,2.89,11.11,22.22,37.1,53.85,41.24,60.82
2026-04-04,18,3,2026-04-04 06:50:00,5,日本トーター杯争奪戦,4,5105,富田 恕生,3,27,52.6,0,0,0.18,4.77,24.14,45.98,5.4,40,55,35.84,57.08,40.22,63.04
2026-04-04,18,3,2026-04-04 06:50:00,5,日本トーター杯争奪戦,5,4197,渥美 卓郎,3,43,54.8,0,0,0.18,3.91,15.46,29.9,4.17,16.67,44.44,44.39,60.54,34.69,51.02
2026-04-04,18,3,2026-04-04 06:50:00,5,日本トーター杯争奪戦,6,4365,盛本 真輔,3,40,52,0,0,0.17,5.61,41.67,56.48,5.06,33.33,50,39.91,54.51,25.49,44.12
2026-04-04,18,4,2026-04-04 06:56:00,5,日本トーター杯争奪戦,1,4174,赤坂 俊輔,1,43,52,0,0,0.16,6.51,41.79,68.66,5.65,35.29,52.94,33.48,50,34.65,52.48
2026-04-04,18,4,2026-04-04 06:56:00,5,日本トーター杯争奪戦,2,4435,服部 達哉,3,39,53,0,0,0.19,5.38,33.33,54.17,4.35,29.41,41.18,49.78,64.44,33.68,45.26
2026-04-04,18,4,2026-04-04 06:56:00,5,日本トーター杯争奪戦,3,3797,岩井 繁,3,52,58.1,0,0,0.19,4,20.62,32.99,3.42,4.17,20.83,41.96,54.46,36.27,63.73
2026-04-04,18,4,2026-04-04 06:56:00,5,日本トーター杯争奪戦,4,3572,安田 政彦,2,54,52.2,0,0,0.2,4.92,26.32,42.11,4.6,30,50,29.12,48.35,26.26,45.45
2026-04-04,18,4,2026-04-04 06:56:00,5,日本トーター杯争奪戦,5,5190,大月 遊雅,3,25,52,0,0,0.18,4.66,26.58,46.84,0,0,0,44.17,59.58,29.17,41.67
2026-04-04,18,4,2026-04-04 06:56:00,5,日本トーター杯争奪戦,6,3502,渡邉 英児,3,56,52,0,0,0.18,5.63,38.37,55.81,6.14,47.62,57.14,37.27,58.64,36.63,58.42
2026-04-04,18,5,2026-04-04 07:02:00,5,日本トーター杯争奪戦,1,4966,田川 大貴,2,28,53.5,1,0,0.14,5.3,38.74,46.85,5,25,37.5,42.99,57.94,30.61,46.94
2026-04-04,18,5,2026-04-04 07:02:00,5,日本トーター杯争奪戦,2,5115,香川 颯太,4,26,52,0,0,0.15,5.13,33.93,50,0,0,0,31.98,49.1,30.1,43.69
2026-04-04,18,5,2026-04-04 07:02:00,5,日本トーター杯争奪戦,3,4561,藤山 翔大,2,35,52,0,0,0.19,6.11,48.15,60.19,5.21,39.29,50,41.86,54.88,38.61,63.37
2026-04-04,18,5,2026-04-04 07:02:00,5,日本トーター杯争奪戦,4,4567,上村 慎太郎,3,38,51.5,0,0,0.22,4.14,19.44,37.5,4.35,22.58,45.16,33.18,52.07,29,48
2026-04-04,18,5,2026-04-04 07:02:00,5,日本トーター杯争奪戦,5,4151,下河 誉史,3,43,55.2,0,0,0.19,5.35,33.91,53.91,5.74,35.48,61.29,36.6,52.58,27.45,39.22
2026-04-04,18,5,2026-04-04 07:02:00,5,日本トーター杯争奪戦,6,3527,中嶋 誠一郎,3,55,52.9,0,0,0.16,4.96,32.41,46.3,5.5,44.44,50,32.72,48.85,25.49,38.24
2026-04-04,18,6,2026-04-04 07:08:00,5,日本トーター杯争奪戦,1,4082,濱崎 誠,3,46,52,0,0,0.15,5.29,33.68,48.42,4.44,22.22,33.33,33.91,51.5,35.05,52.58
2026-04-04,18,6,2026-04-04 07:08:00,5,日本トーター杯争奪戦,2,4419,原 加央理,3,38,45,0,0,0.16,5.54,40.74,58.02,0,0,0,34.17,51.76,33,51
2026-04-04,18,6,2026-04-04 07:08:00,5,日本トーター杯争奪戦,3,3569,増田 進,3,54,52,0,0,0.18,4.29,20.21,36.17,0,0,0,36.24,50,40.59,52.48
2026-04-04,18,6,2026-04-04 07:08:00,5,日本トーター杯争奪戦,4,5064,品川 二千翔,2,27,51.5,0,0,0.16,5.84,38.39,57.14,5.35,29.41,58.82,34.23,52.25,21.57,38.24
2026-04-04,18,6,2026-04-04 07:08:00,5,日本トーター杯争奪戦,5,5322,根岸 真優,4,24,45.5,0,0,0.22,2.17,4.23,11.27,1.13,0,0,30.09,52.21,27.72,48.51
2026-04-04,18,6,2026-04-04 07:08:00,5,日本トーター杯争奪戦,6,3158,島川 光男,2,61,52.2,1,0,0.15,5.4,36.63,55.45,5.82,42.11,55.26,32.91,53.42,31.31,48.48
2026-04-04,18,7,2026-04-04 07:14:00,5,日本トーター杯争奪戦,1,4425,大井 清貴,3,40,53.4,1,0,0.16,4.59,17.57,45.95,5.02,18.52,50,31.19,52.97,25.24,41.75
2026-04-04,18,7,2026-04-04 07:14:00,5,日本トーター杯争奪戦,2,4197,渥美 卓郎,3,43,54.8,0,0,0.18,3.91,15.46,29.9,4.17,16.67,44.44,44.39,60.54,34.69,51.02
2026-04-04,18,7,2026-04-04 07:14:00,5,日本トーター杯争奪戦,3,4510,坂本 奈央,4,37,47.5,0,0,0.22,3.3,13.33,23.33,0,0,0,34.08,53.36,40.59,59.41
2026-04-04,18,7,2026-04-04 07:14:00,5,日本トーター杯争奪戦,4,4035,杉江 浩明,3,47,51,0,0,0.2,4.17,23.36,34.58,2.89,11.11,22.22,37.1,53.85,41.24,60.82
2026-04-04,18,7,2026-04-04 07:14:00,5,日本トーター杯争奪戦,5,5035,櫻井 優,3,28,52.4,0,0,0.17,5.37,34.31,53.92,5.06,38.89,44.44,37.92,55,31.31,42.42
2026-04-04,18,7,2026-04-04 07:14:00,5,日本トーター杯争奪戦,6,5078,山川 波乙,3,28,46.5,0,0,0.17,4.25,26.37,39.56,3.44,11.11,22.22,31.86,47.55,37,49
2026-04-04,18,8,2026-04-04 07:20:00,5,日本トーター杯争奪戦,1,4043,桐本 康臣,2,46,52.9,1,0,0.15,5.71,34.58,58.88,5.96,44,68,37.5,54.44,36.54,56.73
2026-04-04,18,8,2026-04-04 07:20:00,5,日本トーター杯争奪戦,2,5190,大月 遊雅,3,25,52,0,0,0.18,4.66,26.58,46.84,0,0,0,44.17,59.58,29.17,41.67
2026-04-04,18,8,2026-04-04 07:20:00,5,日本トーター杯争奪戦,3,4402,乙藤 智史,2,41,54,0,0,0.17,5.41,38.71,53.76,7.24,61.9,76.19,46.61,61.86,30.69,47.52
2026-04-04,18,8,2026-04-04 07:20:00,5,日本トーター杯争奪戦,4,4010,越智 照浩,3,46,56.3,0,0,0.18,3.85,12.35,28.4,0,0,0,46.15,63.8,34.65,50.5
2026-04-04,18,8,2026-04-04 07:20:00,5,日本トーター杯争奪戦,5,4435,服部 達哉,3,39,53,0,0,0.19,5.38,33.33,54.17,4.35,29.41,41.18,49.78,64.44,33.68,45.26
2026-04-04,18,8,2026-04-04 07:20:00,5,日本トーター杯争奪戦,6,5357,田中 瀬里奈,4,21,54.1,0,0,0.19,1.52,1.52,3.03,1.89,0,11.11,33.33,51.39,38.61,58.42
2026-04-04,18,9,2026-04-04 07:26:00,5,日本トーター杯争奪戦,1,3641,一瀬 明,2,54,52.2,0,0,0.16,6.29,43.75,60.94,6.79,47.06,73.53,38.5,58.69,40.59,52.48
2026-04-04,18,9,2026-04-04 07:26:00,5,日本トーター杯争奪戦,2,5105,富田 恕生,3,27,52.6,0,0,0.18,4.77,24.14,45.98,5.4,40,55,35.84,57.08,40.22,63.04
2026-04-04,18,9,2026-04-04 07:26:00,5,日本トーター杯争奪戦,3,3541,三嶌 誠司,1,57,52.4,0,0,0.16,5.89,35.77,59.35,0,0,0,39.13,58.26,45.54,55.45
2026-04-04,18,9,2026-04-04 07:26:00,5,日本トーター杯争奪戦,4,5115,香川 颯太,4,26,52,0,0,0.15,5.13,33.93,50,0,0,0,31.98,49.1,30.1,43.69
2026-04-04,18,9,2026-04-04 07:26:00,5,日本トーター杯争奪戦,5,3572,安田 政彦,2,54,52.2,0,0,0.2,4.92,26.32,42.11,4.6,30,50,29.12,48.35,26.26,45.45
2026-04-04,18,9,2026-04-04 07:26:00,5,日本トーター杯争奪戦,6,3797,岩井 繁,3,52,58.1,0,0,0.19,4,20.62,32.99,3.42,4.17,20.83,41.96,54.46,36.27,63.73
2026-04-04,18,10,2026-04-04 07:32:00,5,日本トーター杯争奪戦,1,4365,盛本 真輔,3,40,52,0,0,0.17,5.61,41.67,56.48,5.06,33.33,50,39.91,54.51,25.49,44.12
2026-04-04,18,10,2026-04-04 07:32:00,5,日本トーター杯争奪戦,2,3502,渡邉 英児,3,56,52,0,0,0.18,5.63,38.37,55.81,6.14,47.62,57.14,37.27,58.64,36.63,58.42
2026-04-04,18,10,2026-04-04 07:32:00,5,日本トーター杯争奪戦,3,5064,品川 二千翔,2,27,51.5,0,0,0.16,5.84,38.39,57.14,5.35,29.41,58.82,34.23,52.25,21.57,38.24
2026-04-04,18,10,2026-04-04 07:32:00,5,日本トーター杯争奪戦,4,4302,西野 翔太,2,42,52,0,0,0.13,6.86,58.78,70.99,6.57,50.98,68.63,22.95,42.62,27.55,38.78
2026-04-04,18,10,2026-04-04 07:32:00,5,日本トーター杯争奪戦,5,4966,田川 大貴,2,28,53.5,1,0,0.14,5.3,38.74,46.85,5,25,37.5,42.99,57.94,30.61,46.94
2026-04-04,18,10,2026-04-04 07:32:00,5,日本トーター杯争奪戦,6,4561,藤山 翔大,2,35,52,0,0,0.19,6.11,48.15,60.19,5.21,39.29,50,41.86,54.88,38.61,63.37
2026-04-04,18,11,2026-04-04 07:38:00,5,日本トーター杯争奪戦,1,3527,中嶋 誠一郎,3,55,52.9,0,0,0.16,4.96,32.41,46.3,5.5,44.44,50,32.72,48.85,25.49,38.24
2026-04-04,18,11,2026-04-04 07:38:00,5,日本トーター杯争奪戦,2,3158,島川 光男,2,61,52.2,1,0,0.15,5.4,36.63,55.45,5.82,42.11,55.26,32.91,53.42,31.31,48.48
2026-04-04,18,11,2026-04-04 07:38:00,5,日本トーター杯争奪戦,3,4174,赤坂 俊輔,1,43,52,0,0,0.16,6.51,41.79,68.66,5.65,35.29,52.94,33.48,50,34.65,52.48
2026-04-04,18,11,2026-04-04 07:38:00,5,日本トーター杯争奪戦,4,4419,原 加央理,3,38,45,0,0,0.16,5.54,40.74,58.02,0,0,0,34.17,51.76,33,51
2026-04-04,18,11,2026-04-04 07:38:00,5,日本トーター杯争奪戦,5,5229,吉川 晴人,2,23,55.5,1,0,0.15,5.48,33,52,0,0,0,31.72,49.78,33.01,40.78
2026-04-04,18,11,2026-04-04 07:38:00,5,日本トーター杯争奪戦,6,4043,桐本 康臣,2,46,52.9,1,0,0.15,5.71,34.58,58.88,5.96,44,68,37.5,54.44,36.54,56.73
2026-04-04,18,12,2026-04-04 07:49:00,5,日本トーター杯争奪戦,1,3618,海野 ゆかり,1,52,45.5,0,0,0.16,6.16,46.77,57.26,5.56,33.33,33.33,29.41,45.1,31.31,53.54
2026-04-04,18,12,2026-04-04 07:49:00,5,日本トーター杯争奪戦,2,4926,吉川 貴仁,1,32,52,1,0,0.14,7.72,66.67,81.61,6.86,54.55,68.18,26.46,39.15,31.37,50
2026-04-04,18,12,2026-04-04 07:49:00,5,日本トーター杯争奪戦,3,4504,前田 将太,1,38,54.2,1,0,0.14,6.29,37.93,54.31,7.14,51.02,65.31,35.29,52.1,38.24,56.86
2026-04-04,18,12,2026-04-04 07:49:00,5,日本トーター杯争奪戦,4,5191,飛田 江己,1,24,52,0,0,0.13,6.29,41.98,61.07,0,0,0,39.64,54.5,35,50
2026-04-04,18,12,2026-04-04 07:49:00,5,日本トーター杯争奪戦,5,4797,中山 将,2,34,53.7,0,0,0.15,6.41,48.39,65.59,5.91,45.45,54.55,44.3,59.92,33.33,47.47
2026-04-04,18,12,2026-04-04 07:49:00,5,日本トーター杯争奪戦,6,4193,郷原 章平,1,44,52,0,0,0.17,6.1,41.18,61.03,5.61,38.71,54.84,27.83,44.34,22.55,34.31
2026-04-04,21,1,2026-04-04 08:44:00,5,西部ボートレース記者クラブ杯,1,4531,武富 智亮,2,37,53,0,0,0.16,5.93,40,55,5.8,32,56,34.78,54.35,36.17,52.77
2026-04-04,21,1,2026-04-04 08:44:00,5,西部ボートレース記者クラブ杯,2,5185,加藤 優弥,3,26,52.4,0,0,0.15,5.2,32.63,47.37,0,0,0,37.74,57.55,32.88,43.84
2026-04-04,21,1,2026-04-04 08:44:00,5,西部ボートレース記者クラブ杯,3,5067,山田 真聖,3,27,58.1,0,0,0.14,5.01,28.92,48.19,5,35.29,47.06,27.96,42.65,33.33,46.12
2026-04-04,21,1,2026-04-04 08:44:00,5,西部ボートレース記者クラブ杯,4,4315,山崎 昂介,3,41,52.3,0,0,0.19,4.81,28.4,41.98,4.77,28.21,43.59,41.12,63.08,38.86,57.21
2026-04-04,21,1,2026-04-04 08:44:00,5,西部ボートレース記者クラブ杯,5,5282,中本 大樹,3,23,53,0,0,0.17,4.67,21.88,44.79,0,0,0,38.32,51.4,39.57,54.89
2026-04-04,21,1,2026-04-04 08:44:00,5,西部ボートレース記者クラブ杯,6,3297,藤丸 光一,3,59,50,1,0,0.18,4.16,17.74,32.26,4.94,30,50,19.91,36.11,31.19,50
2026-04-04,21,2,2026-04-04 09:10:00,5,西部ボートレース記者クラブ杯,1,3333,丸尾 義孝,2,57,52.4,0,0,0.14,6.22,45.45,60.91,5.79,42.11,57.89,33.77,51.75,32.74,50
2026-04-04,21,2,2026-04-04 09:10:00,5,西部ボートレース記者クラブ杯,2,4232,笠 雅雄,3,42,52.6,0,0,0.2,5.02,32.93,47.56,4.65,23.53,35.29,35.1,49.39,36.64,55.17
2026-04-04,21,2,2026-04-04 09:10:00,5,西部ボートレース記者クラブ杯,3,5307,富永 夏哉人,3,22,51.5,0,0,0.2,4.55,23.26,44.19,3.65,0,35.29,41.35,55.77,41.06,52.85
2026-04-04,21,2,2026-04-04 09:10:00,5,西部ボートレース記者クラブ杯,4,3716,石渡 鉄兵,1,51,52.3,1,0,0.13,6.27,35,48,0,0,0,29.34,44.21,33.47,48.73
2026-04-04,21,2,2026-04-04 09:10:00,5,西部ボートレース記者クラブ杯,5,3246,星野 政彦,4,61,52.3,1,0,0.16,3.43,13.51,18.92,4.24,29.41,41.18,34.92,52.38,34.23,45.95
2026-04-04,21,2,2026-04-04 09:10:00,5,西部ボートレース記者クラブ杯,6,3796,長野 道臣,3,52,53.4,0,0,0.16,5.55,40.3,58.21,4.47,26.67,33.33,27.67,44.66,34.39,55.2
2026-04-04,21,3,2026-04-04 09:36:00,5,西部ボートレース記者クラブ杯,1,4319,三宅 潤,2,41,54,1,0,0.17,5.68,41.3,56.52,6.24,47.06,52.94,31.28,50.24,29.52,48.57
2026-04-04,21,3,2026-04-04 09:36:00,5,西部ボートレース記者クラブ杯,2,5020,宮村 勇哉,3,33,53.9,0,1,0.15,4.06,18.52,31.48,0,0,0,42.92,58.75,34.53,53.36
2026-04-04,21,3,2026-04-04 09:36:00,5,西部ボートレース記者クラブ杯,3,4137,君島 秀三,1,45,52.8,0,0,0.14,6.63,54,67,6.83,58.62,68.97,42.65,59.8,35.62,52.05
2026-04-04,21,3,2026-04-04 09:36:00,5,西部ボートレース記者クラブ杯,4,5236,小宮 涼雅,3,27,52.2,0,0,0.19,4.02,19.78,38.46,2,0,0,25.85,45.85,36.65,48.87
2026-04-04,21,3,2026-04-04 09:36:00,5,西部ボートレース記者クラブ杯,5,5096,上原 崚,2,30,52.1,1,0,0.13,5.57,35.16,51.65,2.5,0,0,28.97,49.07,32.14,50
2026-04-04,21,3,2026-04-04 09:36:00,5,西部ボートレース記者クラブ杯,6,5246,楠 将太郎,3,24,52,1,0,0.19,5.6,39.6,56.44,3.44,11.11,33.33,32.67,53.78,37.9,58.9
2026-04-04,21,4,2026-04-04 10:02:00,5,西部ボートレース記者クラブ杯,1,4590,渡邉 優美,1,33,48.3,0,0,0.16,6.37,37.63,59.14,7.23,56.67,73.33,38.52,50.82,43.88,60.76
2026-04-04,21,4,2026-04-04 10:02:00,5,西部ボートレース記者クラブ杯,2,5182,宮崎 安奈,3,27,46.5,1,0,0.14,5.36,37.18,51.28,3.25,12.5,18.75,22.46,39.04,32.08,50.94
2026-04-04,21,4,2026-04-04 10:02:00,5,西部ボートレース記者クラブ杯,3,4017,向井 美鈴,2,46,46,0,0,0.17,5.37,32.99,50.52,5.85,48.15,55.56,30.8,50.89,31.82,49.55
2026-04-04,21,4,2026-04-04 10:02:00,5,西部ボートレース記者クラブ杯,4,5391,出穂 和鼓,4,18,52.4,1,0,0.16,1.89,0,2.13,0,0,0,32.51,45.27,37.02,56.6
2026-04-04,21,4,2026-04-04 10:02:00,5,西部ボートレース記者クラブ杯,5,5163,清水 愛海,1,26,45.5,1,0,0.17,6.59,51.22,67.07,6.06,44.44,66.67,38.7,55.65,37.18,52.14
2026-04-04,21,4,2026-04-04 10:02:00,5,西部ボートレース記者クラブ杯,6,5380,野田 亜湖,4,21,51.4,0,0,0.3,1.18,0,0,0,0,0,34.92,49.21,33.19,49.56
2026-04-04,21,5,2026-04-04 10:32:00,5,西部ボートレース記者クラブ杯,1,3984,坂口 周,2,48,52.5,0,0,0.17,6.84,49.14,68.97,3.8,20,20,35.27,53.94,30.91,46.36
2026-04-04,21,5,2026-04-04 10:32:00,5,西部ボートレース記者クラブ杯,2,3297,藤丸 光一,3,59,50,1,0,0.18,4.16,17.74,32.26,4.94,30,50,19.91,36.11,31.19,50
2026-04-04,21,5,2026-04-04 10:32:00,5,西部ボートレース記者クラブ杯,3,3876,中辻 崇人,1,49,52.2,2,0,0.13,7.27,55.56,67.78,7.8,71.43,73.47,32.48,48.72,40.96,57.83
2026-04-04,21,5,2026-04-04 10:32:00,5,西部ボートレース記者クラブ杯,4,4231,鈴木 裕隆,2,42,55.3,0,0,0.17,5.36,27.62,54.29,5.03,33.33,42.42,38.68,55.56,33.18,45.91
2026-04-04,21,5,2026-04-04 10:32:00,5,西部ボートレース記者クラブ杯,5,3212,亀本 勇樹,3,64,58.5,0,0,0.17,4.45,21.62,39.19,5.29,28.57,57.14,45.41,67.43,40.5,53.72
2026-04-04,21,5,2026-04-04 10:32:00,5,西部ボートレース記者クラブ杯,6,4254,川島 圭司,2,42,52,2,0,0.13,5.45,32.65,51.02,6.13,40,63.33,32.92,51.03,35.56,54.67
2026-04-04,21,6,2026-04-04 11:03:00,5,西部ボートレース記者クラブ杯,1,5307,富永 夏哉人,3,22,51.5,0,0,0.2,4.55,23.26,44.19,3.65,0,35.29,41.35,55.77,41.06,52.85
2026-04-04,21,6,2026-04-04 11:03:00,5,西部ボートレース記者クラブ杯,2,4315,山崎 昂介,3,41,52.3,0,0,0.19,4.81,28.4,41.98,4.77,28.21,43.59,41.12,63.08,38.86,57.21
2026-04-04,21,6,2026-04-04 11:03:00,5,西部ボートレース記者クラブ杯,3,3997,北村 征嗣,1,46,52.6,0,0,0.16,6.56,45.45,70.25,6.94,54.84,74.19,46.3,62.04,36.49,52.25
2026-04-04,21,6,2026-04-04 11:03:00,5,西部ボートレース記者クラブ杯,4,3730,塩崎 優司,3,53,52.2,0,0,0.17,5.34,35.37,53.66,4.43,28.57,28.57,31.15,50.82,32.74,46.9
2026-04-04,21,6,2026-04-04 11:03:00,5,西部ボートレース記者クラブ杯,5,4834,浜本 裕己,2,38,51.5,0,0,0.14,5.77,36.11,57.41,4.41,23.53,41.18,28.5,45.33,37.17,53.54
2026-04-04,21,6,2026-04-04 11:03:00,5,西部ボートレース記者クラブ杯,6,3406,中里 英夫,2,57,52.8,1,0,0.17,5.41,34,55,5.31,46.15,53.85,33.91,52.17,38.11,51.64
2026-04-04,21,7,2026-04-04 11:34:00,5,西部ボートレース記者クラブ杯,1,4407,鹿島 敏弘,3,40,54.3,0,0,0.18,5.01,26.44,49.43,0,0,0,34.14,47.39,38.26,56.52
2026-04-04,21,7,2026-04-04 11:34:00,5,西部ボートレース記者クラブ杯,2,5060,数原 魁,3,28,52,0,0,0.17,6,44.57,60.87,4.64,32.14,46.43,39.8,57.14,32.59,55.8
2026-04-04,21,7,2026-04-04 11:34:00,5,西部ボートレース記者クラブ杯,3,3246,星野 政彦,4,61,52.3,1,0,0.16,3.43,13.51,18.92,4.24,29.41,41.18,34.92,52.38,34.23,45.95
2026-04-04,21,7,2026-04-04 11:34:00,5,西部ボートレース記者クラブ杯,4,5282,中本 大樹,3,23,53,0,0,0.17,4.67,21.88,44.79,0,0,0,38.32,51.4,39.57,54.89
2026-04-04,21,7,2026-04-04 11:34:00,5,西部ボートレース記者クラブ杯,5,5020,宮村 勇哉,3,33,53.9,0,1,0.15,4.06,18.52,31.48,0,0,0,42.92,58.75,34.53,53.36
2026-04-04,21,7,2026-04-04 11:34:00,5,西部ボートレース記者クラブ杯,6,4951,新田 洋一,3,32,53.9,0,0,0.14,5.4,34.25,57.53,0,0,0,48.15,66.2,31.67,45.7
2026-04-04,21,8,2026-04-04 12:06:00,5,西部ボートレース記者クラブ杯,1,3081,岡本 慎治,3,62,52,0,0,0.17,4.88,30,48.33,4.85,30,40,36.48,55.33,29.49,47.93
2026-04-04,21,8,2026-04-04 12:06:00,5,西部ボートレース記者クラブ杯,2,5142,常住 蓮,1,25,52,1,0,0.12,7.51,59.77,77.01,6.56,50,61.11,27.49,42.65,29.73,47.3
2026-04-04,21,8,2026-04-04 12:06:00,5,西部ボートレース記者クラブ杯,3,3944,山口 裕二,2,47,52.2,0,0,0.17,6.5,50.93,66.67,6.47,50,61.11,42.03,57.97,35.51,51.84
2026-04-04,21,8,2026-04-04 12:06:00,5,西部ボートレース記者クラブ杯,4,3796,長野 道臣,3,52,53.4,0,0,0.16,5.55,40.3,58.21,4.47,26.67,33.33,27.67,44.66,34.39,55.2
2026-04-04,21,8,2026-04-04 12:06:00,5,西部ボートレース記者クラブ杯,5,4989,石原 翼,2,28,52,0,0,0.13,6.01,44,61,5.78,37.04,62.96,35.66,50.39,31.84,52.02
2026-04-04,21,8,2026-04-04 12:06:00,5,西部ボートレース記者クラブ杯,6,5429,吉川 颯汰,4,22,57.9,1,0,,1.15,0,0,1.38,0,0,32.92,48.15,34.82,49.11
2026-04-04,21,9,2026-04-04 12:42:00,5,西部ボートレース記者クラブ杯,1,4231,鈴木 裕隆,2,42,55.3,0,0,0.17,5.36,27.62,54.29,5.03,33.33,42.42,38.68,55.56,33.18,45.91
2026-04-04,21,9,2026-04-04 12:42:00,5,西部ボートレース記者クラブ杯,2,5067,山田 真聖,3,27,58.1,0,0,0.14,5.01,28.92,48.19,5,35.29,47.06,27.96,42.65,33.33,46.12
2026-04-04,21,9,2026-04-04 12:42:00,5,西部ボートレース記者クラブ杯,3,5096,上原 崚,2,30,52.1,1,0,0.13,5.57,35.16,51.65,2.5,0,0,28.97,49.07,32.14,50
2026-04-04,21,9,2026-04-04 12:42:00,5,西部ボートレース記者クラブ杯,4,5380,野田 亜湖,4,21,51.4,0,0,0.3,1.18,0,0,0,0,0,34.92,49.21,33.19,49.56
2026-04-04,21,9,2026-04-04 12:42:00,5,西部ボートレース記者クラブ杯,5,3388,今垣 光太郎,1,56,52,0,0,0.15,7.32,52.78,70.83,5.67,33.33,66.67,30.71,48.82,38.22,58.22
2026-04-04,21,9,2026-04-04 12:42:00,5,西部ボートレース記者クラブ杯,6,4691,水原 慎,3,42,51.5,0,0,0.16,4.71,27.5,42.5,4.29,28.57,28.57,39.43,56.1,28.13,41.67
2026-04-04,21,10,2026-04-04 13:15:00,5,西部ボートレース記者クラブ杯,1,3716,石渡 鉄兵,1,51,52.3,1,0,0.13,6.27,35,48,0,0,0,29.34,44.21,33.47,48.73
2026-04-04,21,10,2026-04-04 13:15:00,5,西部ボートレース記者クラブ杯,2,4394,永嶋 裕一,2,39,52.6,0,0,0.14,5.88,43.16,60,5.89,32.43,54.05,44.5,60.09,29.7,46.04
2026-04-04,21,10,2026-04-04 13:15:00,5,西部ボートレース記者クラブ杯,3,5236,小宮 涼雅,3,27,52.2,0,0,0.19,4.02,19.78,38.46,2,0,0,25.85,45.85,36.65,48.87
2026-04-04,21,10,2026-04-04 13:15:00,5,西部ボートレース記者クラブ杯,4,3984,坂口 周,2,48,52.5,0,0,0.17,6.84,49.14,68.97,3.8,20,20,35.27,53.94,30.91,46.36
2026-04-04,21,10,2026-04-04 13:15:00,5,西部ボートレース記者クラブ杯,5,5182,宮崎 安奈,3,27,46.5,1,0,0.14,5.36,37.18,51.28,3.25,12.5,18.75,22.46,39.04,32.08,50.94
2026-04-04,21,10,2026-04-04 13:15:00,5,西部ボートレース記者クラブ杯,6,4144,石塚 久也,2,44,52,0,0,0.19,6.29,47.12,65.38,7.33,66.67,72.22,31.82,44.95,36.21,53.45
2026-04-04,21,11,2026-04-04 13:48:00,5,西部ボートレース記者クラブ杯,1,5163,清水 愛海,1,26,45.5,1,0,0.17,6.59,51.22,67.07,6.06,44.44,66.67,38.7,55.65,37.18,52.14
2026-04-04,21,11,2026-04-04 13:48:00,5,西部ボートレース記者クラブ杯,2,4834,浜本 裕己,2,38,51.5,0,0,0.14,5.77,36.11,57.41,4.41,23.53,41.18,28.5,45.33,37.17,53.54
2026-04-04,21,11,2026-04-04 13:48:00,5,西部ボートレース記者クラブ杯,3,4232,笠 雅雄,3,42,52.6,0,0,0.2,5.02,32.93,47.56,4.65,23.53,35.29,35.1,49.39,36.64,55.17
2026-04-04,21,11,2026-04-04 13:48:00,5,西部ボートレース記者クラブ杯,4,4319,三宅 潤,2,41,54,1,0,0.17,5.68,41.3,56.52,6.24,47.06,52.94,31.28,50.24,29.52,48.57
2026-04-04,21,11,2026-04-04 13:48:00,5,西部ボートレース記者クラブ杯,5,3876,中辻 崇人,1,49,52.2,2,0,0.13,7.27,55.56,67.78,7.8,71.43,73.47,32.48,48.72,40.96,57.83
2026-04-04,21,11,2026-04-04 13:48:00,5,西部ボートレース記者クラブ杯,6,5185,加藤 優弥,3,26,52.4,0,0,0.15,5.2,32.63,47.37,0,0,0,37.74,57.55,32.88,43.84
2026-04-04,21,12,2026-04-04 14:22:00,5,西部ボートレース記者クラブ杯,1,5142,常住 蓮,1,25,51,1,0,0.12,7.51,59.77,77.01,6.56,50,61.11,27.49,42.65,29.73,47.3
2026-04-04,21,12,2026-04-04 14:22:00,5,西部ボートレース記者クラブ杯,2,3333,丸尾 義孝,2,57,52.5,0,0,0.14,6.22,45.45,60.91,5.79,42.11,57.89,33.77,51.75,32.74,50
2026-04-04,21,12,2026-04-04 14:22:00,5,西部ボートレース記者クラブ杯,3,4254,川島 圭司,2,42,52,2,0,0.13,5.45,32.65,51.02,6.13,40,63.33,32.92,51.03,35.56,54.67
2026-04-04,21,12,2026-04-04 14:22:00,5,西部ボートレース記者クラブ杯,4,3406,中里 英夫,2,57,52.2,1,0,0.17,5.41,34,55,5.31,46.15,53.85,33.91,52.17,38.11,51.64
2026-04-04,21,12,2026-04-04 14:22:00,5,西部ボートレース記者クラブ杯,5,4531,武富 智亮,2,37,52.8,0,0,0.16,5.93,40,55,5.8,32,56,34.78,54.35,36.17,52.77
2026-04-04,21,12,2026-04-04 14:22:00,5,西部ボートレース記者クラブ杯,6,4137,君島 秀三,1,45,52.9,0,0,0.14,6.63,54,67,6.83,58.62,68.97,42.65,59.8,35.62,52.05
2026-04-04,22,1,2026-04-04 12:33:00,5,ヴィーナスシリーズ第1戦・マクール杯,1,5193,米丸 乃絵,1,24,47,1,0,0.14,6.61,45.28,68.87,5.41,36.73,55.1,34.48,55.17,10,25
2026-04-04,22,1,2026-04-04 12:33:00,5,ヴィーナスシリーズ第1戦・マクール杯,2,4720,西澤 日花里,3,31,47.5,0,0,0.19,4.28,16.25,40,6,36.36,63.64,23.08,30.77,45.45,63.64
2026-04-04,22,1,2026-04-04 12:33:00,5,ヴィーナスシリーズ第1戦・マクール杯,3,4987,島倉 都,3,28,49.7,0,0,0.17,4.11,19.44,31.94,4,33.33,33.33,37.5,59.38,50,65
2026-04-04,22,1,2026-04-04 12:33:00,5,ヴィーナスシリーズ第1戦・マクール杯,4,5326,三嶌 さらら,3,22,47.2,0,0,0.17,4.53,24.73,35.48,1.67,0,0,0,5.26,30,35
2026-04-04,22,1,2026-04-04 12:33:00,5,ヴィーナスシリーズ第1戦・マクール杯,5,4844,村上 奈穂,3,33,48.8,0,0,0.17,5.15,33.64,47.66,7.09,72.73,72.73,0,9.09,20.83,41.67
2026-04-04,22,1,2026-04-04 12:33:00,5,ヴィーナスシリーズ第1戦・マクール杯,6,4882,瀧川 千依,3,30,45.5,2,0,0.2,3.83,12.96,29.63,3.5,0,25,18.75,62.5,33.33,61.9
2026-04-04,22,2,2026-04-04 13:01:00,5,ヴィーナスシリーズ第1戦・マクール杯,1,5113,黒明 花夢,3,26,45,0,0,0.22,2.92,11.76,21.57,2.67,0,16.67,36.67,50,38.46,53.85
2026-04-04,22,2,2026-04-04 13:01:00,5,ヴィーナスシリーズ第1戦・マクール杯,2,4548,篠木 亜衣花,4,37,49.3,0,0,0.24,3.28,10.34,20.69,0,0,0,51.85,66.67,25,31.25
2026-04-04,22,2,2026-04-04 13:01:00,5,ヴィーナスシリーズ第1戦・マクール杯,3,5250,嶋田 有里,3,23,46.5,0,0,0.2,3.75,17.65,26.47,3.15,11.54,30.77,55.56,66.67,20,45
2026-04-04,22,2,2026-04-04 13:01:00,5,ヴィーナスシリーズ第1戦・マクール杯,4,4885,大山 千広,4,30,47.1,0,0,0.16,6.27,48.05,64.94,7.24,71.43,80.95,33.33,47.62,36.36,45.45
2026-04-04,22,2,2026-04-04 13:01:00,5,ヴィーナスシリーズ第1戦・マクール杯,5,5153,佐藤 ほのか,3,29,47.3,0,0,0.17,4.57,26.39,38.89,5,0,55.56,20.69,37.93,0,11.11
2026-04-04,22,2,2026-04-04 13:01:00,5,ヴィーナスシリーズ第1戦・マクール杯,6,5413,宮城 那菜,4,20,48.2,0,0,0.17,1.67,1.92,3.85,1.65,0,5.88,44.44,55.56,15.38,26.92
2026-04-04,22,3,2026-04-04 13:29:00,5,ヴィーナスシリーズ第1戦・マクール杯,1,3943,三松 直美,4,47,69.3,0,0,,0,0,0,0,0,0,28.57,42.86,0,16.67
2026-04-04,22,3,2026-04-04 13:29:00,5,ヴィーナスシリーズ第1戦・マクール杯,2,5069,山崎 小葉音,3,25,44,0,0,0.15,4.24,26,42,3.6,10,20,22.22,33.33,33.33,41.67
2026-04-04,22,3,2026-04-04 13:29:00,5,ヴィーナスシリーズ第1戦・マクール杯,3,4825,倉持 莉々,1,32,47.4,1,0,0.12,6.33,41.33,62.67,0,0,0,36.67,63.33,42.86,66.67
2026-04-04,22,3,2026-04-04 13:29:00,5,ヴィーナスシリーズ第1戦・マクール杯,4,4947,間庭 菜摘,3,33,47,0,0,0.19,4.65,23.53,38.82,4.35,25,45,20,46.67,5.26,21.05
2026-04-04,22,3,2026-04-04 13:29:00,5,ヴィーナスシリーズ第1戦・マクール杯,5,4854,大橋 由珠,4,31,45,0,0,0.18,4.77,27.08,43.75,0,0,0,10,25,22.22,51.85
2026-04-04,22,3,2026-04-04 13:29:00,5,ヴィーナスシリーズ第1戦・マクール杯,6,5390,高橋 涼夏,4,18,47.1,1,0,0.15,1.74,1.75,3.51,0.67,0,0,32.14,39.29,50,72.73
2026-04-04,22,4,2026-04-04 13:57:00,5,ヴィーナスシリーズ第1戦・マクール杯,1,5108,柴田 愛梨,4,27,47,0,0,0.31,2.51,4.65,9.3,0,0,0,40.63,56.25,52.38,66.67
2026-04-04,22,4,2026-04-04 13:57:00,5,ヴィーナスシリーズ第1戦・マクール杯,2,4642,松尾 夏海,1,34,47,0,0,0.16,5.79,43.02,54.65,5.59,37.04,44.44,23.81,42.86,20,30
2026-04-04,22,4,2026-04-04 13:57:00,5,ヴィーナスシリーズ第1戦・マクール杯,3,5151,山下 奈緒,3,30,47,0,0,0.21,4.42,20.48,34.94,4,10,30,35.48,61.29,15,25
2026-04-04,22,4,2026-04-04 13:57:00,5,ヴィーナスシリーズ第1戦・マクール杯,4,5297,南 彩寧,3,23,48.7,0,0,0.2,2.99,11.69,20.78,1.33,0,0,27.78,44.44,41.18,52.94
2026-04-04,22,4,2026-04-04 13:57:00,5,ヴィーナスシリーズ第1戦・マクール杯,5,5045,平川 香織,2,25,47,0,0,0.22,5.79,37.82,58.82,4.94,22.22,33.33,25,35.71,33.33,46.67
2026-04-04,22,4,2026-04-04 13:57:00,5,ヴィーナスシリーズ第1戦・マクール杯,6,5399,長野 未来,4,24,45,0,0,0.23,1.75,0,8.33,0,0,0,7.69,19.23,5.56,11.11
2026-04-04,22,5,2026-04-04 14:25:00,5,ヴィーナスシリーズ第1戦・マクール杯,1,5155,内山 七海,3,29,45.5,0,0,0.16,5.95,44.44,64.2,6,30,80,16.67,37.5,28.57,66.67
2026-04-04,22,5,2026-04-04 14:25:00,5,ヴィーナスシリーズ第1戦・マクール杯,2,4589,塩崎 桐加,2,33,47.7,1,0,0.15,4.8,27.78,40.74,0,0,0,41.38,51.72,5.56,22.22
2026-04-04,22,5,2026-04-04 14:25:00,5,ヴィーナスシリーズ第1戦・マクール杯,3,4246,喜多 那由夏,3,43,48.1,0,0,0.18,4.19,17.44,38.37,3.81,25,37.5,31.03,48.28,42.86,61.9
2026-04-04,22,5,2026-04-04 14:25:00,5,ヴィーナスシリーズ第1戦・マクール杯,4,5140,吉田 彩乃,3,25,47.7,0,0,0.19,4.69,25.64,44.87,0,0,0,28.57,42.86,9.52,28.57
2026-04-04,22,5,2026-04-04 14:25:00,5,ヴィーナスシリーズ第1戦・マクール杯,5,4117,廣中 智紗衣,1,45,46,1,0,0.2,5.68,38.78,60.2,7.89,66.67,66.67,35,55,33.33,44.44
2026-04-04,22,5,2026-04-04 14:25:00,5,ヴィーナスシリーズ第1戦・マクール杯,6,5326,三嶌 さらら,3,22,47.2,0,0,0.17,4.53,24.73,35.48,1.67,0,0,0,5.26,30,35
2026-04-04,22,6,2026-04-04 14:53:00,5,ヴィーナスシリーズ第1戦・マクール杯,1,5153,佐藤 ほのか,3,29,47.3,0,0,0.17,4.57,26.39,38.89,5,0,55.56,20.69,37.93,0,11.11
2026-04-04,22,6,2026-04-04 14:53:00,5,ヴィーナスシリーズ第1戦・マクール杯,2,3232,山川 美由紀,2,59,47,0,0,0.16,6.2,40,64.29,6.83,46.67,63.33,46.67,63.33,15.79,26.32
2026-04-04,22,6,2026-04-04 14:53:00,5,ヴィーナスシリーズ第1戦・マクール杯,3,5198,奥村 明日香,3,24,45,0,0,0.21,4.71,28.89,41.11,3.61,22.22,27.78,16.67,43.33,50,72.22
2026-04-04,22,6,2026-04-04 14:53:00,5,ヴィーナスシリーズ第1戦・マクール杯,4,4433,川野 芽唯,1,40,47,0,0,0.19,6.49,43.56,63.37,6.18,42.86,62.34,21.43,32.14,55,80
2026-04-04,22,6,2026-04-04 14:53:00,5,ヴィーナスシリーズ第1戦・マクール杯,5,4882,瀧川 千依,3,30,45.5,2,0,0.2,3.83,12.96,29.63,3.5,0,25,18.75,62.5,33.33,61.9
2026-04-04,22,6,2026-04-04 14:53:00,5,ヴィーナスシリーズ第1戦・マクール杯,6,5346,中村 紋夕梨,4,22,47,0,0,0.19,2.46,3.08,12.31,0,0,0,36.67,63.33,30,50
2026-04-04,22,7,2026-04-04 15:21:00,5,ヴィーナスシリーズ第1戦・マクール杯,1,5203,神里 琴音,3,21,44,0,0,0.15,4.57,26.37,43.96,5.2,38.57,52.86,8,12,29.41,41.18
2026-04-04,22,7,2026-04-04 15:21:00,5,ヴィーナスシリーズ第1戦・マクール杯,2,3993,永井 聖美,2,47,46.5,0,0,0.17,5,27.71,51.81,0,0,0,14.29,28.57,42.86,57.14
2026-04-04,22,7,2026-04-04 15:21:00,5,ヴィーナスシリーズ第1戦・マクール杯,3,5079,大石 真央,3,27,45.5,0,0,0.17,4.44,25.84,42.7,4,3.85,46.15,50,66.67,50,66.67
2026-04-04,22,7,2026-04-04 15:21:00,5,ヴィーナスシリーズ第1戦・マクール杯,4,4720,西澤 日花里,3,31,47.5,0,0,0.19,4.28,16.25,40,6,36.36,63.64,23.08,30.77,45.45,63.64
2026-04-04,22,7,2026-04-04 15:21:00,5,ヴィーナスシリーズ第1戦・マクール杯,5,4123,細川 裕子,1,44,47,0,0,0.19,6.55,45.22,66.96,6.68,36.36,54.55,27.59,41.38,45.45,68.18
2026-04-04,22,7,2026-04-04 15:21:00,5,ヴィーナスシリーズ第1戦・マクール杯,6,5365,石村 日奈那,3,24,47,0,0,0.21,2.23,4.92,9.84,0,0,0,47.62,52.38,54.55,72.73
2026-04-04,22,8,2026-04-04 15:51:00,5,ヴィーナスシリーズ第1戦・マクール杯,1,5088,高憧 四季,1,26,45,0,0,0.16,6.65,52,63.2,3.43,0,0,52.78,69.44,33.33,57.14
2026-04-04,22,8,2026-04-04 15:51:00,5,ヴィーナスシリーズ第1戦・マクール杯,2,5277,井上 未都,3,23,46.5,0,0,0.15,5.41,30.77,57.14,2.36,9.09,9.09,40,75,40,60
2026-04-04,22,8,2026-04-04 15:51:00,5,ヴィーナスシリーズ第1戦・マクール杯,3,4874,池田 奈津美,3,32,51.3,0,0,0.14,4.59,22.37,46.05,2.89,5.26,15.79,61.29,77.42,33.33,42.86
2026-04-04,22,8,2026-04-04 15:51:00,5,ヴィーナスシリーズ第1戦・マクール杯,4,4844,村上 奈穂,3,33,48.8,0,0,0.17,5.15,33.64,47.66,7.09,72.73,72.73,0,9.09,20.83,41.67
2026-04-04,22,8,2026-04-04 15:51:00,5,ヴィーナスシリーズ第1戦・マクール杯,5,4642,松尾 夏海,1,34,47,0,0,0.16,5.79,43.02,54.65,5.59,37.04,44.44,23.81,42.86,20,30
2026-04-04,22,8,2026-04-04 15:51:00,5,ヴィーナスシリーズ第1戦・マクール杯,6,5410,今泉 澪,4,20,49.6,0,0,0.21,1.77,4.29,7.14,0,0,0,46.67,53.33,26.32,47.37
2026-04-04,22,9,2026-04-04 16:21:00,5,ヴィーナスシリーズ第1戦・マクール杯,1,4773,中川 りな,2,32,49.7,0,0,0.19,5.61,37.72,58.77,5.69,41.18,55.88,28.57,53.57,33.33,52.38
2026-04-04,22,9,2026-04-04 16:21:00,5,ヴィーナスシリーズ第1戦・マクール杯,2,4556,竹井 奈美,1,36,47,1,0,0.15,6.6,50,68.75,7.57,66.67,80.95,52.63,73.68,45.45,63.64
2026-04-04,22,9,2026-04-04 16:21:00,5,ヴィーナスシリーズ第1戦・マクール杯,3,5140,吉田 彩乃,3,25,47.7,0,0,0.19,4.69,25.64,44.87,0,0,0,28.57,42.86,9.52,28.57
2026-04-04,22,9,2026-04-04 16:21:00,5,ヴィーナスシリーズ第1戦・マクール杯,4,4854,大橋 由珠,4,31,45,0,0,0.18,4.77,27.08,43.75,0,0,0,10,25,22.22,51.85
2026-04-04,22,9,2026-04-04 16:21:00,5,ヴィーナスシリーズ第1戦・マクール杯,5,4987,島倉 都,3,28,49.7,0,0,0.17,4.11,19.44,31.94,4,33.33,33.33,37.5,59.38,50,65
2026-04-04,22,9,2026-04-04 16:21:00,5,ヴィーナスシリーズ第1戦・マクール杯,6,5013,山下 夏鈴,3,28,44.5,0,0,0.17,5.36,36.45,50.47,4.05,15,40,60,70,25,45
2026-04-04,22,10,2026-04-04 16:53:00,5,ヴィーナスシリーズ第1戦・マクール杯,1,4117,廣中 智紗衣,1,45,45.5,1,0,0.2,5.68,38.78,60.2,7.89,66.67,66.67,35,55,33.33,44.44
2026-04-04,22,10,2026-04-04 16:53:00,5,ヴィーナスシリーズ第1戦・マクール杯,2,5045,平川 香織,2,25,47,0,0,0.22,5.79,37.82,58.82,4.94,22.22,33.33,25,35.71,33.33,46.67
2026-04-04,22,10,2026-04-04 16:53:00,5,ヴィーナスシリーズ第1戦・マクール杯,3,5069,山崎 小葉音,3,25,44,0,0,0.15,4.24,26,42,3.6,10,20,22.22,33.33,33.33,41.67
2026-04-04,22,10,2026-04-04 16:53:00,5,ヴィーナスシリーズ第1戦・マクール杯,4,4525,真子 奈津実,3,37,47.2,1,0,0.15,4.6,22.86,42.86,5.25,37.5,45,36.84,47.37,34.38,43.75
2026-04-04,22,10,2026-04-04 16:53:00,5,ヴィーナスシリーズ第1戦・マクール杯,5,3232,山川 美由紀,2,59,47.1,0,0,0.16,6.2,40,64.29,6.83,46.67,63.33,46.67,63.33,15.79,26.32
2026-04-04,22,10,2026-04-04 16:53:00,5,ヴィーナスシリーズ第1戦・マクール杯,6,5250,嶋田 有里,3,23,46.5,0,0,0.2,3.75,17.65,26.47,3.15,11.54,30.77,55.56,66.67,20,45
2026-04-04,22,11,2026-04-04 17:25:00,5,ヴィーナスシリーズ第1戦・マクール杯,1,4373,若狭 奈美子,1,37,47,0,0,0.18,6.28,41.28,67.89,6.18,50,63.64,43.75,68.75,22.22,38.89
2026-04-04,22,11,2026-04-04 17:25:00,5,ヴィーナスシリーズ第1戦・マクール杯,2,4885,大山 千広,4,30,47.1,0,0,0.16,6.27,48.05,64.94,7.24,71.43,80.95,33.33,47.62,36.36,45.45
2026-04-04,22,11,2026-04-04 17:25:00,5,ヴィーナスシリーズ第1戦・マクール杯,3,4123,細川 裕子,1,44,47,0,0,0.19,6.55,45.22,66.96,6.68,36.36,54.55,27.59,41.38,45.45,68.18
2026-04-04,22,11,2026-04-04 17:25:00,5,ヴィーナスシリーズ第1戦・マクール杯,4,5346,中村 紋夕梨,4,22,47,0,0,0.19,2.46,3.08,12.31,0,0,0,36.67,63.33,30,50
2026-04-04,22,11,2026-04-04 17:25:00,5,ヴィーナスシリーズ第1戦・マクール杯,5,4589,塩崎 桐加,2,33,47.7,1,0,0.15,4.8,27.78,40.74,0,0,0,41.38,51.72,5.56,22.22
2026-04-04,22,11,2026-04-04 17:25:00,5,ヴィーナスシリーズ第1戦・マクール杯,6,5297,南 彩寧,3,23,48.7,0,0,0.2,2.99,11.69,20.78,1.33,0,0,27.78,44.44,41.18,52.94
2026-04-04,22,12,2026-04-04 18:00:00,5,ヴィーナスシリーズ第1戦・マクール杯,1,4825,倉持 莉々,1,32,47.4,1,0,0.12,6.33,41.33,62.67,0,0,0,36.67,63.33,42.86,66.67
2026-04-04,22,12,2026-04-04 18:00:00,5,ヴィーナスシリーズ第1戦・マクール杯,2,4433,川野 芽唯,1,40,47,0,0,0.19,6.49,43.56,63.37,6.18,42.86,62.34,21.43,32.14,55,80
2026-04-04,22,12,2026-04-04 18:00:00,5,ヴィーナスシリーズ第1戦・マクール杯,3,5088,高憧 四季,1,26,45,0,0,0.16,6.65,52,63.2,3.43,0,0,52.78,69.44,33.33,57.14
2026-04-04,22,12,2026-04-04 18:00:00,5,ヴィーナスシリーズ第1戦・マクール杯,4,5151,山下 奈緒,3,30,47,0,0,0.21,4.42,20.48,34.94,4,10,30,35.48,61.29,15,25
2026-04-04,22,12,2026-04-04 18:00:00,5,ヴィーナスシリーズ第1戦・マクール杯,5,5193,米丸 乃絵,1,24,47,1,0,0.14,6.61,45.28,68.87,5.41,36.73,55.1,34.48,55.17,10,25
2026-04-04,22,12,2026-04-04 18:00:00,5,ヴィーナスシリーズ第1戦・マクール杯,6,3993,永井 聖美,2,47,46.5,0,0,0.17,5,27.71,51.81,0,0,0,14.29,28.57,42.86,57.14
