racer_id,is_night,races,wins,win_rate,low_sample
0,0,7,0,0.0,1
0,1,18,0,0.0,0
2538,0,241,4,0.0166,0
2538,1,31,0,0.0,0
2878,0,260,33,0.1269,0
2878,1,46,6,0.1304,0
3024,0,194,57,0.2938,0
3024,1,52,23,0.4423,0
3054,0,192,33,0.1719,0
3054,1,43,5,0.1163,0
3070,0,144,22,0.1528,0
3070,1,20,4,0.2,0
3072,0,258,26,0.1008,0
3072,1,33,3,0.0909,0
3075,0,291,30,0.1031,0
3075,1,10,1,0.1,0
3081,0,114,18,0.1579,0
3081,1,50,5,0.1,0
3105,0,239,35,0.1464,0
3105,1,37,0,0.0,0
3107,0,190,13,0.0684,0
3107,1,26,1,0.0385,0
3156,0,237,16,0.0675,0
3156,1,22,0,0.0,0
3158,0,343,76,0.2216,0
3158,1,5,1,0.2,1
3159,0,161,47,0.2919,0
3159,1,64,19,0.2969,0
3161,0,223,17,0.0762,0
3161,1,76,7,0.0921,0
3175,0,204,11,0.0539,0
3175,1,53,2,0.0377,0
3176,0,171,15,0.0877,0
3202,0,265,24,0.0906,0
3202,1,25,0,0.0,0
3207,0,172,8,0.0465,0
3207,1,24,0,0.0,0
3211,0,212,11,0.0519,0
3211,1,67,0,0.0,0
3212,0,201,18,0.0896,0
3212,1,55,4,0.0727,0
3224,0,226,19,0.0841,0
3224,1,56,0,0.0,0
3226,0,266,23,0.0865,0
3226,1,28,1,0.0357,0
3232,0,195,41,0.2103,0
3232,1,71,9,0.1268,0
3233,0,259,30,0.1158,0
3233,1,30,4,0.1333,0
3246,0,118,9,0.0763,0
3246,1,8,0,0.0,1
3251,0,317,56,0.1767,0
3251,1,93,17,0.1828,0
3256,0,270,63,0.2333,0
3256,1,83,26,0.3133,0
3257,0,191,65,0.3403,0
3257,1,70,28,0.4,0
3265,0,210,47,0.2238,0
3265,1,74,16,0.2162,0
3268,0,235,31,0.1319,0
3268,1,51,2,0.0392,0
3273,0,50,4,0.08,0
3273,1,4,1,0.25,1
3277,0,232,22,0.0948,0
3277,1,64,3,0.0469,0
3282,0,221,15,0.0679,0
3282,1,67,3,0.0448,0
3284,0,218,30,0.1376,0
3284,1,65,8,0.1231,0
3286,0,167,20,0.1198,0
3286,1,35,3,0.0857,0
3289,0,111,8,0.0721,0
3289,1,45,3,0.0667,0
3293,0,228,4,0.0175,0
3293,1,38,1,0.0263,0
3294,0,198,18,0.0909,0
3294,1,56,5,0.0893,0
3297,0,221,19,0.086,0
3297,1,51,5,0.098,0
3300,0,287,62,0.216,0
3300,1,58,13,0.2241,0
3302,0,177,30,0.1695,0
3302,1,39,5,0.1282,0
3303,0,295,26,0.0881,0
3303,1,54,4,0.0741,0
3304,0,288,61,0.2118,0
3304,1,87,20,0.2299,0
3305,0,208,24,0.1154,0
3305,1,64,5,0.0781,0
3306,0,235,14,0.0596,0
3306,1,33,3,0.0909,0
3313,0,241,24,0.0996,0
3313,1,42,2,0.0476,0
3315,0,175,11,0.0629,0
3315,1,56,3,0.0536,0
3319,0,247,35,0.1417,0
3319,1,52,3,0.0577,0
3327,0,258,55,0.2132,0
3327,1,69,11,0.1594,0
3333,0,325,73,0.2246,0
3333,1,58,14,0.2414,0
3334,0,278,46,0.1655,0
3334,1,78,12,0.1538,0
3339,0,237,21,0.0886,0
3339,1,30,4,0.1333,0
3340,0,270,30,0.1111,0
3340,1,41,3,0.0732,0
3346,0,95,9,0.0947,0
3346,1,26,0,0.0,0
3349,0,205,52,0.2537,0
3349,1,123,25,0.2033,0
3350,0,288,49,0.1701,0
3350,1,3,1,0.3333,1
3352,0,233,4,0.0172,0
3352,1,65,2,0.0308,0
3353,0,136,9,0.0662,0
3353,1,31,1,0.0323,0
3355,0,108,2,0.0185,0
3355,1,11,1,0.0909,0
3357,0,238,12,0.0504,0
3357,1,38,1,0.0263,0
3361,0,203,14,0.069,0
3361,1,51,4,0.0784,0
3362,0,217,37,0.1705,0
3362,1,95,11,0.1158,0
3370,0,249,17,0.0683,0
3370,1,2,0,0.0,1
3372,0,179,7,0.0391,0
3372,1,24,0,0.0,0
3377,0,238,12,0.0504,0
3377,1,8,1,0.125,1
3381,0,261,38,0.1456,0
3381,1,53,5,0.0943,0
3385,0,269,48,0.1784,0
3385,1,48,4,0.0833,0
3388,0,209,59,0.2823,0
3388,1,73,22,0.3014,0
3391,0,24,1,0.0417,0
3391,1,7,0,0.0,1
3392,0,234,16,0.0684,0
3392,1,45,1,0.0222,0
3401,0,223,25,0.1121,0
3401,1,56,4,0.0714,0
3406,0,238,36,0.1513,0
3406,1,107,14,0.1308,0
3411,0,221,12,0.0543,0
3411,1,38,0,0.0,0
3412,0,289,69,0.2388,0
3412,1,94,21,0.2234,0
3414,0,49,7,0.1429,0
3414,1,31,2,0.0645,0
3415,0,212,43,0.2028,0
3415,1,139,36,0.259,0
3419,0,63,2,0.0317,0
3419,1,25,0,0.0,0
3422,0,274,74,0.2701,0
3422,1,84,26,0.3095,0
3430,0,283,34,0.1201,0
3430,1,27,1,0.037,0
3432,0,223,19,0.0852,0
3432,1,50,1,0.02,0
3434,0,266,28,0.1053,0
3434,1,41,4,0.0976,0
3435,0,290,64,0.2207,0
3435,1,64,14,0.2188,0
3436,0,238,45,0.1891,0
3436,1,43,9,0.2093,0
3439,0,334,74,0.2216,0
3439,1,8,0,0.0,1
3441,0,232,20,0.0862,0
3441,1,65,2,0.0308,0
3442,0,197,20,0.1015,0
3442,1,87,3,0.0345,0
3444,0,150,12,0.08,0
3444,1,27,1,0.037,0
3445,0,224,25,0.1116,0
3445,1,47,1,0.0213,0
3448,0,184,14,0.0761,0
3448,1,42,2,0.0476,0
3454,0,219,22,0.1005,0
3454,1,56,7,0.125,0
3455,0,246,31,0.126,0
3455,1,50,7,0.14,0
3458,0,177,15,0.0847,0
3458,1,80,5,0.0625,0
3459,0,229,13,0.0568,0
3459,1,34,1,0.0294,0
3461,0,152,11,0.0724,0
3461,1,37,1,0.027,0
3462,0,64,10,0.1562,0
3462,1,10,0,0.0,0
3463,0,247,20,0.081,0
3463,1,45,3,0.0667,0
3467,0,201,11,0.0547,0
3467,1,47,3,0.0638,0
3470,0,227,36,0.1586,0
3470,1,33,3,0.0909,0
3471,0,226,15,0.0664,0
3471,1,33,2,0.0606,0
3473,0,311,94,0.3023,0
3473,1,74,21,0.2838,0
3474,0,280,23,0.0821,0
3474,1,37,2,0.0541,0
3475,0,208,38,0.1827,0
3475,1,80,13,0.1625,0
3477,0,223,11,0.0493,0
3477,1,56,1,0.0179,0
3478,0,248,39,0.1573,0
3478,1,65,4,0.0615,0
3482,0,320,42,0.1313,0
3482,1,59,5,0.0847,0
3484,0,230,48,0.2087,0
3484,1,85,19,0.2235,0
3489,0,335,66,0.197,0
3489,1,83,11,0.1325,0
3497,0,195,40,0.2051,0
3497,1,75,4,0.0533,0
3499,0,258,65,0.2519,0
3499,1,86,16,0.186,0
3502,0,261,37,0.1418,0
3502,1,71,10,0.1408,0
3503,0,277,20,0.0722,0
3503,1,20,1,0.05,0
3505,0,268,41,0.153,0
3505,1,70,12,0.1714,0
3507,0,204,15,0.0735,0
3507,1,33,0,0.0,0
3508,0,249,36,0.1446,0
3508,1,67,7,0.1045,0
3509,0,190,7,0.0368,0
3509,1,45,1,0.0222,0
3514,0,245,52,0.2122,0
3514,1,88,24,0.2727,0
3516,0,226,20,0.0885,0
3516,1,45,3,0.0667,0
3517,0,262,42,0.1603,0
3517,1,54,13,0.2407,0
3518,0,192,12,0.0625,0
3518,1,47,1,0.0213,0
3519,0,237,18,0.0759,0
3519,1,45,3,0.0667,0
3523,0,208,12,0.0577,0
3523,1,36,1,0.0278,0
3527,0,253,31,0.1225,0
3527,1,80,11,0.1375,0
3528,0,186,16,0.086,0
3528,1,66,4,0.0606,0
3532,0,133,35,0.2632,0
3532,1,111,29,0.2613,0
3535,0,220,22,0.1,0
3535,1,51,3,0.0588,0
3538,0,129,9,0.0698,0
3538,1,61,3,0.0492,0
3539,0,259,22,0.0849,0
3539,1,61,3,0.0492,0
3541,0,279,62,0.2222,0
3541,1,73,13,0.1781,0
3542,0,260,23,0.0885,0
3542,1,27,1,0.037,0
3543,0,189,29,0.1534,0
3543,1,53,7,0.1321,0
3544,0,188,12,0.0638,0
3544,1,29,0,0.0,0
3546,0,205,20,0.0976,0
3546,1,77,2,0.026,0
3548,0,344,64,0.186,0
3548,1,40,7,0.175,0
3550,0,247,50,0.2024,0
3550,1,102,21,0.2059,0
3551,0,195,11,0.0564,0
3551,1,30,2,0.0667,0
3553,0,5,2,0.4,1
3553,1,5,0,0.0,1
3554,0,304,85,0.2796,0
3554,1,123,30,0.2439,0
3556,0,279,88,0.3154,0
3556,1,93,27,0.2903,0
3557,0,337,77,0.2285,0
3557,1,115,25,0.2174,0
3558,0,183,27,0.1475,0
3558,1,87,10,0.1149,0
3562,0,293,62,0.2116,0
3562,1,82,18,0.2195,0
3563,0,282,45,0.1596,0
3563,1,48,5,0.1042,0
3564,0,245,33,0.1347,0
3564,1,60,3,0.05,0
3566,0,244,29,0.1189,0
3566,1,54,4,0.0741,0
3567,0,163,11,0.0675,0
3567,1,46,4,0.087,0
3568,0,203,24,0.1182,0
3568,1,83,6,0.0723,0
3569,0,272,20,0.0735,0
3569,1,32,0,0.0,0
3572,0,257,35,0.1362,0
3572,1,79,12,0.1519,0
3574,0,207,50,0.2415,0
3574,1,119,33,0.2773,0
3576,0,237,50,0.211,0
3576,1,91,15,0.1648,0
3577,0,220,27,0.1227,0
3577,1,31,2,0.0645,0
3578,0,165,11,0.0667,0
3578,1,47,4,0.0851,0
3579,0,172,21,0.1221,0
3579,1,54,6,0.1111,0
3580,0,249,17,0.0683,0
3580,1,36,2,0.0556,0
3581,0,252,25,0.0992,0
3581,1,51,6,0.1176,0
3582,0,299,82,0.2742,0
3582,1,61,14,0.2295,0
3583,0,208,6,0.0288,0
3583,1,31,1,0.0323,0
3584,0,262,26,0.0992,0
3584,1,39,4,0.1026,0
3587,0,244,18,0.0738,0
3587,1,47,1,0.0213,0
3589,0,215,24,0.1116,0
3589,1,36,1,0.0278,0
3590,0,292,72,0.2466,0
3590,1,83,30,0.3614,0
3591,0,152,7,0.0461,0
3591,1,32,1,0.0312,0
3596,0,208,15,0.0721,0
3596,1,34,2,0.0588,0
3600,0,49,4,0.0816,0
3602,0,225,24,0.1067,0
3602,1,41,1,0.0244,0
3604,0,224,22,0.0982,0
3604,1,42,2,0.0476,0
3605,0,228,18,0.0789,0
3605,1,34,2,0.0588,0
3606,0,284,42,0.1479,0
3606,1,49,8,0.1633,0
3611,0,242,39,0.1612,0
3611,1,71,11,0.1549,0
3612,0,344,77,0.2238,0
3612,1,81,23,0.284,0
3613,0,287,61,0.2125,0
3613,1,96,19,0.1979,0
3614,0,272,23,0.0846,0
3614,1,48,3,0.0625,0
3615,0,258,26,0.1008,0
3615,1,52,3,0.0577,0
3616,0,214,29,0.1355,0
3616,1,51,5,0.098,0
3617,0,219,30,0.137,0
3617,1,57,2,0.0351,0
3618,0,268,74,0.2761,0
3618,1,87,14,0.1609,0
3619,0,239,29,0.1213,0
3619,1,67,7,0.1045,0
3620,0,229,20,0.0873,0
3620,1,45,5,0.1111,0
3621,0,190,21,0.1105,0
3621,1,46,6,0.1304,0
3623,0,209,78,0.3732,0
3623,1,134,48,0.3582,0
3627,0,250,31,0.124,0
3627,1,77,15,0.1948,0
3629,0,256,60,0.2344,0
3629,1,69,12,0.1739,0
3630,0,159,7,0.044,0
3630,1,28,1,0.0357,0
3631,0,97,4,0.0412,0
3631,1,50,0,0.0,0
3635,0,237,31,0.1308,0
3635,1,71,8,0.1127,0
3637,0,228,16,0.0702,0
3637,1,43,2,0.0465,0
3641,0,266,62,0.2331,0
3641,1,107,22,0.2056,0
3642,0,201,20,0.0995,0
3642,1,46,1,0.0217,0
3643,0,279,40,0.1434,0
3643,1,34,1,0.0294,0
3645,0,122,13,0.1066,0
3645,1,8,1,0.125,1
3647,0,267,12,0.0449,0
3647,1,28,1,0.0357,0
3652,0,217,14,0.0645,0
3652,1,37,2,0.0541,0
3653,0,163,11,0.0675,0
3653,1,46,1,0.0217,0
3654,0,268,81,0.3022,0
3654,1,68,18,0.2647,0
3655,0,271,31,0.1144,0
3655,1,80,15,0.1875,0
3656,0,205,19,0.0927,0
3656,1,56,3,0.0536,0
3659,0,196,25,0.1276,0
3659,1,83,8,0.0964,0
3660,0,205,9,0.0439,0
3660,1,51,0,0.0,0
3661,0,276,33,0.1196,0
3661,1,74,10,0.1351,0
3662,0,285,56,0.1965,0
3662,1,60,6,0.1,0
3663,0,306,41,0.134,0
3663,1,51,10,0.1961,0
3664,0,241,36,0.1494,0
3664,1,47,6,0.1277,0
3679,0,280,58,0.2071,0
3679,1,91,20,0.2198,0
3680,0,224,15,0.067,0
3680,1,80,8,0.1,0
3681,0,200,34,0.17,0
3681,1,48,4,0.0833,0
3684,0,261,43,0.1648,0
3684,1,49,8,0.1633,0
3685,0,253,33,0.1304,0
3685,1,50,8,0.16,0
3686,0,274,50,0.1825,0
3686,1,72,15,0.2083,0
3687,0,226,31,0.1372,0
3687,1,43,2,0.0465,0
3690,0,257,25,0.0973,0
3690,1,57,4,0.0702,0
3692,0,253,37,0.1462,0
3692,1,52,5,0.0962,0
3696,0,248,26,0.1048,0
3696,1,49,1,0.0204,0
3699,0,204,20,0.098,0
3699,1,49,4,0.0816,0
3701,0,209,15,0.0718,0
3701,1,64,3,0.0469,0
3702,0,3,0,0.0,1
3702,1,5,0,0.0,1
3703,0,199,42,0.2111,0
3703,1,112,22,0.1964,0
3704,0,185,10,0.0541,0
3704,1,23,0,0.0,0
3708,0,270,34,0.1259,0
3708,1,35,2,0.0571,0
3710,0,219,24,0.1096,0
3710,1,87,1,0.0115,0
3711,0,304,52,0.1711,0
3711,1,97,23,0.2371,0
3712,0,242,35,0.1446,0
3712,1,47,2,0.0426,0
3713,0,243,52,0.214,0
3713,1,78,15,0.1923,0
3714,0,243,24,0.0988,0
3714,1,49,6,0.1224,0
3715,0,173,20,0.1156,0
3715,1,80,10,0.125,0
3716,0,289,67,0.2318,0
3716,1,50,4,0.08,0
3717,0,200,33,0.165,0
3717,1,64,8,0.125,0
3718,0,273,37,0.1355,0
3718,1,27,0,0.0,0
3719,0,247,47,0.1903,0
3719,1,101,25,0.2475,0
3721,0,283,87,0.3074,0
3721,1,67,22,0.3284,0
3722,0,192,9,0.0469,0
3722,1,73,2,0.0274,0
3726,0,147,14,0.0952,0
3726,1,43,3,0.0698,0
3730,0,260,30,0.1154,0
3730,1,55,2,0.0364,0
3731,0,213,19,0.0892,0
3731,1,94,13,0.1383,0
3736,0,61,8,0.1311,0
3736,1,19,1,0.0526,0
3737,0,233,59,0.2532,0
3737,1,80,25,0.3125,0
3740,0,229,58,0.2533,0
3740,1,131,34,0.2595,0
3741,0,197,11,0.0558,0
3741,1,68,3,0.0441,0
3742,0,184,22,0.1196,0
3742,1,64,1,0.0156,0
3743,0,292,74,0.2534,0
3743,1,58,14,0.2414,0
3744,0,290,87,0.3,0
3744,1,112,36,0.3214,0
3745,0,256,32,0.125,0
3745,1,2,0,0.0,1
3746,0,303,54,0.1782,0
3746,1,97,14,0.1443,0
3747,0,239,34,0.1423,0
3747,1,52,8,0.1538,0
3748,0,234,14,0.0598,0
3748,1,54,3,0.0556,0
3752,0,224,14,0.0625,0
3752,1,55,5,0.0909,0
3757,0,223,27,0.1211,0
3757,1,66,11,0.1667,0
3761,0,225,41,0.1822,0
3761,1,34,1,0.0294,0
3769,0,185,27,0.1459,0
3769,1,97,9,0.0928,0
3771,0,239,38,0.159,0
3771,1,70,10,0.1429,0
3772,0,246,27,0.1098,0
3772,1,44,5,0.1136,0
3773,0,205,20,0.0976,0
3773,1,71,7,0.0986,0
3775,0,292,20,0.0685,0
3775,1,36,2,0.0556,0
3776,0,228,6,0.0263,0
3776,1,55,1,0.0182,0
3777,0,215,44,0.2047,0
3777,1,134,26,0.194,0
3778,0,174,7,0.0402,0
3778,1,30,0,0.0,0
3779,0,236,69,0.2924,0
3779,1,111,30,0.2703,0
3783,0,259,52,0.2008,0
3783,1,106,28,0.2642,0
3784,0,232,32,0.1379,0
3784,1,56,6,0.1071,0
3787,0,163,10,0.0613,0
3787,1,70,1,0.0143,0
3788,0,192,45,0.2344,0
3788,1,29,3,0.1034,0
3790,0,209,19,0.0909,0
3790,1,54,1,0.0185,0
3792,0,188,35,0.1862,0
3792,1,90,21,0.2333,0
3793,0,194,19,0.0979,0
3793,1,47,4,0.0851,0
3796,0,269,28,0.1041,0
3796,1,30,1,0.0333,0
3797,0,240,11,0.0458,0
3797,1,69,2,0.029,0
3800,0,230,38,0.1652,0
3800,1,44,3,0.0682,0
3801,0,152,21,0.1382,0
3801,1,39,7,0.1795,0
3802,0,30,2,0.0667,0
3802,1,5,0,0.0,1
3804,0,257,30,0.1167,0
3804,1,56,3,0.0536,0
3805,0,207,25,0.1208,0
3805,1,71,10,0.1408,0
3807,0,235,17,0.0723,0
3807,1,71,9,0.1268,0
3808,0,228,15,0.0658,0
3808,1,36,2,0.0556,0
3809,0,194,13,0.067,0
3809,1,45,1,0.0222,0
3811,0,261,69,0.2644,0
3811,1,114,19,0.1667,0
3812,0,272,18,0.0662,0
3812,1,24,2,0.0833,0
3813,0,241,62,0.2573,0
3813,1,89,25,0.2809,0
3814,0,291,26,0.0893,0
3814,1,31,1,0.0323,0
3820,0,126,2,0.0159,0
3820,1,48,0,0.0,0
3822,0,293,74,0.2526,0
3822,1,64,25,0.3906,0
3825,0,219,17,0.0776,0
3825,1,47,11,0.234,0
3826,0,216,36,0.1667,0
3826,1,97,13,0.134,0
3827,0,194,12,0.0619,0
3827,1,97,0,0.0,0
3828,0,289,32,0.1107,0
3828,1,4,0,0.0,1
3831,0,239,30,0.1255,0
3831,1,43,5,0.1163,0
3832,0,158,11,0.0696,0
3832,1,31,0,0.0,0
3833,0,278,71,0.2554,0
3833,1,91,26,0.2857,0
3834,0,225,18,0.08,0
3834,1,36,3,0.0833,0
3837,0,240,64,0.2667,0
3837,1,98,19,0.1939,0
3838,0,220,27,0.1227,0
3838,1,55,8,0.1455,0
3839,0,274,17,0.062,0
3839,1,35,1,0.0286,0
3841,0,308,65,0.211,0
3841,1,62,11,0.1774,0
3842,0,212,34,0.1604,0
3842,1,58,9,0.1552,0
3843,0,242,31,0.1281,0
3843,1,72,8,0.1111,0
3845,0,153,33,0.2157,0
3845,1,72,12,0.1667,0
3848,0,236,31,0.1314,0
3848,1,93,7,0.0753,0
3849,0,174,67,0.3851,0
3849,1,102,50,0.4902,0
3850,0,293,40,0.1365,0
3850,1,49,3,0.0612,0
3851,0,117,5,0.0427,0
3851,1,8,0,0.0,1
3852,0,252,37,0.1468,0
3852,1,52,4,0.0769,0
3853,0,253,49,0.1937,0
3853,1,101,16,0.1584,0
3854,0,216,61,0.2824,0
3854,1,98,18,0.1837,0
3855,0,46,0,0.0,0
3855,1,8,0,0.0,1
3857,0,219,29,0.1324,0
3857,1,50,10,0.2,0
3859,0,192,17,0.0885,0
3859,1,55,3,0.0545,0
3860,0,242,18,0.0744,0
3860,1,49,2,0.0408,0
3863,0,216,20,0.0926,0
3863,1,62,2,0.0323,0
3866,0,209,13,0.0622,0
3866,1,33,2,0.0606,0
3867,0,240,16,0.0667,0
3867,1,41,0,0.0,0
3868,0,258,24,0.093,0
3868,1,26,1,0.0385,0
3869,0,225,19,0.0844,0
3869,1,53,0,0.0,0
3870,0,273,30,0.1099,0
3870,1,34,3,0.0882,0
3871,0,141,19,0.1348,0
3871,1,56,0,0.0,0
3872,0,247,50,0.2024,0
3872,1,111,19,0.1712,0
3873,0,232,34,0.1466,0
3873,1,68,13,0.1912,0
3874,0,273,72,0.2637,0
3874,1,76,17,0.2237,0
3875,0,215,29,0.1349,0
3875,1,85,5,0.0588,0
3876,0,204,81,0.3971,0
3876,1,91,42,0.4615,0
3878,0,212,23,0.1085,0
3878,1,60,1,0.0167,0
3880,0,240,20,0.0833,0
3880,1,60,4,0.0667,0
3882,0,258,33,0.1279,0
3882,1,58,4,0.069,0
3885,0,288,44,0.1528,0
3885,1,34,3,0.0882,0
3888,0,316,56,0.1772,0
3888,1,51,8,0.1569,0
3889,0,200,17,0.085,0
3889,1,78,2,0.0256,0
3891,0,281,12,0.0427,0
3891,1,33,4,0.1212,0
3892,0,208,33,0.1587,0
3892,1,85,5,0.0588,0
3893,0,231,27,0.1169,0
3893,1,51,8,0.1569,0
3895,0,129,10,0.0775,0
3895,1,26,2,0.0769,0
3896,0,217,24,0.1106,0
3896,1,25,2,0.08,0
3897,0,205,49,0.239,0
3897,1,118,33,0.2797,0
3898,0,196,57,0.2908,0
3898,1,159,55,0.3459,0
3900,0,256,52,0.2031,0
3900,1,68,15,0.2206,0
3901,0,162,21,0.1296,0
3901,1,60,8,0.1333,0
3904,0,180,28,0.1556,0
3904,1,38,1,0.0263,0
3905,0,269,46,0.171,0
3905,1,105,19,0.181,0
3906,0,240,20,0.0833,0
3906,1,59,4,0.0678,0
3907,0,272,61,0.2243,0
3907,1,85,8,0.0941,0
3908,0,215,61,0.2837,0
3908,1,160,44,0.275,0
3909,0,272,88,0.3235,0
3909,1,95,33,0.3474,0
3910,0,226,30,0.1327,0
3910,1,73,4,0.0548,0
3911,0,319,51,0.1599,0
3911,1,50,3,0.06,0
3912,0,261,64,0.2452,0
3912,1,80,21,0.2625,0
3915,0,296,65,0.2196,0
3915,1,81,14,0.1728,0
3918,0,290,70,0.2414,0
3918,1,84,17,0.2024,0
3920,0,210,28,0.1333,0
3920,1,49,2,0.0408,0
3921,0,104,11,0.1058,0
3921,1,34,2,0.0588,0
3922,0,246,15,0.061,0
3922,1,77,6,0.0779,0
3928,0,238,19,0.0798,0
3928,1,46,2,0.0435,0
3929,0,260,26,0.1,0
3929,1,43,4,0.093,0
3930,0,260,47,0.1808,0
3930,1,71,14,0.1972,0
3931,0,252,44,0.1746,0
3931,1,39,5,0.1282,0
3932,0,203,31,0.1527,0
3932,1,33,4,0.1212,0
3933,0,286,46,0.1608,0
3933,1,57,11,0.193,0
3934,0,273,25,0.0916,0
3934,1,57,5,0.0877,0
3935,0,238,30,0.1261,0
3935,1,30,0,0.0,0
3939,0,86,17,0.1977,0
3939,1,47,8,0.1702,0
3940,0,327,89,0.2722,0
3940,1,86,13,0.1512,0
3941,0,280,83,0.2964,0
3941,1,93,38,0.4086,0
3942,0,205,47,0.2293,0
3942,1,118,33,0.2797,0
3943,0,37,0,0.0,0
3943,1,16,0,0.0,0
3944,0,197,36,0.1827,0
3944,1,110,24,0.2182,0
3945,0,185,12,0.0649,0
3945,1,44,1,0.0227,0
3946,0,293,77,0.2628,0
3946,1,128,45,0.3516,0
3947,0,240,29,0.1208,0
3947,1,74,4,0.0541,0
3948,0,206,10,0.0485,0
3948,1,40,2,0.05,0
3949,0,187,2,0.0107,0
3949,1,55,3,0.0545,0
3950,0,217,9,0.0415,0
3950,1,19,0,0.0,0
3951,0,256,43,0.168,0
3951,1,84,10,0.119,0
3952,0,281,85,0.3025,0
3952,1,95,30,0.3158,0
3953,0,151,12,0.0795,0
3953,1,44,1,0.0227,0
3955,0,176,19,0.108,0
3955,1,53,8,0.1509,0
3956,0,246,52,0.2114,0
3956,1,79,24,0.3038,0
3957,0,262,35,0.1336,0
3957,1,69,3,0.0435,0
3959,0,304,92,0.3026,0
3959,1,48,14,0.2917,0
3960,0,294,77,0.2619,0
3960,1,85,32,0.3765,0
3961,0,242,55,0.2273,0
3961,1,62,18,0.2903,0
3963,0,250,45,0.18,0
3963,1,90,12,0.1333,0
3964,0,215,12,0.0558,0
3964,1,77,5,0.0649,0
3965,0,295,73,0.2475,0
3965,1,61,9,0.1475,0
3966,0,326,87,0.2669,0
3966,1,82,20,0.2439,0
3967,0,219,19,0.0868,0
3967,1,49,2,0.0408,0
3968,0,259,49,0.1892,0
3968,1,64,8,0.125,0
3973,0,258,20,0.0775,0
3973,1,79,5,0.0633,0
3974,0,199,18,0.0905,0
3974,1,52,2,0.0385,0
3975,0,216,35,0.162,0
3975,1,84,17,0.2024,0
3976,0,226,24,0.1062,0
3976,1,58,2,0.0345,0
3977,0,262,24,0.0916,0
3977,1,64,8,0.125,0
3978,0,272,52,0.1912,0
3978,1,77,23,0.2987,0
3981,0,284,42,0.1479,0
3981,1,60,4,0.0667,0
3982,0,234,28,0.1197,0
3982,1,42,2,0.0476,0
3983,0,317,68,0.2145,0
3983,1,71,15,0.2113,0
3984,0,287,69,0.2404,0
3984,1,93,23,0.2473,0
3986,0,151,19,0.1258,0
3986,1,53,7,0.1321,0
3987,0,233,46,0.1974,0
3987,1,69,13,0.1884,0
3988,0,277,53,0.1913,0
3988,1,108,23,0.213,0
3989,0,183,14,0.0765,0
3989,1,79,4,0.0506,0
3990,0,235,29,0.1234,0
3990,1,54,5,0.0926,0
3992,0,228,39,0.1711,0
3992,1,43,1,0.0233,0
3993,0,214,38,0.1776,0
3993,1,55,5,0.0909,0
3994,0,223,24,0.1076,0
3994,1,49,3,0.0612,0
3995,0,228,57,0.25,0
3995,1,69,17,0.2464,0
3997,0,247,66,0.2672,0
3997,1,147,33,0.2245,0
3998,0,246,17,0.0691,0
3998,1,55,2,0.0364,0
3999,0,295,60,0.2034,0
3999,1,92,18,0.1957,0
4000,0,327,67,0.2049,0
4000,1,84,18,0.2143,0
4002,0,273,79,0.2894,0
4002,1,69,18,0.2609,0
4003,0,254,29,0.1142,0
4003,1,44,3,0.0682,0
4004,0,236,31,0.1314,0
4004,1,57,6,0.1053,0
4005,0,41,3,0.0732,0
4005,1,13,0,0.0,0
4006,0,236,31,0.1314,0
4006,1,54,2,0.037,0
4007,0,212,33,0.1557,0
4007,1,56,6,0.1071,0
4009,0,150,30,0.2,0
4009,1,155,30,0.1935,0
4010,0,196,15,0.0765,0
4010,1,60,1,0.0167,0
4011,0,249,71,0.2851,0
4011,1,53,11,0.2075,0
4012,0,245,61,0.249,0
4012,1,87,22,0.2529,0
4013,0,309,84,0.2718,0
4013,1,63,18,0.2857,0
4014,0,182,37,0.2033,0
4014,1,130,23,0.1769,0
4015,0,265,45,0.1698,0
4015,1,87,10,0.1149,0
4016,0,249,30,0.1205,0
4016,1,47,3,0.0638,0
4017,0,207,37,0.1787,0
4017,1,96,19,0.1979,0
4019,0,255,61,0.2392,0
4019,1,88,31,0.3523,0
4020,0,208,18,0.0865,0
4020,1,68,4,0.0588,0
4022,0,203,24,0.1182,0
4022,1,58,5,0.0862,0
4023,0,217,16,0.0737,0
4023,1,59,8,0.1356,0
4024,0,307,70,0.228,0
4024,1,56,14,0.25,0
4025,0,242,66,0.2727,0
4025,1,88,22,0.25,0
4027,0,210,41,0.1952,0
4027,1,98,19,0.1939,0
4028,0,256,71,0.2773,0
4028,1,79,17,0.2152,0
4030,0,244,34,0.1393,0
4030,1,108,21,0.1944,0
4031,0,274,32,0.1168,0
4031,1,36,1,0.0278,0
4033,0,302,80,0.2649,0
4033,1,68,17,0.25,0
4034,0,217,17,0.0783,0
4034,1,84,4,0.0476,0
4035,0,273,25,0.0916,0
4035,1,60,3,0.05,0
4036,0,268,73,0.2724,0
4036,1,107,23,0.215,0
4039,0,284,41,0.1444,0
4039,1,43,3,0.0698,0
4040,0,302,72,0.2384,0
4040,1,96,21,0.2188,0
4041,0,122,11,0.0902,0
4041,1,89,5,0.0562,0
4042,0,266,57,0.2143,0
4042,1,94,24,0.2553,0
4043,0,249,51,0.2048,0
4043,1,116,23,0.1983,0
4044,0,254,60,0.2362,0
4044,1,94,31,0.3298,0
4045,0,212,31,0.1462,0
4045,1,71,9,0.1268,0
4047,0,223,23,0.1031,0
4047,1,36,1,0.0278,0
4049,0,305,67,0.2197,0
4049,1,65,12,0.1846,0
4050,0,252,92,0.3651,0
4050,1,81,34,0.4198,0
4051,0,165,46,0.2788,0
4051,1,133,32,0.2406,0
4052,0,259,58,0.2239,0
4052,1,72,19,0.2639,0
4053,0,234,48,0.2051,0
4053,1,104,21,0.2019,0
4054,0,231,25,0.1082,0
4054,1,58,5,0.0862,0
4055,0,330,73,0.2212,0
4055,1,76,20,0.2632,0
4056,0,103,12,0.1165,0
4056,1,12,0,0.0,0
4057,0,290,52,0.1793,0
4057,1,97,17,0.1753,0
4058,0,295,48,0.1627,0
4058,1,99,14,0.1414,0
4059,0,222,41,0.1847,0
4059,1,47,5,0.1064,0
4060,0,227,37,0.163,0
4060,1,75,11,0.1467,0
4061,0,309,97,0.3139,0
4061,1,95,27,0.2842,0
4062,0,223,24,0.1076,0
4062,1,39,3,0.0769,0
4063,0,310,72,0.2323,0
4063,1,93,31,0.3333,0
4064,0,233,63,0.2704,0
4064,1,162,48,0.2963,0
4065,0,216,35,0.162,0
4065,1,44,9,0.2045,0
4066,0,280,55,0.1964,0
4066,1,71,17,0.2394,0
4067,0,284,66,0.2324,0
4067,1,117,34,0.2906,0
4068,0,263,28,0.1065,0
4068,1,57,2,0.0351,0
4069,0,239,45,0.1883,0
4069,1,103,16,0.1553,0
4071,0,192,21,0.1094,0
4071,1,19,1,0.0526,0
4072,0,249,86,0.3454,0
4072,1,74,27,0.3649,0
4073,0,277,60,0.2166,0
4073,1,81,21,0.2593,0
4074,0,255,63,0.2471,0
4074,1,133,37,0.2782,0
4075,0,259,61,0.2355,0
4075,1,110,26,0.2364,0
4076,0,321,51,0.1589,0
4076,1,52,5,0.0962,0
4077,0,294,46,0.1565,0
4077,1,44,8,0.1818,0
4078,0,44,5,0.1136,0
4078,1,11,0,0.0,0
4079,0,256,54,0.2109,0
4079,1,99,24,0.2424,0
4080,0,57,16,0.2807,0
4080,1,75,29,0.3867,0
4081,0,251,31,0.1235,0
4081,1,60,4,0.0667,0
4082,0,268,49,0.1828,0
4082,1,34,6,0.1765,0
4083,0,251,89,0.3546,0
4083,1,95,25,0.2632,0
4084,0,282,76,0.2695,0
4084,1,121,27,0.2231,0
4085,0,171,23,0.1345,0
4085,1,50,5,0.1,0
4086,0,248,56,0.2258,0
4086,1,79,12,0.1519,0
4089,0,296,60,0.2027,0
4089,1,91,17,0.1868,0
4090,0,224,50,0.2232,0
4090,1,65,15,0.2308,0
4092,0,216,37,0.1713,0
4092,1,68,6,0.0882,0
4093,0,224,22,0.0982,0
4093,1,49,2,0.0408,0
4094,0,210,25,0.119,0
4094,1,74,5,0.0676,0
4095,0,259,80,0.3089,0
4095,1,84,25,0.2976,0
4096,0,209,55,0.2632,0
4096,1,108,34,0.3148,0
4097,0,209,3,0.0144,0
4097,1,43,1,0.0233,0
4098,0,183,15,0.082,0
4098,1,55,4,0.0727,0
4099,0,254,53,0.2087,0
4099,1,73,19,0.2603,0
4100,0,240,39,0.1625,0
4100,1,70,7,0.1,0
4102,0,295,97,0.3288,0
4102,1,90,27,0.3,0
4103,0,206,7,0.034,0
4103,1,64,1,0.0156,0
4104,0,219,32,0.1461,0
4104,1,46,1,0.0217,0
4105,0,282,34,0.1206,0
4105,1,76,8,0.1053,0
4106,0,194,10,0.0515,0
4106,1,51,4,0.0784,0
4108,0,225,54,0.24,0
4108,1,81,14,0.1728,0
4109,0,269,65,0.2416,0
4109,1,103,29,0.2816,0
4110,0,243,25,0.1029,0
4110,1,30,2,0.0667,0
4111,0,256,39,0.1523,0
4111,1,68,11,0.1618,0
4112,0,237,38,0.1603,0
4112,1,52,7,0.1346,0
4113,0,236,39,0.1653,0
4113,1,72,7,0.0972,0
4114,0,232,23,0.0991,0
4114,1,30,3,0.1,0
4116,0,234,25,0.1068,0
4116,1,75,8,0.1067,0
4117,0,211,37,0.1754,0
4117,1,92,14,0.1522,0
4118,0,325,71,0.2185,0
4118,1,75,21,0.28,0
4119,0,244,43,0.1762,0
4119,1,60,9,0.15,0
4120,0,289,50,0.173,0
4120,1,94,19,0.2021,0
4121,0,260,54,0.2077,0
4121,1,76,16,0.2105,0
4122,0,288,54,0.1875,0
4122,1,99,15,0.1515,0
4123,0,281,68,0.242,0
4123,1,90,22,0.2444,0
4124,0,249,69,0.2771,0
4124,1,84,15,0.1786,0
4128,0,198,26,0.1313,0
4128,1,47,3,0.0638,0
4129,0,195,15,0.0769,0
4129,1,50,0,0.0,0
4131,0,243,51,0.2099,0
4131,1,55,8,0.1455,0
4133,0,293,63,0.215,0
4133,1,73,13,0.1781,0
4134,0,272,53,0.1949,0
4134,1,92,15,0.163,0
4136,0,238,56,0.2353,0
4136,1,74,19,0.2568,0
4137,0,322,87,0.2702,0
4137,1,77,23,0.2987,0
4138,0,199,20,0.1005,0
4138,1,65,7,0.1077,0
4139,0,222,26,0.1171,0
4139,1,59,2,0.0339,0
4140,0,216,51,0.2361,0
4140,1,65,14,0.2154,0
4142,0,268,35,0.1306,0
4142,1,67,11,0.1642,0
4143,0,210,14,0.0667,0
4143,1,59,3,0.0508,0
4144,0,318,64,0.2013,0
4144,1,6,3,0.5,1
4145,0,261,14,0.0536,0
4145,1,34,0,0.0,0
4146,0,291,39,0.134,0
4146,1,43,5,0.1163,0
4148,0,262,47,0.1794,0
4148,1,89,14,0.1573,0
4150,0,247,58,0.2348,0
4150,1,62,7,0.1129,0
4151,0,242,41,0.1694,0
4151,1,92,5,0.0543,0
4152,0,219,45,0.2055,0
4152,1,69,5,0.0725,0
4154,0,223,34,0.1525,0
4154,1,101,11,0.1089,0
4155,0,241,52,0.2158,0
4155,1,102,24,0.2353,0
4156,0,247,49,0.1984,0
4156,1,95,11,0.1158,0
4158,0,231,35,0.1515,0
4158,1,69,8,0.1159,0
4159,0,321,68,0.2118,0
4159,1,64,12,0.1875,0
4161,0,270,43,0.1593,0
4161,1,62,9,0.1452,0
4162,0,129,9,0.0698,0
4162,1,10,0,0.0,0
4163,0,289,55,0.1903,0
4163,1,109,24,0.2202,0
4164,0,164,8,0.0488,0
4164,1,90,1,0.0111,0
4166,0,300,84,0.28,0
4166,1,83,32,0.3855,0
4167,0,239,15,0.0628,0
4167,1,33,0,0.0,0
4168,0,204,54,0.2647,0
4168,1,135,45,0.3333,0
4169,0,234,19,0.0812,0
4169,1,29,0,0.0,0
4171,0,206,47,0.2282,0
4171,1,180,41,0.2278,0
4172,0,307,57,0.1857,0
4172,1,67,9,0.1343,0
4173,0,254,36,0.1417,0
4173,1,73,7,0.0959,0
4174,0,218,53,0.2431,0
4174,1,151,36,0.2384,0
4175,0,243,48,0.1975,0
4175,1,39,7,0.1795,0
4176,0,170,12,0.0706,0
4176,1,39,0,0.0,0
4177,0,176,23,0.1307,0
4177,1,57,7,0.1228,0
4179,0,259,41,0.1583,0
4179,1,76,13,0.1711,0
4180,0,274,45,0.1642,0
4180,1,65,12,0.1846,0
4181,0,236,16,0.0678,0
4181,1,50,0,0.0,0
4182,0,278,28,0.1007,0
4182,1,36,2,0.0556,0
4183,0,254,55,0.2165,0
4183,1,44,14,0.3182,0
4184,0,243,84,0.3457,0
4184,1,54,12,0.2222,0
4186,0,232,14,0.0603,0
4186,1,24,0,0.0,0
4188,0,205,81,0.3951,0
4188,1,141,54,0.383,0
4189,0,337,83,0.2463,0
4189,1,70,13,0.1857,0
4190,0,159,37,0.2327,0
4190,1,81,21,0.2593,0
4191,0,264,62,0.2348,0
4191,1,75,16,0.2133,0
4193,0,275,74,0.2691,0
4193,1,98,19,0.1939,0
4195,0,228,30,0.1316,0
4195,1,56,5,0.0893,0
4196,0,252,31,0.123,0
4196,1,61,3,0.0492,0
4197,0,254,21,0.0827,0
4197,1,39,1,0.0256,0
4199,0,325,82,0.2523,0
4199,1,102,24,0.2353,0
4200,0,259,21,0.0811,0
4200,1,48,2,0.0417,0
4201,0,247,27,0.1093,0
4201,1,28,3,0.1071,0
4202,0,263,29,0.1103,0
4202,1,42,1,0.0238,0
4203,0,173,24,0.1387,0
4203,1,70,2,0.0286,0
4204,0,234,35,0.1496,0
4204,1,62,8,0.129,0
4205,0,278,85,0.3058,0
4205,1,54,11,0.2037,0
4207,0,308,82,0.2662,0
4207,1,21,7,0.3333,0
4208,0,289,79,0.2734,0
4208,1,81,28,0.3457,0
4209,0,241,45,0.1867,0
4209,1,94,6,0.0638,0
4210,0,303,44,0.1452,0
4210,1,54,8,0.1481,0
4211,0,216,16,0.0741,0
4211,1,64,4,0.0625,0
4213,0,206,30,0.1456,0
4213,1,76,7,0.0921,0
4214,0,201,37,0.1841,0
4214,1,80,10,0.125,0
4215,0,280,57,0.2036,0
4215,1,100,22,0.22,0
4216,0,280,43,0.1536,0
4216,1,76,11,0.1447,0
4218,0,287,71,0.2474,0
4218,1,104,28,0.2692,0
4219,0,227,9,0.0396,0
4219,1,64,2,0.0312,0
4220,0,187,41,0.2193,0
4220,1,94,17,0.1809,0
4224,0,265,40,0.1509,0
4224,1,50,7,0.14,0
4225,0,189,34,0.1799,0
4225,1,75,15,0.2,0
4226,0,240,28,0.1167,0
4226,1,65,7,0.1077,0
4227,0,301,63,0.2093,0
4227,1,49,9,0.1837,0
4228,0,236,48,0.2034,0
4228,1,123,23,0.187,0
4229,0,191,15,0.0785,0
4229,1,56,2,0.0357,0
4230,0,208,65,0.3125,0
4230,1,70,21,0.3,0
4231,0,275,49,0.1782,0
4231,1,73,13,0.1781,0
4232,0,220,33,0.15,0
4232,1,59,10,0.1695,0
4233,0,251,52,0.2072,0
4233,1,105,20,0.1905,0
4234,0,200,19,0.095,0
4234,1,62,5,0.0806,0
4236,0,271,101,0.3727,0
4236,1,119,42,0.3529,0
4237,0,269,75,0.2788,0
4237,1,106,36,0.3396,0
4238,0,146,44,0.3014,0
4238,1,105,53,0.5048,0
4239,0,247,61,0.247,0
4239,1,107,35,0.3271,0
4240,0,203,39,0.1921,0
4240,1,122,27,0.2213,0
4241,0,221,32,0.1448,0
4241,1,126,20,0.1587,0
4243,0,224,40,0.1786,0
4243,1,95,16,0.1684,0
4244,0,196,19,0.0969,0
4244,1,20,1,0.05,0
4245,0,242,30,0.124,0
4245,1,55,5,0.0909,0
4246,0,249,17,0.0683,0
4246,1,38,0,0.0,0
4247,0,245,33,0.1347,0
4247,1,69,8,0.1159,0
4248,0,201,12,0.0597,0
4248,1,80,9,0.1125,0
4251,0,259,30,0.1158,0
4251,1,82,5,0.061,0
4252,0,255,24,0.0941,0
4252,1,42,6,0.1429,0
4253,0,275,24,0.0873,0
4253,1,47,2,0.0426,0
4254,0,248,54,0.2177,0
4254,1,55,11,0.2,0
4256,0,279,67,0.2401,0
4256,1,76,23,0.3026,0
4257,0,217,34,0.1567,0
4257,1,48,3,0.0625,0
4258,0,251,35,0.1394,0
4258,1,55,3,0.0545,0
4259,0,254,53,0.2087,0
4259,1,118,21,0.178,0
4260,0,217,48,0.2212,0
4260,1,122,20,0.1639,0
4261,0,307,66,0.215,0
4261,1,79,16,0.2025,0
4262,0,260,83,0.3192,0
4262,1,120,37,0.3083,0
4263,0,213,44,0.2066,0
4263,1,88,14,0.1591,0
4264,0,265,72,0.2717,0
4264,1,133,34,0.2556,0
4266,0,281,75,0.2669,0
4266,1,74,27,0.3649,0
4268,0,118,4,0.0339,0
4268,1,57,2,0.0351,0
4269,0,274,82,0.2993,0
4269,1,110,24,0.2182,0
4270,0,249,35,0.1406,0
4270,1,35,0,0.0,0
4271,0,210,17,0.081,0
4271,1,57,4,0.0702,0
4272,0,237,24,0.1013,0
4272,1,54,5,0.0926,0
4273,0,223,26,0.1166,0
4273,1,56,4,0.0714,0
4274,0,219,27,0.1233,0
4274,1,55,3,0.0545,0
4275,0,166,4,0.0241,0
4275,1,24,2,0.0833,0
4276,0,218,65,0.2982,0
4276,1,114,32,0.2807,0
4277,0,251,51,0.2032,0
4277,1,39,2,0.0513,0
4278,0,296,90,0.3041,0
4278,1,107,40,0.3738,0
4281,0,230,36,0.1565,0
4281,1,48,5,0.1042,0
4283,0,213,13,0.061,0
4283,1,38,1,0.0263,0
4286,0,320,46,0.1437,0
4286,1,106,20,0.1887,0
4287,0,241,50,0.2075,0
4287,1,95,30,0.3158,0
4288,0,287,98,0.3415,0
4288,1,109,38,0.3486,0
4289,0,247,57,0.2308,0
4289,1,89,20,0.2247,0
4290,0,258,60,0.2326,0
4290,1,88,30,0.3409,0
4292,0,258,76,0.2946,0
4292,1,92,15,0.163,0
4293,0,249,34,0.1365,0
4293,1,105,19,0.181,0
4294,0,267,86,0.3221,0
4294,1,70,16,0.2286,0
4295,0,314,90,0.2866,0
4295,1,86,26,0.3023,0
4296,0,172,47,0.2733,0
4296,1,94,24,0.2553,0
4297,0,245,67,0.2735,0
4297,1,97,25,0.2577,0
4298,0,226,41,0.1814,0
4298,1,123,20,0.1626,0
4299,0,177,14,0.0791,0
4299,1,81,4,0.0494,0
4300,0,205,25,0.122,0
4300,1,79,6,0.0759,0
4301,0,175,21,0.12,0
4301,1,62,6,0.0968,0
4302,0,268,66,0.2463,0
4302,1,119,32,0.2689,0
4303,0,227,29,0.1278,0
4303,1,66,13,0.197,0
4305,0,207,83,0.401,0
4305,1,118,37,0.3136,0
4306,0,182,21,0.1154,0
4306,1,94,7,0.0745,0
4308,0,269,68,0.2528,0
4308,1,99,27,0.2727,0
4311,0,264,76,0.2879,0
4311,1,95,26,0.2737,0
4313,0,141,31,0.2199,0
4313,1,61,11,0.1803,0
4314,0,258,62,0.2403,0
4314,1,82,16,0.1951,0
4315,0,176,30,0.1705,0
4315,1,110,13,0.1182,0
4317,0,229,32,0.1397,0
4317,1,54,4,0.0741,0
4318,0,234,37,0.1581,0
4318,1,85,9,0.1059,0
4319,0,291,50,0.1718,0
4319,1,88,13,0.1477,0
4320,0,201,60,0.2985,0
4320,1,90,37,0.4111,0
4323,0,233,33,0.1416,0
4323,1,70,11,0.1571,0
4324,0,326,100,0.3067,0
4324,1,108,45,0.4167,0
4325,0,205,18,0.0878,0
4325,1,64,3,0.0469,0
4327,0,260,18,0.0692,0
4327,1,48,7,0.1458,0
4329,0,244,18,0.0738,0
4329,1,59,5,0.0847,0
4330,0,248,63,0.254,0
4330,1,83,23,0.2771,0
4331,0,182,44,0.2418,0
4331,1,146,29,0.1986,0
4332,0,204,14,0.0686,0
4332,1,44,2,0.0455,0
4335,0,270,77,0.2852,0
4335,1,76,24,0.3158,0
4336,0,271,36,0.1328,0
4336,1,70,9,0.1286,0
4337,0,277,71,0.2563,0
4337,1,102,21,0.2059,0
4339,0,250,17,0.068,0
4339,1,40,3,0.075,0
4340,0,60,3,0.05,0
4342,0,281,85,0.3025,0
4342,1,61,19,0.3115,0
4343,0,257,12,0.0467,0
4343,1,40,3,0.075,0
4344,0,244,69,0.2828,0
4344,1,99,28,0.2828,0
4345,0,250,39,0.156,0
4345,1,66,15,0.2273,0
4346,0,230,37,0.1609,0
4346,1,72,8,0.1111,0
4347,0,240,49,0.2042,0
4347,1,66,10,0.1515,0
4348,0,243,38,0.1564,0
4348,1,116,17,0.1466,0
4349,0,205,21,0.1024,0
4349,1,49,5,0.102,0
4350,0,246,70,0.2846,0
4350,1,120,47,0.3917,0
4351,0,296,101,0.3412,0
4351,1,96,28,0.2917,0
4352,0,199,49,0.2462,0
4352,1,110,38,0.3455,0
4355,0,154,7,0.0455,0
4355,1,42,0,0.0,0
4356,0,251,55,0.2191,0
4356,1,83,19,0.2289,0
4357,0,258,74,0.2868,0
4357,1,111,39,0.3514,0
4358,0,249,21,0.0843,0
4358,1,35,3,0.0857,0
4359,0,238,39,0.1639,0
4359,1,46,7,0.1522,0
4360,0,275,53,0.1927,0
4360,1,67,6,0.0896,0
4361,0,194,59,0.3041,0
4361,1,141,63,0.4468,0
4362,0,224,49,0.2188,0
4362,1,108,25,0.2315,0
4363,0,262,45,0.1718,0
4363,1,130,23,0.1769,0
4364,0,249,75,0.3012,0
4364,1,107,34,0.3178,0
4365,0,279,57,0.2043,0
4365,1,53,6,0.1132,0
4366,0,299,75,0.2508,0
4366,1,83,19,0.2289,0
4367,0,193,11,0.057,0
4367,1,75,6,0.08,0
4368,0,239,20,0.0837,0
4368,1,32,3,0.0938,0
4369,0,275,65,0.2364,0
4369,1,102,15,0.1471,0
4370,0,284,102,0.3592,0
4370,1,74,22,0.2973,0
4371,0,235,42,0.1787,0
4371,1,82,22,0.2683,0
4372,0,160,41,0.2562,0
4372,1,102,25,0.2451,0
4373,0,235,48,0.2043,0
4373,1,112,25,0.2232,0
4374,0,254,31,0.122,0
4374,1,46,4,0.087,0
4375,0,289,67,0.2318,0
4375,1,80,17,0.2125,0
4376,0,267,64,0.2397,0
4376,1,120,16,0.1333,0
4377,0,296,71,0.2399,0
4377,1,88,23,0.2614,0
4379,0,291,51,0.1753,0
4379,1,84,17,0.2024,0
4380,0,269,42,0.1561,0
4380,1,45,2,0.0444,0
4381,0,248,61,0.246,0
4381,1,94,13,0.1383,0
4382,0,303,21,0.0693,0
4382,1,15,0,0.0,0
4383,0,245,41,0.1673,0
4383,1,76,8,0.1053,0
4384,0,281,54,0.1922,0
4384,1,88,26,0.2955,0
4385,0,125,7,0.056,0
4385,1,45,3,0.0667,0
4387,0,260,71,0.2731,0
4387,1,100,32,0.32,0
4388,0,331,64,0.1934,0
4388,1,48,11,0.2292,0
4389,0,197,28,0.1421,0
4389,1,104,10,0.0962,0
4390,0,254,20,0.0787,0
4390,1,44,3,0.0682,0
4391,0,318,97,0.305,0
4391,1,61,12,0.1967,0
4393,0,238,24,0.1008,0
4393,1,39,1,0.0256,0
4394,0,230,43,0.187,0
4394,1,69,14,0.2029,0
4395,0,251,34,0.1355,0
4395,1,61,5,0.082,0
4396,0,233,23,0.0987,0
4396,1,90,11,0.1222,0
4397,0,280,78,0.2786,0
4397,1,116,38,0.3276,0
4398,0,323,89,0.2755,0
4398,1,70,21,0.3,0
4400,0,223,5,0.0224,0
4400,1,34,1,0.0294,0
4401,0,245,49,0.2,0
4401,1,71,14,0.1972,0
4402,0,226,56,0.2478,0
4402,1,96,20,0.2083,0
4403,0,252,50,0.1984,0
4403,1,79,19,0.2405,0
4404,0,230,21,0.0913,0
4404,1,52,2,0.0385,0
4405,0,252,17,0.0675,0
4405,1,35,1,0.0286,0
4406,0,243,29,0.1193,0
4406,1,66,8,0.1212,0
4407,0,285,32,0.1123,0
4407,1,62,4,0.0645,0
4408,0,149,12,0.0805,0
4408,1,78,7,0.0897,0
4409,0,282,78,0.2766,0
4409,1,81,21,0.2593,0
4410,0,254,40,0.1575,0
4410,1,70,8,0.1143,0
4411,0,280,55,0.1964,0
4411,1,92,14,0.1522,0
4413,0,251,48,0.1912,0
4413,1,122,26,0.2131,0
4414,0,180,19,0.1056,0
4414,1,54,6,0.1111,0
4415,0,316,80,0.2532,0
4415,1,72,24,0.3333,0
4416,0,246,41,0.1667,0
4416,1,64,5,0.0781,0
4417,0,200,23,0.115,0
4417,1,61,1,0.0164,0
4418,0,283,96,0.3392,0
4418,1,78,22,0.2821,0
4419,0,229,33,0.1441,0
4419,1,33,3,0.0909,0
4420,0,283,46,0.1625,0
4420,1,122,23,0.1885,0
4421,0,169,9,0.0533,0
4421,1,53,3,0.0566,0
4422,0,226,28,0.1239,0
4422,1,58,7,0.1207,0
4423,0,251,44,0.1753,0
4423,1,70,6,0.0857,0
4424,0,297,64,0.2155,0
4424,1,107,22,0.2056,0
4425,0,217,19,0.0876,0
4425,1,40,3,0.075,0
4427,0,261,88,0.3372,0
4427,1,76,23,0.3026,0
4428,0,288,67,0.2326,0
4428,1,68,17,0.25,0
4429,0,256,19,0.0742,0
4429,1,39,2,0.0513,0
4430,0,299,57,0.1906,0
4430,1,76,16,0.2105,0
4431,0,197,36,0.1827,0
4431,1,50,6,0.12,0
4432,0,294,37,0.1259,0
4432,1,48,6,0.125,0
4433,0,242,75,0.3099,0
4433,1,156,53,0.3397,0
4434,0,275,74,0.2691,0
4434,1,81,17,0.2099,0
4435,0,241,46,0.1909,0
4435,1,61,6,0.0984,0
4436,0,263,59,0.2243,0
4436,1,103,26,0.2524,0
4437,0,236,56,0.2373,0
4437,1,120,30,0.25,0
4438,0,274,60,0.219,0
4438,1,64,12,0.1875,0
4439,0,199,12,0.0603,0
4439,1,38,1,0.0263,0
4440,0,245,21,0.0857,0
4440,1,42,3,0.0714,0
4441,0,312,70,0.2244,0
4441,1,63,17,0.2698,0
4442,0,211,53,0.2512,0
4442,1,105,17,0.1619,0
4443,0,237,37,0.1561,0
4443,1,101,17,0.1683,0
4444,0,268,66,0.2463,0
4444,1,49,10,0.2041,0
4445,0,271,60,0.2214,0
4445,1,67,20,0.2985,0
4446,0,299,78,0.2609,0
4446,1,84,26,0.3095,0
4447,0,243,53,0.2181,0
4447,1,97,16,0.1649,0
4448,0,293,85,0.2901,0
4448,1,59,13,0.2203,0
4449,0,265,27,0.1019,0
4449,1,23,0,0.0,0
4450,0,208,45,0.2163,0
4450,1,104,21,0.2019,0
4451,0,251,60,0.239,0
4451,1,119,22,0.1849,0
4452,0,261,39,0.1494,0
4452,1,113,19,0.1681,0
4456,0,224,61,0.2723,0
4456,1,54,17,0.3148,0
4457,0,209,21,0.1005,0
4457,1,42,5,0.119,0
4458,0,270,40,0.1481,0
4458,1,47,4,0.0851,0
4459,0,242,39,0.1612,0
4459,1,102,29,0.2843,0
4460,0,293,56,0.1911,0
4460,1,88,20,0.2273,0
4461,0,233,22,0.0944,0
4461,1,37,1,0.027,0
4462,0,216,37,0.1713,0
4462,1,50,3,0.06,0
4463,0,236,46,0.1949,0
4463,1,92,12,0.1304,0
4464,0,211,38,0.1801,0
4464,1,75,12,0.16,0
4465,0,200,17,0.085,0
4465,1,41,2,0.0488,0
4466,0,258,47,0.1822,0
4466,1,67,9,0.1343,0
4467,0,253,55,0.2174,0
4467,1,115,21,0.1826,0
4468,0,248,67,0.2702,0
4468,1,91,34,0.3736,0
4469,0,251,59,0.2351,0
4469,1,73,13,0.1781,0
4470,0,265,66,0.2491,0
4470,1,93,20,0.2151,0
4471,0,324,99,0.3056,0
4471,1,78,27,0.3462,0
4472,0,299,71,0.2375,0
4472,1,87,21,0.2414,0
4473,0,199,35,0.1759,0
4473,1,41,5,0.122,0
4474,0,219,36,0.1644,0
4474,1,58,4,0.069,0
4475,0,265,51,0.1925,0
4475,1,117,20,0.1709,0
4477,0,268,69,0.2575,0
4477,1,83,19,0.2289,0
4478,0,245,49,0.2,0
4478,1,98,29,0.2959,0
4479,0,159,11,0.0692,0
4479,1,42,2,0.0476,0
4482,0,279,79,0.2832,0
4482,1,73,19,0.2603,0
4483,0,279,86,0.3082,0
4483,1,89,34,0.382,0
4484,0,221,25,0.1131,0
4484,1,61,3,0.0492,0
4485,0,248,39,0.1573,0
4485,1,84,11,0.131,0
4486,0,209,39,0.1866,0
4486,1,95,14,0.1474,0
4487,0,238,26,0.1092,0
4487,1,69,5,0.0725,0
4488,0,234,63,0.2692,0
4488,1,80,19,0.2375,0
4489,0,255,44,0.1725,0
4489,1,55,3,0.0545,0
4491,0,238,22,0.0924,0
4491,1,53,0,0.0,0
4492,0,57,16,0.2807,0
4492,1,45,14,0.3111,0
4494,0,234,51,0.2179,0
4494,1,80,21,0.2625,0
4495,0,157,34,0.2166,0
4495,1,93,20,0.2151,0
4496,0,239,66,0.2762,0
4496,1,102,27,0.2647,0
4497,0,199,56,0.2814,0
4497,1,112,39,0.3482,0
4498,0,135,21,0.1556,0
4498,1,68,8,0.1176,0
4499,0,156,26,0.1667,0
4499,1,68,11,0.1618,0
4500,0,298,112,0.3758,0
4500,1,67,22,0.3284,0
4501,0,286,54,0.1888,0
4501,1,79,14,0.1772,0
4502,0,288,85,0.2951,0
4502,1,68,23,0.3382,0
4503,0,294,96,0.3265,0
4503,1,101,35,0.3465,0
4504,0,270,58,0.2148,0
4504,1,103,26,0.2524,0
4505,0,249,68,0.2731,0
4505,1,95,17,0.1789,0
4506,0,255,67,0.2627,0
4506,1,95,20,0.2105,0
4508,0,190,32,0.1684,0
4508,1,56,3,0.0536,0
4509,0,236,46,0.1949,0
4509,1,87,11,0.1264,0
4510,0,118,2,0.0169,0
4510,1,28,1,0.0357,0
4511,0,220,21,0.0955,0
4511,1,73,3,0.0411,0
4512,0,330,100,0.303,0
4512,1,95,32,0.3368,0
4513,0,262,61,0.2328,0
4513,1,71,9,0.1268,0
4514,0,260,73,0.2808,0
4514,1,132,46,0.3485,0
4515,0,291,62,0.2131,0
4515,1,103,20,0.1942,0
4516,0,243,62,0.2551,0
4516,1,109,22,0.2018,0
4518,0,226,62,0.2743,0
4518,1,101,33,0.3267,0
4519,0,154,37,0.2403,0
4519,1,39,5,0.1282,0
4520,0,263,53,0.2015,0
4520,1,46,6,0.1304,0
4521,0,233,45,0.1931,0
4521,1,72,10,0.1389,0
4522,0,254,65,0.2559,0
4522,1,81,17,0.2099,0
4523,0,206,34,0.165,0
4523,1,88,12,0.1364,0
4524,0,272,63,0.2316,0
4524,1,81,25,0.3086,0
4525,0,188,19,0.1011,0
4525,1,51,5,0.098,0
4526,0,203,42,0.2069,0
4526,1,94,17,0.1809,0
4527,0,202,20,0.099,0
4527,1,60,4,0.0667,0
4528,0,243,67,0.2757,0
4528,1,86,31,0.3605,0
4529,0,240,50,0.2083,0
4529,1,82,15,0.1829,0
4530,0,260,90,0.3462,0
4530,1,85,26,0.3059,0
4531,0,304,70,0.2303,0
4531,1,71,14,0.1972,0
4532,0,270,82,0.3037,0
4532,1,68,19,0.2794,0
4533,0,148,21,0.1419,0
4533,1,71,6,0.0845,0
4534,0,152,10,0.0658,0
4534,1,44,2,0.0455,0
4535,0,169,49,0.2899,0
4535,1,90,24,0.2667,0
4536,0,260,53,0.2038,0
4536,1,87,17,0.1954,0
4537,0,296,91,0.3074,0
4537,1,75,18,0.24,0
4538,0,224,80,0.3571,0
4538,1,79,17,0.2152,0
4539,0,234,65,0.2778,0
4539,1,134,24,0.1791,0
4540,0,222,39,0.1757,0
4540,1,86,11,0.1279,0
4543,0,267,70,0.2622,0
4543,1,96,25,0.2604,0
4544,0,292,125,0.4281,0
4544,1,103,39,0.3786,0
4545,0,237,65,0.2743,0
4545,1,117,54,0.4615,0
4546,0,223,52,0.2332,0
4546,1,48,12,0.25,0
4547,0,275,60,0.2182,0
4547,1,75,18,0.24,0
4548,0,135,6,0.0444,0
4548,1,15,0,0.0,0
4549,0,212,38,0.1792,0
4549,1,92,10,0.1087,0
4550,0,232,35,0.1509,0
4550,1,82,6,0.0732,0
4551,0,282,51,0.1809,0
4551,1,79,11,0.1392,0
4552,0,201,34,0.1692,0
4552,1,102,17,0.1667,0
4553,0,180,40,0.2222,0
4553,1,131,22,0.1679,0
4555,0,236,33,0.1398,0
4555,1,69,8,0.1159,0
4556,0,204,63,0.3088,0
4556,1,81,25,0.3086,0
4557,0,199,16,0.0804,0
4557,1,79,7,0.0886,0
4558,0,194,16,0.0825,0
4558,1,41,1,0.0244,0
4560,0,203,44,0.2167,0
4560,1,86,13,0.1512,0
4561,0,250,68,0.272,0
4561,1,71,22,0.3099,0
4562,0,278,20,0.0719,0
4562,1,63,1,0.0159,0
4563,0,219,26,0.1187,0
4563,1,52,4,0.0769,0
4564,0,247,18,0.0729,0
4564,1,48,0,0.0,0
4565,0,268,20,0.0746,0
4565,1,34,3,0.0882,0
4566,0,242,52,0.2149,0
4566,1,99,30,0.303,0
4567,0,155,13,0.0839,0
4567,1,76,0,0.0,0
4568,0,241,47,0.195,0
4568,1,73,14,0.1918,0
4569,0,144,23,0.1597,0
4569,1,27,0,0.0,0
4570,0,278,70,0.2518,0
4570,1,86,15,0.1744,0
4571,0,249,90,0.3614,0
4571,1,60,20,0.3333,0
4572,0,211,35,0.1659,0
4572,1,87,12,0.1379,0
4573,0,259,61,0.2355,0
4573,1,62,19,0.3065,0
4574,0,267,38,0.1423,0
4574,1,73,6,0.0822,0
4575,0,225,50,0.2222,0
4575,1,74,20,0.2703,0
4578,0,248,62,0.25,0
4578,1,90,16,0.1778,0
4579,0,276,65,0.2355,0
4579,1,81,18,0.2222,0
4580,0,223,47,0.2108,0
4580,1,76,10,0.1316,0
4581,0,288,71,0.2465,0
4581,1,92,22,0.2391,0
4583,0,294,44,0.1497,0
4583,1,80,10,0.125,0
4584,0,261,63,0.2414,0
4584,1,80,29,0.3625,0
4586,0,255,55,0.2157,0
4586,1,93,29,0.3118,0
4587,0,241,58,0.2407,0
4587,1,87,23,0.2644,0
4588,0,298,68,0.2282,0
4588,1,92,13,0.1413,0
4589,0,199,39,0.196,0
4589,1,55,10,0.1818,0
4590,0,252,61,0.2421,0
4590,1,94,26,0.2766,0
4592,0,231,25,0.1082,0
4592,1,59,0,0.0,0
4593,0,271,48,0.1771,0
4593,1,81,14,0.1728,0
4594,0,238,47,0.1975,0
4594,1,79,17,0.2152,0
4596,0,283,58,0.2049,0
4596,1,80,14,0.175,0
4598,0,281,61,0.2171,0
4598,1,43,10,0.2326,0
4600,0,262,72,0.2748,0
4600,1,66,12,0.1818,0
4601,0,235,65,0.2766,0
4601,1,138,35,0.2536,0
4603,0,214,35,0.1636,0
4603,1,87,16,0.1839,0
4604,0,323,93,0.2879,0
4604,1,79,19,0.2405,0
4607,0,273,42,0.1538,0
4607,1,98,14,0.1429,0
4608,0,269,49,0.1822,0
4608,1,87,14,0.1609,0
4610,0,292,82,0.2808,0
4610,1,64,15,0.2344,0
4611,0,273,68,0.2491,0
4611,1,77,21,0.2727,0
4614,0,242,75,0.3099,0
4614,1,92,31,0.337,0
4615,0,215,16,0.0744,0
4615,1,53,4,0.0755,0
4618,0,218,28,0.1284,0
4618,1,44,2,0.0455,0
4619,0,242,45,0.186,0
4619,1,59,10,0.1695,0
4623,0,285,36,0.1263,0
4623,1,42,4,0.0952,0
4624,0,273,80,0.293,0
4624,1,93,21,0.2258,0
4625,0,239,39,0.1632,0
4625,1,43,5,0.1163,0
4626,0,212,26,0.1226,0
4626,1,39,4,0.1026,0
4627,0,205,54,0.2634,0
4627,1,85,22,0.2588,0
4630,0,208,39,0.1875,0
4630,1,106,20,0.1887,0
4631,0,202,32,0.1584,0
4631,1,68,6,0.0882,0
4632,0,178,19,0.1067,0
4632,1,71,2,0.0282,0
4633,0,263,45,0.1711,0
4633,1,54,5,0.0926,0
4635,0,203,39,0.1921,0
4635,1,40,5,0.125,0
4636,0,211,23,0.109,0
4636,1,39,1,0.0256,0
4637,0,220,40,0.1818,0
4637,1,56,8,0.1429,0
4638,0,254,37,0.1457,0
4638,1,55,3,0.0545,0
4639,0,230,22,0.0957,0
4639,1,68,7,0.1029,0
4640,0,301,60,0.1993,0
4640,1,105,18,0.1714,0
4641,0,201,25,0.1244,0
4641,1,38,2,0.0526,0
4642,0,211,61,0.2891,0
4642,1,133,49,0.3684,0
4643,0,209,58,0.2775,0
4643,1,128,38,0.2969,0
4644,0,255,59,0.2314,0
4644,1,88,21,0.2386,0
4645,0,252,71,0.2817,0
4645,1,107,25,0.2336,0
4648,0,224,26,0.1161,0
4648,1,29,2,0.069,0
4649,0,315,62,0.1968,0
4649,1,68,13,0.1912,0
4650,0,170,33,0.1941,0
4650,1,45,10,0.2222,0
4651,0,191,17,0.089,0
4651,1,65,6,0.0923,0
4652,0,260,33,0.1269,0
4652,1,33,5,0.1515,0
4653,0,198,52,0.2626,0
4653,1,92,32,0.3478,0
4654,0,230,51,0.2217,0
4654,1,87,17,0.1954,0
4656,0,252,32,0.127,0
4656,1,45,5,0.1111,0
4659,0,246,68,0.2764,0
4659,1,138,46,0.3333,0
4660,0,139,10,0.0719,0
4660,1,24,1,0.0417,0
4661,0,224,32,0.1429,0
4661,1,61,1,0.0164,0
4663,0,87,19,0.2184,0
4663,1,6,1,0.1667,1
4664,0,190,15,0.0789,0
4664,1,45,3,0.0667,0
4665,0,244,13,0.0533,0
4665,1,37,0,0.0,0
4666,0,168,14,0.0833,0
4666,1,32,2,0.0625,0
4669,0,231,22,0.0952,0
4669,1,53,0,0.0,0
4672,0,256,18,0.0703,0
4672,1,50,3,0.06,0
4674,0,261,38,0.1456,0
4674,1,86,17,0.1977,0
4675,0,199,36,0.1809,0
4675,1,49,6,0.1224,0
4676,0,240,34,0.1417,0
4676,1,60,4,0.0667,0
4677,0,228,53,0.2325,0
4677,1,59,11,0.1864,0
4678,0,190,31,0.1632,0
4678,1,55,5,0.0909,0
4679,0,263,71,0.27,0
4679,1,111,26,0.2342,0
4680,0,263,29,0.1103,0
4680,1,50,2,0.04,0
4681,0,146,11,0.0753,0
4681,1,29,1,0.0345,0
4682,0,285,78,0.2737,0
4682,1,98,27,0.2755,0
4683,0,126,15,0.119,0
4683,1,41,3,0.0732,0
4684,0,260,54,0.2077,0
4684,1,64,5,0.0781,0
4685,0,230,74,0.3217,0
4685,1,84,32,0.381,0
4686,0,278,80,0.2878,0
4686,1,68,21,0.3088,0
4688,0,296,81,0.2736,0
4688,1,67,17,0.2537,0
4689,0,231,38,0.1645,0
4689,1,43,5,0.1163,0
4690,0,46,9,0.1957,0
4690,1,16,2,0.125,0
4691,0,183,26,0.1421,0
4691,1,48,3,0.0625,0
4692,0,262,40,0.1527,0
4692,1,18,2,0.1111,0
4693,0,245,19,0.0776,0
4693,1,62,3,0.0484,0
4694,0,220,28,0.1273,0
4694,1,44,2,0.0455,0
4695,0,225,36,0.16,0
4695,1,86,12,0.1395,0
4697,0,221,16,0.0724,0
4697,1,78,3,0.0385,0
4700,0,236,52,0.2203,0
4700,1,81,16,0.1975,0
4702,0,248,71,0.2863,0
4702,1,86,31,0.3605,0
4703,0,274,64,0.2336,0
4703,1,73,16,0.2192,0
4704,0,334,82,0.2455,0
4704,1,75,23,0.3067,0
4705,0,206,25,0.1214,0
4705,1,67,5,0.0746,0
4706,0,273,57,0.2088,0
4706,1,77,12,0.1558,0
4708,0,209,12,0.0574,0
4708,1,49,1,0.0204,0
4709,0,235,41,0.1745,0
4709,1,99,15,0.1515,0
4710,0,305,62,0.2033,0
4710,1,88,22,0.25,0
4711,0,274,50,0.1825,0
4711,1,43,2,0.0465,0
4713,0,336,89,0.2649,0
4713,1,72,15,0.2083,0
4714,0,237,19,0.0802,0
4714,1,45,4,0.0889,0
4715,0,192,67,0.349,0
4715,1,120,31,0.2583,0
4718,0,228,49,0.2149,0
4718,1,78,22,0.2821,0
4719,0,232,65,0.2802,0
4719,1,140,48,0.3429,0
4720,0,180,14,0.0778,0
4720,1,66,4,0.0606,0
4723,0,226,28,0.1239,0
4723,1,36,2,0.0556,0
4724,0,130,7,0.0538,0
4724,1,69,0,0.0,0
4725,0,235,30,0.1277,0
4725,1,63,5,0.0794,0
4726,0,88,9,0.1023,0
4726,1,8,0,0.0,1
4727,0,209,24,0.1148,0
4727,1,55,3,0.0545,0
4728,0,251,31,0.1235,0
4728,1,30,3,0.1,0
4729,0,170,18,0.1059,0
4729,1,40,2,0.05,0
4730,0,205,38,0.1854,0
4730,1,63,9,0.1429,0
4731,0,215,32,0.1488,0
4731,1,54,2,0.037,0
4732,0,284,70,0.2465,0
4732,1,94,22,0.234,0
4733,0,205,35,0.1707,0
4733,1,32,5,0.1562,0
4734,0,235,69,0.2936,0
4734,1,119,40,0.3361,0
4735,0,251,37,0.1474,0
4735,1,40,5,0.125,0
4736,0,261,79,0.3027,0
4736,1,94,23,0.2447,0
4737,0,211,65,0.3081,0
4737,1,98,34,0.3469,0
4738,0,298,64,0.2148,0
4738,1,81,22,0.2716,0
4739,0,285,70,0.2456,0
4739,1,102,32,0.3137,0
4740,0,236,29,0.1229,0
4740,1,48,0,0.0,0
4743,0,320,74,0.2313,0
4743,1,85,23,0.2706,0
4744,0,172,19,0.1105,0
4744,1,64,2,0.0312,0
4746,0,183,36,0.1967,0
4746,1,62,11,0.1774,0
4747,0,177,15,0.0847,0
4747,1,75,2,0.0267,0
4748,0,288,73,0.2535,0
4748,1,58,13,0.2241,0
4750,0,207,28,0.1353,0
4750,1,68,7,0.1029,0
4752,0,239,16,0.0669,0
4752,1,59,1,0.0169,0
4753,0,155,15,0.0968,0
4753,1,40,4,0.1,0
4754,0,273,69,0.2527,0
4754,1,80,17,0.2125,0
4756,0,4,0,0.0,1
4757,0,295,80,0.2712,0
4757,1,83,29,0.3494,0
4758,0,112,23,0.2054,0
4758,1,17,2,0.1176,0
4759,0,268,69,0.2575,0
4759,1,70,14,0.2,0
4760,0,294,94,0.3197,0
4760,1,112,42,0.375,0
4761,0,283,59,0.2085,0
4761,1,95,23,0.2421,0
4762,0,275,95,0.3455,0
4762,1,75,24,0.32,0
4764,0,196,37,0.1888,0
4764,1,80,13,0.1625,0
4765,0,160,27,0.1688,0
4765,1,90,11,0.1222,0
4766,0,176,23,0.1307,0
4766,1,50,1,0.02,0
4769,0,296,81,0.2736,0
4769,1,81,13,0.1605,0
4771,0,297,95,0.3199,0
4771,1,76,27,0.3553,0
4772,0,233,60,0.2575,0
4772,1,105,33,0.3143,0
4773,0,258,50,0.1938,0
4773,1,120,25,0.2083,0
4775,0,197,46,0.2335,0
4775,1,48,9,0.1875,0
4776,0,299,88,0.2943,0
4776,1,105,30,0.2857,0
4778,0,204,38,0.1863,0
4778,1,38,5,0.1316,0
4779,0,230,30,0.1304,0
4779,1,50,1,0.02,0
4781,0,109,9,0.0826,0
4781,1,13,1,0.0769,0
4782,0,186,19,0.1022,0
4782,1,36,3,0.0833,0
4784,0,145,14,0.0966,0
4784,1,55,6,0.1091,0
4785,0,233,13,0.0558,0
4785,1,37,3,0.0811,0
4786,0,287,92,0.3206,0
4786,1,101,22,0.2178,0
4787,0,208,64,0.3077,0
4787,1,157,58,0.3694,0
4788,0,273,44,0.1612,0
4788,1,103,22,0.2136,0
4789,0,228,44,0.193,0
4789,1,74,7,0.0946,0
4790,0,264,64,0.2424,0
4790,1,78,17,0.2179,0
4791,0,217,37,0.1705,0
4791,1,92,17,0.1848,0
4792,0,185,29,0.1568,0
4792,1,38,3,0.0789,0
4793,0,278,74,0.2662,0
4793,1,90,22,0.2444,0
4794,0,230,63,0.2739,0
4794,1,84,31,0.369,0
4796,0,304,89,0.2928,0
4796,1,64,12,0.1875,0
4797,0,232,58,0.25,0
4797,1,72,17,0.2361,0
4798,0,287,81,0.2822,0
4798,1,97,25,0.2577,0
4803,0,220,10,0.0455,0
4803,1,32,2,0.0625,0
4804,0,254,81,0.3189,0
4804,1,88,17,0.1932,0
4808,0,304,70,0.2303,0
4808,1,63,16,0.254,0
4809,0,221,32,0.1448,0
4809,1,47,14,0.2979,0
4811,0,321,43,0.134,0
4811,1,31,1,0.0323,0
4812,0,212,74,0.3491,0
4812,1,90,30,0.3333,0
4813,0,213,20,0.0939,0
4813,1,45,1,0.0222,0
4815,0,174,25,0.1437,0
4815,1,55,6,0.1091,0
4816,0,248,54,0.2177,0
4816,1,65,12,0.1846,0
4817,0,207,49,0.2367,0
4817,1,79,21,0.2658,0
4818,0,65,7,0.1077,0
4818,1,23,1,0.0435,0
4819,0,204,39,0.1912,0
4819,1,75,11,0.1467,0
4821,0,238,39,0.1639,0
4821,1,73,8,0.1096,0
4822,0,289,63,0.218,0
4822,1,78,11,0.141,0
4823,0,194,54,0.2784,0
4823,1,108,29,0.2685,0
4824,0,334,101,0.3024,0
4824,1,49,6,0.1224,0
4825,0,237,72,0.3038,0
4825,1,76,20,0.2632,0
4826,0,289,101,0.3495,0
4826,1,116,34,0.2931,0
4828,0,251,60,0.239,0
4828,1,84,24,0.2857,0
4831,0,227,55,0.2423,0
4831,1,62,17,0.2742,0
4832,0,284,91,0.3204,0
4832,1,94,29,0.3085,0
4834,0,237,55,0.2321,0
4834,1,144,25,0.1736,0
4835,0,280,24,0.0857,0
4835,1,49,3,0.0612,0
4836,0,176,31,0.1761,0
4836,1,57,6,0.1053,0
4837,0,232,22,0.0948,0
4837,1,47,2,0.0426,0
4839,0,249,48,0.1928,0
4839,1,80,16,0.2,0
4840,0,294,35,0.119,0
4840,1,23,1,0.0435,0
4842,0,240,47,0.1958,0
4842,1,77,11,0.1429,0
4843,0,162,26,0.1605,0
4843,1,35,6,0.1714,0
4844,0,260,23,0.0885,0
4844,1,65,2,0.0308,0
4845,0,237,68,0.2869,0
4845,1,52,15,0.2885,0
4846,0,218,19,0.0872,0
4846,1,57,1,0.0175,0
4847,0,247,67,0.2713,0
4847,1,62,16,0.2581,0
4848,0,255,67,0.2627,0
4848,1,89,19,0.2135,0
4850,0,237,60,0.2532,0
4850,1,99,31,0.3131,0
4851,0,233,64,0.2747,0
4851,1,108,33,0.3056,0
4852,0,255,91,0.3569,0
4852,1,131,42,0.3206,0
4853,0,197,18,0.0914,0
4853,1,45,5,0.1111,0
4854,0,111,7,0.0631,0
4854,1,24,1,0.0417,0
4856,0,343,98,0.2857,0
4856,1,83,23,0.2771,0
4857,0,230,63,0.2739,0
4857,1,87,29,0.3333,0
4861,0,243,34,0.1399,0
4861,1,71,7,0.0986,0
4863,0,176,16,0.0909,0
4863,1,36,4,0.1111,0
4864,0,228,24,0.1053,0
4864,1,37,4,0.1081,0
4865,0,133,15,0.1128,0
4865,1,40,2,0.05,0
4866,0,192,20,0.1042,0
4866,1,56,3,0.0536,0
4871,0,207,23,0.1111,0
4871,1,53,6,0.1132,0
4872,0,230,34,0.1478,0
4872,1,86,2,0.0233,0
4873,0,250,44,0.176,0
4873,1,113,19,0.1681,0
4874,0,168,18,0.1071,0
4874,1,73,8,0.1096,0
4875,0,231,32,0.1385,0
4875,1,61,6,0.0984,0
4876,0,278,37,0.1331,0
4876,1,47,6,0.1277,0
4877,0,266,77,0.2895,0
4877,1,73,23,0.3151,0
4878,0,204,23,0.1127,0
4878,1,33,1,0.0303,0
4879,0,247,27,0.1093,0
4879,1,50,6,0.12,0
4880,0,207,18,0.087,0
4880,1,56,6,0.1071,0
4882,0,182,14,0.0769,0
4882,1,8,1,0.125,1
4883,0,228,50,0.2193,0
4883,1,58,18,0.3103,0
4884,0,153,28,0.183,0
4884,1,22,4,0.1818,0
4885,0,153,43,0.281,0
4885,1,37,16,0.4324,0
4886,0,262,65,0.2481,0
4886,1,66,17,0.2576,0
4887,0,240,41,0.1708,0
4887,1,54,4,0.0741,0
4888,0,195,33,0.1692,0
4888,1,109,14,0.1284,0
4889,0,163,31,0.1902,0
4889,1,42,5,0.119,0
4890,0,246,44,0.1789,0
4890,1,83,11,0.1325,0
4891,0,230,28,0.1217,0
4891,1,63,10,0.1587,0
4892,0,235,32,0.1362,0
4892,1,49,9,0.1837,0
4893,0,212,34,0.1604,0
4893,1,44,4,0.0909,0
4894,0,254,32,0.126,0
4894,1,59,0,0.0,0
4895,0,250,37,0.148,0
4895,1,62,6,0.0968,0
4896,0,218,27,0.1239,0
4896,1,77,4,0.0519,0
4897,0,164,12,0.0732,0
4897,1,57,1,0.0175,0
4898,0,213,21,0.0986,0
4898,1,39,2,0.0513,0
4899,0,195,26,0.1333,0
4899,1,69,4,0.058,0
4900,0,244,43,0.1762,0
4900,1,69,10,0.1449,0
4901,0,172,30,0.1744,0
4901,1,59,9,0.1525,0
4902,0,282,41,0.1454,0
4902,1,41,1,0.0244,0
4903,0,230,73,0.3174,0
4903,1,135,43,0.3185,0
4904,0,291,42,0.1443,0
4904,1,58,8,0.1379,0
4905,0,206,20,0.0971,0
4905,1,67,3,0.0448,0
4906,0,260,44,0.1692,0
4906,1,73,8,0.1096,0
4907,0,257,87,0.3385,0
4907,1,114,30,0.2632,0
4908,0,258,78,0.3023,0
4908,1,92,36,0.3913,0
4909,0,230,39,0.1696,0
4909,1,54,3,0.0556,0
4910,0,264,82,0.3106,0
4910,1,86,28,0.3256,0
4911,0,215,27,0.1256,0
4911,1,41,1,0.0244,0
4914,0,234,69,0.2949,0
4914,1,96,25,0.2604,0
4917,0,234,26,0.1111,0
4917,1,54,3,0.0556,0
4918,0,266,36,0.1353,0
4918,1,39,2,0.0513,0
4919,0,180,25,0.1389,0
4919,1,50,2,0.04,0
4924,0,206,15,0.0728,0
4924,1,103,4,0.0388,0
4925,0,279,54,0.1935,0
4925,1,75,11,0.1467,0
4926,0,223,84,0.3767,0
4926,1,47,23,0.4894,0
4927,0,249,48,0.1928,0
4927,1,107,21,0.1963,0
4928,0,261,88,0.3372,0
4928,1,78,19,0.2436,0
4930,0,297,59,0.1987,0
4930,1,59,10,0.1695,0
4931,0,230,55,0.2391,0
4931,1,177,55,0.3107,0
4932,0,279,81,0.2903,0
4932,1,80,34,0.425,0
4933,0,239,59,0.2469,0
4933,1,82,24,0.2927,0
4934,0,267,51,0.191,0
4934,1,83,13,0.1566,0
4936,0,210,48,0.2286,0
4936,1,59,14,0.2373,0
4938,0,260,77,0.2962,0
4938,1,115,32,0.2783,0
4939,0,248,84,0.3387,0
4939,1,87,36,0.4138,0
4940,0,118,7,0.0593,0
4940,1,31,0,0.0,0
4941,0,227,24,0.1057,0
4941,1,43,7,0.1628,0
4942,0,210,37,0.1762,0
4942,1,71,11,0.1549,0
4943,0,228,27,0.1184,0
4943,1,37,3,0.0811,0
4944,0,245,24,0.098,0
4944,1,36,0,0.0,0
4945,0,242,17,0.0702,0
4945,1,39,4,0.1026,0
4947,0,210,18,0.0857,0
4947,1,67,4,0.0597,0
4948,0,206,39,0.1893,0
4948,1,99,9,0.0909,0
4949,0,258,60,0.2326,0
4949,1,104,28,0.2692,0
4950,0,243,65,0.2675,0
4950,1,106,24,0.2264,0
4951,0,213,29,0.1362,0
4951,1,61,9,0.1475,0
4952,0,233,19,0.0815,0
4952,1,23,1,0.0435,0
4953,0,280,92,0.3286,0
4953,1,94,23,0.2447,0
4954,0,94,5,0.0532,0
4954,1,30,4,0.1333,0
4956,0,103,11,0.1068,0
4956,1,33,0,0.0,0
4957,0,275,44,0.16,0
4957,1,42,7,0.1667,0
4958,0,295,71,0.2407,0
4958,1,91,19,0.2088,0
4959,0,253,77,0.3043,0
4959,1,110,36,0.3273,0
4960,0,295,110,0.3729,0
4960,1,95,25,0.2632,0
4961,0,275,74,0.2691,0
4961,1,72,21,0.2917,0
4962,0,292,61,0.2089,0
4962,1,55,13,0.2364,0
4963,0,262,71,0.271,0
4963,1,60,13,0.2167,0
4964,0,170,37,0.2176,0
4964,1,41,9,0.2195,0
4965,0,209,20,0.0957,0
4965,1,33,1,0.0303,0
4966,0,228,45,0.1974,0
4966,1,97,15,0.1546,0
4967,0,246,62,0.252,0
4967,1,107,25,0.2336,0
4969,0,223,24,0.1076,0
4969,1,44,5,0.1136,0
4973,0,249,39,0.1566,0
4973,1,57,7,0.1228,0
4974,0,262,66,0.2519,0
4974,1,61,8,0.1311,0
4976,0,198,20,0.101,0
4976,1,47,6,0.1277,0
4977,0,220,49,0.2227,0
4977,1,100,16,0.16,0
4978,0,268,35,0.1306,0
4978,1,68,3,0.0441,0
4979,0,264,40,0.1515,0
4979,1,52,9,0.1731,0
4980,0,266,82,0.3083,0
4980,1,95,25,0.2632,0
4981,0,237,33,0.1392,0
4981,1,70,7,0.1,0
4982,0,204,23,0.1127,0
4982,1,50,4,0.08,0
4983,0,268,88,0.3284,0
4983,1,122,37,0.3033,0
4984,0,195,23,0.1179,0
4984,1,63,10,0.1587,0
4985,0,294,87,0.2959,0
4985,1,80,19,0.2375,0
4987,0,194,17,0.0876,0
4987,1,69,3,0.0435,0
4988,0,233,30,0.1288,0
4988,1,56,8,0.1429,0
4989,0,235,58,0.2468,0
4989,1,76,11,0.1447,0
4990,0,116,3,0.0259,0
4990,1,29,2,0.069,0
4991,0,261,54,0.2069,0
4991,1,65,13,0.2,0
4992,0,267,42,0.1573,0
4992,1,35,3,0.0857,0
4994,0,219,44,0.2009,0
4994,1,130,27,0.2077,0
4995,0,249,32,0.1285,0
4995,1,46,0,0.0,0
4997,0,143,8,0.0559,0
4997,1,14,1,0.0714,0
4998,0,100,12,0.12,0
4998,1,12,3,0.25,0
5000,0,224,28,0.125,0
5000,1,65,6,0.0923,0
5002,0,267,62,0.2322,0
5002,1,86,17,0.1977,0
5003,0,238,32,0.1345,0
5003,1,77,12,0.1558,0
5004,0,275,42,0.1527,0
5004,1,49,10,0.2041,0
5005,0,228,42,0.1842,0
5005,1,74,15,0.2027,0
5006,0,197,13,0.066,0
5006,1,74,7,0.0946,0
5007,0,234,30,0.1282,0
5007,1,46,1,0.0217,0
5008,0,246,26,0.1057,0
5008,1,32,3,0.0938,0
5009,0,240,46,0.1917,0
5009,1,52,5,0.0962,0
5010,0,284,52,0.1831,0
5010,1,71,13,0.1831,0
5011,0,184,15,0.0815,0
5011,1,79,3,0.038,0
5012,0,231,37,0.1602,0
5012,1,88,10,0.1136,0
5013,0,231,55,0.2381,0
5013,1,75,14,0.1867,0
5014,0,208,20,0.0962,0
5014,1,46,4,0.087,0
5015,0,269,77,0.2862,0
5015,1,93,30,0.3226,0
5016,0,259,84,0.3243,0
5016,1,83,22,0.2651,0
5017,0,281,85,0.3025,0
5017,1,80,23,0.2875,0
5018,0,328,99,0.3018,0
5018,1,109,31,0.2844,0
5019,0,163,16,0.0982,0
5019,1,55,8,0.1455,0
5020,0,210,32,0.1524,0
5020,1,47,5,0.1064,0
5022,0,203,15,0.0739,0
5022,1,50,3,0.06,0
5023,0,262,43,0.1641,0
5023,1,44,7,0.1591,0
5026,0,282,76,0.2695,0
5026,1,78,22,0.2821,0
5027,0,190,22,0.1158,0
5027,1,81,5,0.0617,0
5028,0,252,75,0.2976,0
5028,1,118,41,0.3475,0
5029,0,283,75,0.265,0
5029,1,76,24,0.3158,0
5031,0,194,20,0.1031,0
5031,1,54,4,0.0741,0
5032,0,248,43,0.1734,0
5032,1,72,9,0.125,0
5033,0,213,18,0.0845,0
5033,1,44,3,0.0682,0
5034,0,335,95,0.2836,0
5034,1,92,32,0.3478,0
5035,0,265,47,0.1774,0
5035,1,67,6,0.0896,0
5036,0,264,37,0.1402,0
5036,1,57,7,0.1228,0
5037,0,194,35,0.1804,0
5037,1,63,10,0.1587,0
5038,0,284,73,0.257,0
5038,1,53,10,0.1887,0
5039,0,206,26,0.1262,0
5039,1,70,8,0.1143,0
5041,0,204,31,0.152,0
5041,1,63,11,0.1746,0
5042,0,280,80,0.2857,0
5042,1,76,23,0.3026,0
5043,0,257,82,0.3191,0
5043,1,126,30,0.2381,0
5044,0,205,35,0.1707,0
5044,1,88,11,0.125,0
5045,0,265,46,0.1736,0
5045,1,74,15,0.2027,0
5046,0,218,16,0.0734,0
5046,1,62,3,0.0484,0
5047,0,253,38,0.1502,0
5047,1,28,4,0.1429,0
5048,0,203,26,0.1281,0
5048,1,73,5,0.0685,0
5049,0,223,47,0.2108,0
5049,1,62,14,0.2258,0
5050,0,231,53,0.2294,0
5050,1,70,18,0.2571,0
5051,0,264,65,0.2462,0
5051,1,81,25,0.3086,0
5052,0,105,11,0.1048,0
5052,1,29,3,0.1034,0
5053,0,243,30,0.1235,0
5053,1,37,3,0.0811,0
5054,0,199,47,0.2362,0
5054,1,87,23,0.2644,0
5055,0,230,50,0.2174,0
5055,1,121,26,0.2149,0
5056,0,27,4,0.1481,0
5056,1,7,1,0.1429,1
5057,0,199,43,0.2161,0
5057,1,79,14,0.1772,0
5058,0,307,99,0.3225,0
5058,1,79,24,0.3038,0
5059,0,9,0,0.0,1
5060,0,241,44,0.1826,0
5060,1,83,13,0.1566,0
5061,0,164,14,0.0854,0
5061,1,52,1,0.0192,0
5063,0,223,27,0.1211,0
5063,1,44,2,0.0455,0
5064,0,202,45,0.2228,0
5064,1,129,21,0.1628,0
5065,0,218,39,0.1789,0
5065,1,49,5,0.102,0
5066,0,284,74,0.2606,0
5066,1,56,8,0.1429,0
5067,0,193,31,0.1606,0
5067,1,91,9,0.0989,0
5068,0,227,87,0.3833,0
5068,1,125,47,0.376,0
5069,0,210,32,0.1524,0
5069,1,43,5,0.1163,0
5070,0,206,22,0.1068,0
5070,1,51,2,0.0392,0
5071,0,221,27,0.1222,0
5071,1,42,3,0.0714,0
5072,0,59,3,0.0508,0
5072,1,14,0,0.0,0
5073,0,251,38,0.1514,0
5073,1,71,10,0.1408,0
5074,0,236,25,0.1059,0
5074,1,45,4,0.0889,0
5075,0,315,68,0.2159,0
5075,1,63,12,0.1905,0
5076,0,241,43,0.1784,0
5076,1,56,5,0.0893,0
5077,0,134,5,0.0373,0
5077,1,35,5,0.1429,0
5078,0,205,18,0.0878,0
5078,1,67,7,0.1045,0
5079,0,228,29,0.1272,0
5079,1,54,8,0.1481,0
5081,0,211,46,0.218,0
5081,1,105,14,0.1333,0
5082,0,265,33,0.1245,0
5082,1,64,6,0.0938,0
5083,0,191,25,0.1309,0
5083,1,50,6,0.12,0
5084,0,249,71,0.2851,0
5084,1,51,16,0.3137,0
5085,0,295,39,0.1322,0
5085,1,33,2,0.0606,0
5086,0,172,26,0.1512,0
5086,1,88,10,0.1136,0
5087,0,285,77,0.2702,0
5087,1,65,13,0.2,0
5088,0,292,99,0.339,0
5088,1,118,34,0.2881,0
5089,0,236,67,0.2839,0
5089,1,104,28,0.2692,0
5090,0,230,52,0.2261,0
5090,1,58,2,0.0345,0
5091,0,191,48,0.2513,0
5091,1,47,9,0.1915,0
5092,0,249,66,0.2651,0
5092,1,60,11,0.1833,0
5093,0,246,36,0.1463,0
5093,1,66,9,0.1364,0
5095,0,227,51,0.2247,0
5095,1,49,9,0.1837,0
5096,0,287,60,0.2091,0
5096,1,73,14,0.1918,0
5098,0,217,32,0.1475,0
5098,1,84,8,0.0952,0
5100,0,205,21,0.1024,0
5100,1,24,2,0.0833,0
5101,0,168,4,0.0238,0
5101,1,28,0,0.0,0
5102,0,208,25,0.1202,0
5102,1,84,14,0.1667,0
5103,0,187,14,0.0749,0
5103,1,29,1,0.0345,0
5104,0,169,45,0.2663,0
5104,1,111,28,0.2523,0
5105,0,234,22,0.094,0
5105,1,53,1,0.0189,0
5106,0,198,35,0.1768,0
5106,1,106,10,0.0943,0
5107,0,180,22,0.1222,0
5107,1,54,6,0.1111,0
5108,0,80,3,0.0375,0
5108,1,28,0,0.0,0
5109,0,275,27,0.0982,0
5109,1,54,6,0.1111,0
5110,0,256,39,0.1523,0
5110,1,48,3,0.0625,0
5111,0,218,39,0.1789,0
5111,1,49,9,0.1837,0
5112,0,268,85,0.3172,0
5112,1,104,20,0.1923,0
5113,0,116,7,0.0603,0
5113,1,16,0,0.0,0
5114,0,323,70,0.2167,0
5114,1,73,11,0.1507,0
5115,0,225,47,0.2089,0
5115,1,39,7,0.1795,0
5117,0,148,16,0.1081,0
5117,1,51,5,0.098,0
5118,0,174,24,0.1379,0
5118,1,34,1,0.0294,0
5120,0,206,26,0.1262,0
5120,1,42,3,0.0714,0
5121,0,243,70,0.2881,0
5121,1,83,24,0.2892,0
5122,0,145,16,0.1103,0
5122,1,28,2,0.0714,0
5123,0,209,24,0.1148,0
5123,1,69,1,0.0145,0
5124,0,151,9,0.0596,0
5124,1,47,3,0.0638,0
5125,0,247,51,0.2065,0
5125,1,68,16,0.2353,0
5126,0,265,82,0.3094,0
5126,1,91,24,0.2637,0
5127,0,244,19,0.0779,0
5127,1,45,4,0.0889,0
5128,0,160,14,0.0875,0
5128,1,38,2,0.0526,0
5129,0,193,35,0.1813,0
5129,1,110,22,0.2,0
5130,0,286,20,0.0699,0
5130,1,29,3,0.1034,0
5131,0,217,11,0.0507,0
5131,1,54,1,0.0185,0
5132,0,326,96,0.2945,0
5132,1,84,21,0.25,0
5133,0,234,36,0.1538,0
5133,1,36,2,0.0556,0
5134,0,269,56,0.2082,0
5134,1,72,9,0.125,0
5135,0,243,46,0.1893,0
5135,1,43,8,0.186,0
5136,0,264,63,0.2386,0
5136,1,122,31,0.2541,0
5137,0,210,35,0.1667,0
5137,1,67,6,0.0896,0
5138,0,152,8,0.0526,0
5138,1,42,1,0.0238,0
5139,0,236,62,0.2627,0
5139,1,96,21,0.2188,0
5140,0,205,17,0.0829,0
5140,1,34,2,0.0588,0
5141,0,224,52,0.2321,0
5141,1,108,37,0.3426,0
5142,0,292,101,0.3459,0
5142,1,101,28,0.2772,0
5143,0,246,15,0.061,0
5143,1,65,2,0.0308,0
5144,0,243,27,0.1111,0
5144,1,53,4,0.0755,0
5145,0,235,56,0.2383,0
5145,1,143,40,0.2797,0
5146,0,197,31,0.1574,0
5146,1,60,8,0.1333,0
5147,0,151,13,0.0861,0
5147,1,36,2,0.0556,0
5148,0,150,23,0.1533,0
5148,1,56,2,0.0357,0
5150,0,181,45,0.2486,0
5150,1,129,32,0.2481,0
5151,0,233,13,0.0558,0
5151,1,47,3,0.0638,0
5152,0,180,6,0.0333,0
5152,1,56,1,0.0179,0
5153,0,248,13,0.0524,0
5153,1,54,1,0.0185,0
5154,0,222,27,0.1216,0
5154,1,75,7,0.0933,0
5155,0,255,54,0.2118,0
5155,1,62,8,0.129,0
5156,0,194,26,0.134,0
5156,1,45,9,0.2,0
5157,0,242,38,0.157,0
5157,1,59,4,0.0678,0
5158,0,241,72,0.2988,0
5158,1,99,27,0.2727,0
5160,0,287,61,0.2125,0
5160,1,71,11,0.1549,0
5161,0,259,52,0.2008,0
5161,1,52,12,0.2308,0
5162,0,77,3,0.039,0
5162,1,28,0,0.0,0
5163,0,179,45,0.2514,0
5163,1,123,33,0.2683,0
5164,0,107,3,0.028,0
5164,1,40,0,0.0,0
5165,0,240,31,0.1292,0
5165,1,50,1,0.02,0
5166,0,275,61,0.2218,0
5166,1,52,9,0.1731,0
5167,0,234,31,0.1325,0
5167,1,29,4,0.1379,0
5169,0,135,10,0.0741,0
5169,1,40,0,0.0,0
5170,0,206,26,0.1262,0
5170,1,48,6,0.125,0
5171,0,58,3,0.0517,0
5171,1,15,3,0.2,0
5172,0,251,34,0.1355,0
5172,1,46,5,0.1087,0
5173,0,166,34,0.2048,0
5173,1,109,10,0.0917,0
5174,0,116,17,0.1466,0
5174,1,45,12,0.2667,0
5175,0,146,14,0.0959,0
5175,1,44,6,0.1364,0
5176,0,88,5,0.0568,0
5176,1,50,2,0.04,0
5177,0,278,18,0.0647,0
5177,1,44,0,0.0,0
5178,0,276,20,0.0725,0
5178,1,53,4,0.0755,0
5179,0,186,25,0.1344,0
5179,1,44,6,0.1364,0
5180,0,109,13,0.1193,0
5180,1,51,3,0.0588,0
5181,0,236,33,0.1398,0
5181,1,34,1,0.0294,0
5182,0,213,26,0.1221,0
5182,1,64,12,0.1875,0
5183,0,260,26,0.1,0
5183,1,36,0,0.0,0
5184,0,101,8,0.0792,0
5184,1,29,2,0.069,0
5185,0,245,40,0.1633,0
5185,1,48,7,0.1458,0
5186,0,219,20,0.0913,0
5186,1,36,2,0.0556,0
5187,0,198,8,0.0404,0
5187,1,16,1,0.0625,0
5188,0,274,66,0.2409,0
5188,1,85,15,0.1765,0
5189,0,256,39,0.1523,0
5189,1,76,11,0.1447,0
5190,0,229,23,0.1004,0
5190,1,40,4,0.1,0
5191,0,314,90,0.2866,0
5191,1,77,25,0.3247,0
5192,0,167,32,0.1916,0
5192,1,69,8,0.1159,0
5193,0,252,66,0.2619,0
5193,1,100,30,0.3,0
5194,0,186,28,0.1505,0
5194,1,63,2,0.0317,0
5195,0,190,36,0.1895,0
5195,1,84,17,0.2024,0
5196,0,245,70,0.2857,0
5196,1,74,21,0.2838,0
5197,0,166,37,0.2229,0
5197,1,47,14,0.2979,0
5198,0,209,24,0.1148,0
5198,1,44,4,0.0909,0
5199,0,235,35,0.1489,0
5199,1,30,8,0.2667,0
5200,0,109,1,0.0092,0
5200,1,25,0,0.0,0
5201,0,152,15,0.0987,0
5201,1,34,2,0.0588,0
5203,0,241,29,0.1203,0
5203,1,42,5,0.119,0
5204,0,107,9,0.0841,0
5204,1,19,2,0.1053,0
5205,0,227,40,0.1762,0
5205,1,90,18,0.2,0
5206,0,221,17,0.0769,0
5206,1,35,4,0.1143,0
5207,0,186,26,0.1398,0
5207,1,77,11,0.1429,0
5208,0,195,19,0.0974,0
5208,1,74,6,0.0811,0
5209,0,166,3,0.0181,0
5209,1,25,1,0.04,0
5210,0,214,35,0.1636,0
5210,1,58,7,0.1207,0
5211,0,191,7,0.0366,0
5211,1,69,0,0.0,0
5212,0,255,50,0.1961,0
5212,1,79,13,0.1646,0
5213,0,233,43,0.1845,0
5213,1,91,11,0.1209,0
5214,0,238,33,0.1387,0
5214,1,55,4,0.0727,0
5215,0,14,2,0.1429,0
5215,1,4,0,0.0,1
5216,0,262,58,0.2214,0
5216,1,140,38,0.2714,0
5217,0,236,47,0.1992,0
5217,1,90,28,0.3111,0
5218,0,182,35,0.1923,0
5218,1,138,39,0.2826,0
5219,0,189,33,0.1746,0
5219,1,42,9,0.2143,0
5220,0,302,84,0.2781,0
5220,1,77,22,0.2857,0
5221,0,219,68,0.3105,0
5221,1,138,33,0.2391,0
5222,0,288,71,0.2465,0
5222,1,76,10,0.1316,0
5223,0,285,33,0.1158,0
5223,1,53,7,0.1321,0
5224,0,222,57,0.2568,0
5224,1,135,39,0.2889,0
5226,0,230,52,0.2261,0
5226,1,52,15,0.2885,0
5227,0,44,2,0.0455,0
5227,1,18,1,0.0556,0
5228,0,178,39,0.2191,0
5228,1,47,13,0.2766,0
5229,0,312,61,0.1955,0
5229,1,39,8,0.2051,0
5230,0,186,26,0.1398,0
5230,1,66,3,0.0455,0
5231,0,195,37,0.1897,0
5231,1,63,8,0.127,0
5232,0,209,32,0.1531,0
5232,1,66,3,0.0455,0
5234,0,230,57,0.2478,0
5234,1,132,37,0.2803,0
5235,0,146,9,0.0616,0
5235,1,33,1,0.0303,0
5236,0,263,16,0.0608,0
5236,1,60,1,0.0167,0
5237,0,170,17,0.1,0
5237,1,36,3,0.0833,0
5238,0,268,70,0.2612,0
5238,1,57,11,0.193,0
5239,0,224,38,0.1696,0
5239,1,68,5,0.0735,0
5240,0,238,22,0.0924,0
5240,1,31,2,0.0645,0
5241,0,161,20,0.1242,0
5241,1,81,3,0.037,0
5242,0,202,12,0.0594,0
5242,1,52,3,0.0577,0
5243,0,273,51,0.1868,0
5243,1,40,9,0.225,0
5244,0,224,15,0.067,0
5244,1,37,2,0.0541,0
5245,0,219,29,0.1324,0
5245,1,44,6,0.1364,0
5246,0,233,36,0.1545,0
5246,1,54,8,0.1481,0
5247,0,262,16,0.0611,0
5247,1,46,0,0.0,0
5248,0,201,19,0.0945,0
5248,1,53,2,0.0377,0
5249,0,257,32,0.1245,0
5249,1,36,2,0.0556,0
5250,0,176,12,0.0682,0
5250,1,82,9,0.1098,0
5251,0,128,1,0.0078,0
5251,1,16,0,0.0,0
5252,0,255,54,0.2118,0
5252,1,75,14,0.1867,0
5253,0,179,18,0.1006,0
5253,1,19,2,0.1053,0
5254,0,169,9,0.0533,0
5254,1,44,2,0.0455,0
5255,0,273,69,0.2527,0
5255,1,76,18,0.2368,0
5256,0,292,86,0.2945,0
5256,1,70,14,0.2,0
5257,0,260,73,0.2808,0
5257,1,144,36,0.25,0
5258,0,212,27,0.1274,0
5258,1,49,3,0.0612,0
5259,0,193,10,0.0518,0
5259,1,20,0,0.0,0
5261,0,199,21,0.1055,0
5261,1,53,4,0.0755,0
5262,0,193,11,0.057,0
5262,1,59,1,0.0169,0
5263,0,227,15,0.0661,0
5263,1,41,2,0.0488,0
5264,0,282,30,0.1064,0
5264,1,24,2,0.0833,0
5265,0,217,21,0.0968,0
5265,1,74,2,0.027,0
5266,0,220,19,0.0864,0
5266,1,53,5,0.0943,0
5267,0,257,88,0.3424,0
5267,1,106,33,0.3113,0
5268,0,192,11,0.0573,0
5268,1,42,0,0.0,0
5269,0,251,73,0.2908,0
5269,1,60,11,0.1833,0
5270,0,211,18,0.0853,0
5270,1,51,5,0.098,0
5271,0,209,16,0.0766,0
5271,1,39,2,0.0513,0
5272,0,201,27,0.1343,0
5272,1,62,5,0.0806,0
5273,0,267,30,0.1124,0
5273,1,36,4,0.1111,0
5274,0,199,36,0.1809,0
5274,1,34,6,0.1765,0
5275,0,280,74,0.2643,0
5275,1,54,16,0.2963,0
5276,0,249,34,0.1365,0
5276,1,70,6,0.0857,0
5277,0,242,36,0.1488,0
5277,1,58,6,0.1034,0
5278,0,266,96,0.3609,0
5278,1,80,26,0.325,0
5279,0,261,51,0.1954,0
5279,1,26,6,0.2308,0
5280,0,321,87,0.271,0
5280,1,50,10,0.2,0
5281,0,226,62,0.2743,0
5281,1,67,14,0.209,0
5282,0,275,42,0.1527,0
5282,1,43,2,0.0465,0
5283,0,149,7,0.047,0
5283,1,26,1,0.0385,0
5284,0,184,13,0.0707,0
5284,1,36,0,0.0,0
5285,0,226,13,0.0575,0
5285,1,56,0,0.0,0
5286,0,269,30,0.1115,0
5286,1,44,3,0.0682,0
5287,0,197,10,0.0508,0
5287,1,39,0,0.0,0
5288,0,217,17,0.0783,0
5288,1,37,1,0.027,0
5289,0,222,35,0.1577,0
5289,1,103,12,0.1165,0
5290,0,194,13,0.067,0
5290,1,44,0,0.0,0
5291,0,196,10,0.051,0
5291,1,95,1,0.0105,0
5292,0,251,18,0.0717,0
5292,1,44,1,0.0227,0
5293,0,172,6,0.0349,0
5293,1,30,0,0.0,0
5294,0,270,25,0.0926,0
5294,1,21,0,0.0,0
5295,0,179,17,0.095,0
5295,1,50,7,0.14,0
5296,0,215,25,0.1163,0
5296,1,65,6,0.0923,0
5297,0,252,12,0.0476,0
5297,1,17,0,0.0,0
5298,0,264,77,0.2917,0
5298,1,102,28,0.2745,0
5299,0,224,43,0.192,0
5299,1,82,11,0.1341,0
5300,0,183,6,0.0328,0
5300,1,50,0,0.0,0
5301,0,232,38,0.1638,0
5301,1,76,6,0.0789,0
5302,0,180,12,0.0667,0
5302,1,56,2,0.0357,0
5303,0,229,42,0.1834,0
5303,1,79,5,0.0633,0
5304,0,153,1,0.0065,0
5304,1,24,2,0.0833,0
5305,0,160,3,0.0187,0
5305,1,42,1,0.0238,0
5306,0,176,5,0.0284,0
5306,1,61,0,0.0,0
5307,0,219,30,0.137,0
5307,1,71,5,0.0704,0
5308,0,245,17,0.0694,0
5308,1,48,2,0.0417,0
5309,0,161,7,0.0435,0
5309,1,70,1,0.0143,0
5310,0,151,11,0.0728,0
5310,1,68,2,0.0294,0
5311,0,221,33,0.1493,0
5311,1,83,16,0.1928,0
5312,0,204,14,0.0686,0
5312,1,63,3,0.0476,0
5313,0,219,15,0.0685,0
5313,1,37,2,0.0541,0
5314,0,192,7,0.0365,0
5314,1,31,0,0.0,0
5315,0,189,8,0.0423,0
5315,1,40,0,0.0,0
5316,0,234,27,0.1154,0
5316,1,52,2,0.0385,0
5317,0,262,18,0.0687,0
5317,1,66,7,0.1061,0
5318,0,204,8,0.0392,0
5318,1,57,2,0.0351,0
5319,0,180,33,0.1833,0
5319,1,45,5,0.1111,0
5320,0,200,8,0.04,0
5320,1,48,2,0.0417,0
5321,0,177,26,0.1469,0
5321,1,51,5,0.098,0
5322,0,217,10,0.0461,0
5322,1,31,1,0.0323,0
5323,0,190,19,0.1,0
5323,1,32,3,0.0938,0
5324,0,185,5,0.027,0
5324,1,6,0,0.0,1
5325,0,219,23,0.105,0
5325,1,80,6,0.075,0
5326,0,266,29,0.109,0
5326,1,73,3,0.0411,0
5327,0,174,0,0.0,0
5327,1,48,0,0.0,0
5328,0,186,16,0.086,0
5328,1,57,1,0.0175,0
5329,0,233,26,0.1116,0
5329,1,22,3,0.1364,0
5330,0,293,76,0.2594,0
5330,1,56,16,0.2857,0
5331,0,210,32,0.1524,0
5331,1,37,5,0.1351,0
5332,0,247,18,0.0729,0
5332,1,42,2,0.0476,0
5333,0,211,24,0.1137,0
5333,1,22,0,0.0,0
5334,0,237,9,0.038,0
5334,1,32,0,0.0,0
5335,0,175,7,0.04,0
5335,1,95,5,0.0526,0
5336,0,167,6,0.0359,0
5336,1,61,1,0.0164,0
5337,0,249,11,0.0442,0
5337,1,31,2,0.0645,0
5338,0,233,16,0.0687,0
5338,1,39,3,0.0769,0
5339,0,202,30,0.1485,0
5339,1,65,4,0.0615,0
5340,0,233,11,0.0472,0
5340,1,71,4,0.0563,0
5341,0,183,5,0.0273,0
5341,1,32,1,0.0312,0
5342,0,169,2,0.0118,0
5342,1,48,1,0.0208,0
5343,0,246,6,0.0244,0
5343,1,42,1,0.0238,0
5344,0,241,28,0.1162,0
5344,1,39,3,0.0769,0
5345,0,209,6,0.0287,0
5345,1,56,2,0.0357,0
5346,0,201,2,0.01,0
5346,1,33,1,0.0303,0
5347,0,171,0,0.0,0
5347,1,34,0,0.0,0
5348,0,192,18,0.0938,0
5348,1,39,3,0.0769,0
5349,0,198,1,0.0051,0
5349,1,28,0,0.0,0
5350,0,234,21,0.0897,0
5350,1,38,4,0.1053,0
5351,0,236,24,0.1017,0
5351,1,59,2,0.0339,0
5352,0,226,28,0.1239,0
5352,1,72,6,0.0833,0
5353,0,210,7,0.0333,0
5353,1,18,0,0.0,0
5354,0,227,11,0.0485,0
5354,1,31,2,0.0645,0
5355,0,196,6,0.0306,0
5355,1,26,0,0.0,0
5356,0,225,30,0.1333,0
5356,1,24,2,0.0833,0
5357,0,215,0,0.0,0
5357,1,22,0,0.0,0
5358,0,140,1,0.0071,0
5358,1,56,0,0.0,0
5359,0,208,27,0.1298,0
5359,1,50,4,0.08,0
5360,0,202,6,0.0297,0
5360,1,31,0,0.0,0
5361,0,173,3,0.0173,0
5361,1,40,0,0.0,0
5362,0,171,2,0.0117,0
5362,1,53,2,0.0377,0
5363,0,114,1,0.0088,0
5363,1,25,0,0.0,0
5364,0,210,1,0.0048,0
5364,1,34,1,0.0294,0
5365,0,184,4,0.0217,0
5365,1,42,0,0.0,0
5366,0,192,1,0.0052,0
5366,1,15,0,0.0,0
5367,0,145,2,0.0138,0
5367,1,43,0,0.0,0
5368,0,216,37,0.1713,0
5368,1,28,1,0.0357,0
5369,0,172,8,0.0465,0
5369,1,64,3,0.0469,0
5370,0,166,0,0.0,0
5370,1,38,0,0.0,0
5371,0,205,1,0.0049,0
5371,1,17,1,0.0588,0
5372,0,148,1,0.0068,0
5372,1,53,1,0.0189,0
5373,0,142,1,0.007,0
5373,1,34,0,0.0,0
5374,0,197,2,0.0102,0
5374,1,39,1,0.0256,0
5375,0,188,1,0.0053,0
5375,1,61,0,0.0,0
5376,0,217,30,0.1382,0
5376,1,66,5,0.0758,0
5377,0,170,13,0.0765,0
5377,1,61,4,0.0656,0
5378,0,204,1,0.0049,0
5378,1,20,0,0.0,0
5379,0,213,4,0.0188,0
5379,1,17,0,0.0,0
5380,0,191,0,0.0,0
5380,1,25,0,0.0,0
5381,0,187,9,0.0481,0
5381,1,40,1,0.025,0
5382,0,189,3,0.0159,0
5382,1,53,0,0.0,0
5383,0,219,2,0.0091,0
5383,1,25,0,0.0,0
5384,0,166,3,0.0181,0
5384,1,58,1,0.0172,0
5385,0,186,2,0.0108,0
5385,1,35,0,0.0,0
5386,0,245,11,0.0449,0
5386,1,25,1,0.04,0
5387,0,153,0,0.0,0
5387,1,48,0,0.0,0
5388,0,209,11,0.0526,0
5388,1,22,1,0.0455,0
5389,0,231,2,0.0087,0
5389,1,43,0,0.0,0
5390,0,157,1,0.0064,0
5390,1,36,1,0.0278,0
5391,0,145,0,0.0,0
5391,1,48,0,0.0,0
5392,0,181,0,0.0,0
5392,1,51,0,0.0,0
5393,0,182,0,0.0,0
5393,1,26,0,0.0,0
5394,0,221,6,0.0271,0
5394,1,33,0,0.0,0
5395,0,144,4,0.0278,0
5395,1,51,2,0.0392,0
5396,0,199,1,0.005,0
5396,1,19,0,0.0,0
5397,0,160,0,0.0,0
5397,1,48,0,0.0,0
5398,0,215,8,0.0372,0
5398,1,67,2,0.0299,0
5399,0,178,0,0.0,0
5399,1,14,0,0.0,0
5400,0,206,3,0.0146,0
5400,1,22,0,0.0,0
5401,0,110,2,0.0182,0
5401,1,26,0,0.0,0
5402,0,131,0,0.0,0
5402,1,44,0,0.0,0
5403,0,176,0,0.0,0
5403,1,26,1,0.0385,0
5404,0,187,2,0.0107,0
5404,1,52,0,0.0,0
5405,0,200,3,0.015,0
5405,1,22,0,0.0,0
5406,0,155,0,0.0,0
5406,1,60,0,0.0,0
5407,0,152,2,0.0132,0
5407,1,54,0,0.0,0
5408,0,92,0,0.0,0
5408,1,13,0,0.0,0
5409,0,157,3,0.0191,0
5409,1,42,1,0.0238,0
5410,0,151,1,0.0066,0
5410,1,25,0,0.0,0
5411,0,186,1,0.0054,0
5411,1,23,0,0.0,0
5412,0,170,1,0.0059,0
5412,1,40,0,0.0,0
5413,0,166,1,0.006,0
5413,1,39,0,0.0,0
5414,0,55,0,0.0,0
5414,1,7,0,0.0,1
5415,0,154,0,0.0,0
5415,1,21,0,0.0,0
5416,0,186,8,0.043,0
5416,1,26,1,0.0385,0
5417,0,165,5,0.0303,0
5417,1,38,0,0.0,0
5418,0,165,0,0.0,0
5418,1,32,0,0.0,0
5419,0,193,0,0.0,0
5419,1,27,0,0.0,0
5420,0,156,0,0.0,0
5420,1,41,0,0.0,0
5421,0,109,0,0.0,0
5421,1,10,0,0.0,0
5422,0,82,0,0.0,0
5422,1,14,0,0.0,0
5423,0,90,0,0.0,0
5423,1,12,0,0.0,0
5424,0,103,3,0.0291,0
5424,1,12,0,0.0,0
5425,0,119,0,0.0,0
5425,1,6,0,0.0,1
5426,0,106,0,0.0,0
5426,1,34,0,0.0,0
5427,0,150,1,0.0067,0
5427,1,28,0,0.0,0
5428,0,102,0,0.0,0
5428,1,13,0,0.0,0
5429,0,96,0,0.0,0
5429,1,19,0,0.0,0
5430,0,97,0,0.0,0
5430,1,12,0,0.0,0
5431,0,89,0,0.0,0
5431,1,20,0,0.0,0
5432,0,122,3,0.0246,0
5432,1,26,0,0.0,0
5433,0,120,0,0.0,0
5433,1,17,0,0.0,0
5434,0,139,3,0.0216,0
5434,1,14,0,0.0,0
5435,0,100,0,0.0,0
5435,1,19,0,0.0,0
5436,0,135,0,0.0,0
5436,1,9,0,0.0,1
5437,0,76,0,0.0,0
5437,1,22,0,0.0,0
5438,0,103,0,0.0,0
5438,1,21,0,0.0,0
5439,0,117,1,0.0085,0
5439,1,26,0,0.0,0
5440,0,117,0,0.0,0
5440,1,12,0,0.0,0
5441,0,124,5,0.0403,0
5441,1,24,1,0.0417,0
5442,0,107,0,0.0,0
5442,1,18,0,0.0,0
5443,0,97,0,0.0,0
5443,1,21,0,0.0,0
5444,0,107,0,0.0,0
5444,1,22,0,0.0,0
5445,0,50,0,0.0,0
5445,1,5,0,0.0,1
5446,0,29,0,0.0,0
5446,1,18,0,0.0,0
5447,0,62,0,0.0,0
5448,0,33,0,0.0,0
5448,1,22,0,0.0,0
5449,0,45,1,0.0222,0
5450,0,49,1,0.0204,0
5450,1,6,0,0.0,1
5451,0,33,0,0.0,0
5451,1,9,0,0.0,1
5452,0,45,0,0.0,0
5452,1,6,0,0.0,1
5453,0,59,1,0.0169,0
5453,1,10,0,0.0,0
5454,0,62,0,0.0,0
5454,1,6,0,0.0,1
5455,0,60,0,0.0,0
5455,1,14,0,0.0,0
5456,0,65,0,0.0,0
5456,1,3,0,0.0,1
5457,0,43,0,0.0,0
5457,1,20,0,0.0,0
5458,0,57,1,0.0175,0
5458,1,6,0,0.0,1
5459,0,49,0,0.0,0
5459,1,5,0,0.0,1
5460,0,72,1,0.0139,0
5460,1,11,0,0.0,0
5461,0,50,0,0.0,0
5461,1,3,0,0.0,1
5462,0,49,0,0.0,0
5462,1,4,0,0.0,1
5463,0,47,0,0.0,0
5463,1,7,0,0.0,1
5464,0,46,0,0.0,0
5464,1,15,0,0.0,0
5465,0,50,0,0.0,0
5466,0,57,0,0.0,0
5467,0,58,2,0.0345,0
5467,1,5,0,0.0,1
5468,0,50,0,0.0,0
5468,1,8,0,0.0,1
5469,0,51,0,0.0,0
5469,1,6,0,0.0,1
5470,0,54,0,0.0,0
5470,1,3,0,0.0,1
5471,0,64,0,0.0,0
5471,1,15,0,0.0,0
5472,0,42,0,0.0,0
5472,1,5,0,0.0,1
