venue_code,races,hit_top1_rate,hit_top2_rate,avg_brier_score,low_sample
1,48,0.5417,0.7917,0.0966,0
10,48,0.6458,0.7292,0.0898,0
11,104,0.5769,0.7885,0.0946,0
12,66,0.6515,0.8182,0.0903,0
13,140,0.5643,0.8214,0.0945,0
14,108,0.4167,0.6111,0.1241,0
15,101,0.4851,0.6832,0.1106,0
16,108,0.4815,0.6574,0.1178,0
17,36,0.5556,0.7222,0.1007,0
18,103,0.6505,0.8058,0.0899,0
19,113,0.6814,0.8142,0.0843,0
2,120,0.525,0.7083,0.1058,0
20,72,0.5833,0.7778,0.1029,0
21,72,0.5972,0.8889,0.0911,0
22,125,0.616,0.776,0.093,0
23,83,0.506,0.759,0.1041,0
24,62,0.5645,0.7903,0.0997,0
3,108,0.5741,0.75,0.0997,0
4,103,0.3592,0.5922,0.1302,0
5,104,0.5769,0.7981,0.097,0
6,96,0.5625,0.7292,0.1052,0
7,65,0.6308,0.7692,0.0966,0
8,91,0.5714,0.7582,0.0997,0
9,138,0.6087,0.8261,0.0929,0
